-- NSRIT Seed Data

-- Admins
INSERT INTO admins (username, password_hash) VALUES ('admin', 'scrypt:32768:8:1$wYydO8EjxeifQ6x5$3d5d761ccd9aae8467069d96632999598c63f4ac4796d336a0a117a5c9dabd1ffea7118f161a6fae9579082be19ea6d0889a237ab7fe350ecc288d099add87d7');

-- Teachers
INSERT INTO teachers (teacher_id, name, department) VALUES ('TCH001', 'Prof. Swathi Singh', 'ECE');
INSERT INTO teachers (teacher_id, name, department) VALUES ('TCH002', 'Prof. Akhil Goud', 'MECH');
INSERT INTO teachers (teacher_id, name, department) VALUES ('TCH003', 'Prof. Anil Rao', 'EEE');
INSERT INTO teachers (teacher_id, name, department) VALUES ('TCH004', 'Prof. Sai Singh', 'ECE');
INSERT INTO teachers (teacher_id, name, department) VALUES ('TCH005', 'Prof. Ramesh Goud', 'EEE');
INSERT INTO teachers (teacher_id, name, department) VALUES ('TCH006', 'Prof. Swathi Patel', 'CSE');
INSERT INTO teachers (teacher_id, name, department) VALUES ('TCH007', 'Prof. Akhil Patel', 'EEE');
INSERT INTO teachers (teacher_id, name, department) VALUES ('TCH008', 'Prof. Sowmya Das', 'CIVIL');
INSERT INTO teachers (teacher_id, name, department) VALUES ('TCH009', 'Prof. Rakesh Gupta', 'CSE');
INSERT INTO teachers (teacher_id, name, department) VALUES ('TCH010', 'Prof. Sowmya Mishra', 'IT');
INSERT INTO teachers (teacher_id, name, department) VALUES ('TCH011', 'Prof. Divya Kumar', 'EEE');
INSERT INTO teachers (teacher_id, name, department) VALUES ('TCH012', 'Prof. Ravi Mishra', 'CIVIL');
INSERT INTO teachers (teacher_id, name, department) VALUES ('TCH013', 'Prof. Ravi Sharma', 'EEE');
INSERT INTO teachers (teacher_id, name, department) VALUES ('TCH014', 'Prof. Kumar Varma', 'EEE');

-- Subjects
INSERT INTO subjects (subject_code, name, branch, semester, credits) VALUES 
('CS101', 'Programming in C', 'CSE', '1-1', 4),
('MA101', 'Maths I', 'CSE', '1-1', 4),
('PH101', 'Physics', 'CSE', '1-1', 3),
('CS201', 'Data Structures', 'CSE', '1-2', 4),
('CS202', 'OOPs', 'CSE', '1-2', 4);

-- Students and Data
INSERT INTO students (roll_no, admission_no, name, branch, section, year, gender, dob, religion, phone, email, aadhar, address, father_name, mother_name, parents_occupation, parents_mobile, annual_income, joining_date, photo_url, is_hosteller, password_hash) VALUES ('24CSE100', 'ADM24CSE100', 'Akhil Das', 'CSE', 'A', 1, 'Female', '2005-09-26', 'Christian', '9848174233', '24cse100@nsrit.edu.in', '5701-4533-5598', 'H.No 220, Street 14, Visakhapatnam, AP', 'Naidu Hari', 'Hari Gupta', 'Engineer', '9848174233', 789227, '2024-07-15', 'https://api.dicebear.com/7.x/avataaars/svg?seed=24CSE100', 1, 'scrypt:32768:8:1$ARD8iu2R30ZgOvjn$0c28fb2c347ac069a47026ad5d1f981cf505bbde11b1e3626b8a21147aa73e5d94d807b682b1299e2029c5c2f76884672524bbc1c3de85f345c28f406888dfe1');
INSERT INTO mentors (student_roll_no, teacher_id) VALUES ('24CSE100', 'TCH013');
INSERT INTO marks (student_roll_no, subject_id, grade, grade_point, credits) VALUES ('24CSE100', 1, 'A', 8, 4);
INSERT INTO internal_marks (student_roll_no, subject_id, mid1, mid2, online_tests, assignments) VALUES ('24CSE100', 1, 21, 22, 10, 5);
INSERT INTO marks (student_roll_no, subject_id, grade, grade_point, credits) VALUES ('24CSE100', 2, 'A', 8, 4);
INSERT INTO internal_marks (student_roll_no, subject_id, mid1, mid2, online_tests, assignments) VALUES ('24CSE100', 2, 22, 15, 10, 5);
INSERT INTO marks (student_roll_no, subject_id, grade, grade_point, credits) VALUES ('24CSE100', 3, 'O', 10, 4);
INSERT INTO internal_marks (student_roll_no, subject_id, mid1, mid2, online_tests, assignments) VALUES ('24CSE100', 3, 19, 25, 10, 5);
INSERT INTO semester_results (student_roll_no, semester, sgpa, cgpa, total_credits, percentage) VALUES ('24CSE100',  '1-1', 8.5, 8.5,  11,  80.0);
INSERT INTO cgpa (student_roll_no, cgpa, total_credits, total_percentage) VALUES ('24CSE100', 8.5, 11, 80.0);
INSERT INTO attendance (student_roll_no, date, status, subject_id, semester) VALUES ('24CSE100', '2025-02-01', 'Present', 1, '1-1');
INSERT INTO attendance (student_roll_no, date, status, subject_id, semester) VALUES ('24CSE100', '2025-02-02', 'Present', 1, '1-1');
INSERT INTO attendance (student_roll_no, date, status, subject_id, semester) VALUES ('24CSE100', '2025-02-03', 'Present', 1, '1-1');
INSERT INTO attendance (student_roll_no, date, status, subject_id, semester) VALUES ('24CSE100', '2025-02-04', 'Present', 1, '1-1');
INSERT INTO attendance (student_roll_no, date, status, subject_id, semester) VALUES ('24CSE100', '2025-02-05', 'Present', 1, '1-1');
INSERT INTO attendance (student_roll_no, date, status, subject_id, semester) VALUES ('24CSE100', '2025-02-06', 'Present', 1, '1-1');
INSERT INTO attendance (student_roll_no, date, status, subject_id, semester) VALUES ('24CSE100', '2025-02-07', 'Present', 1, '1-1');
INSERT INTO attendance (student_roll_no, date, status, subject_id, semester) VALUES ('24CSE100', '2025-02-08', 'Absent', 1, '1-1');
INSERT INTO attendance (student_roll_no, date, status, subject_id, semester) VALUES ('24CSE100', '2025-02-09', 'Present', 1, '1-1');
INSERT INTO attendance (student_roll_no, date, status, subject_id, semester) VALUES ('24CSE100', '2025-02-10', 'Present', 1, '1-1');
INSERT INTO attendance (student_roll_no, date, status, subject_id, semester) VALUES ('24CSE100', '2025-02-11', 'Absent', 1, '1-1');
INSERT INTO attendance (student_roll_no, date, status, subject_id, semester) VALUES ('24CSE100', '2025-02-12', 'Present', 1, '1-1');
INSERT INTO attendance (student_roll_no, date, status, subject_id, semester) VALUES ('24CSE100', '2025-02-13', 'Present', 1, '1-1');
INSERT INTO attendance (student_roll_no, date, status, subject_id, semester) VALUES ('24CSE100', '2025-02-14', 'Present', 1, '1-1');
INSERT INTO attendance (student_roll_no, date, status, subject_id, semester) VALUES ('24CSE100', '2025-02-15', 'Present', 1, '1-1');
INSERT INTO attendance (student_roll_no, date, status, subject_id, semester) VALUES ('24CSE100', '2025-02-16', 'Present', 1, '1-1');
INSERT INTO attendance (student_roll_no, date, status, subject_id, semester) VALUES ('24CSE100', '2025-02-17', 'Present', 1, '1-1');
INSERT INTO attendance (student_roll_no, date, status, subject_id, semester) VALUES ('24CSE100', '2025-02-18', 'Present', 1, '1-1');
INSERT INTO attendance (student_roll_no, date, status, subject_id, semester) VALUES ('24CSE100', '2025-02-19', 'Present', 1, '1-1');
INSERT INTO fees (student_roll_no, academic_year, tuition_fees, convener_fees, due_date, paid_fees) VALUES ('24CSE100', '2024-25', 50000, 15000, '2025-05-15', 30000);
INSERT INTO outing_records (roll_number, date, reason) VALUES ('24CSE100', '2025-03-01', 'Weekend home');
INSERT INTO students (roll_no, admission_no, name, branch, section, year, gender, dob, religion, phone, email, aadhar, address, father_name, mother_name, parents_occupation, parents_mobile, annual_income, joining_date, photo_url, is_hosteller, password_hash) VALUES ('21MECH101', 'ADM21MECH101', 'Priya Yadav', 'MECH', 'C', 4, 'Female', '2005-09-19', 'Hindu', '9848369281', '21mech101@nsrit.edu.in', '7268-7149-9052', 'H.No 120, Street 20, Visakhapatnam, AP', 'Naidu Sowmya', 'Priya Kumar', 'Engineer', '9848369281', 396655, '2023-07-15', 'https://api.dicebear.com/7.x/avataaars/svg?seed=21MECH101', 0, 'scrypt:32768:8:1$ARD8iu2R30ZgOvjn$0c28fb2c347ac069a47026ad5d1f981cf505bbde11b1e3626b8a21147aa73e5d94d807b682b1299e2029c5c2f76884672524bbc1c3de85f345c28f406888dfe1');
INSERT INTO mentors (student_roll_no, teacher_id) VALUES ('21MECH101', 'TCH013');
INSERT INTO marks (student_roll_no, subject_id, grade, grade_point, credits) VALUES ('21MECH101', 1, 'C', 5, 4);
INSERT INTO internal_marks (student_roll_no, subject_id, mid1, mid2, online_tests, assignments) VALUES ('21MECH101', 1, 18, 22, 10, 5);
INSERT INTO marks (student_roll_no, subject_id, grade, grade_point, credits) VALUES ('21MECH101', 2, 'C', 5, 4);
INSERT INTO internal_marks (student_roll_no, subject_id, mid1, mid2, online_tests, assignments) VALUES ('21MECH101', 2, 18, 17, 10, 5);
INSERT INTO marks (student_roll_no, subject_id, grade, grade_point, credits) VALUES ('21MECH101', 3, 'C', 5, 4);
INSERT INTO internal_marks (student_roll_no, subject_id, mid1, mid2, online_tests, assignments) VALUES ('21MECH101', 3, 18, 17, 10, 5);
INSERT INTO semester_results (student_roll_no, semester, sgpa, cgpa, total_credits, percentage) VALUES ('21MECH101',  '1-1', 8.5, 8.5,  11,  80.0);
INSERT INTO cgpa (student_roll_no, cgpa, total_credits, total_percentage) VALUES ('21MECH101', 8.5, 11, 80.0);
INSERT INTO attendance (student_roll_no, date, status, subject_id, semester) VALUES ('21MECH101', '2025-02-01', 'Present', 1, '1-1');
INSERT INTO attendance (student_roll_no, date, status, subject_id, semester) VALUES ('21MECH101', '2025-02-02', 'Present', 1, '1-1');
INSERT INTO attendance (student_roll_no, date, status, subject_id, semester) VALUES ('21MECH101', '2025-02-03', 'Present', 1, '1-1');
INSERT INTO attendance (student_roll_no, date, status, subject_id, semester) VALUES ('21MECH101', '2025-02-04', 'Present', 1, '1-1');
INSERT INTO attendance (student_roll_no, date, status, subject_id, semester) VALUES ('21MECH101', '2025-02-05', 'Present', 1, '1-1');
INSERT INTO attendance (student_roll_no, date, status, subject_id, semester) VALUES ('21MECH101', '2025-02-06', 'Absent', 1, '1-1');
INSERT INTO attendance (student_roll_no, date, status, subject_id, semester) VALUES ('21MECH101', '2025-02-07', 'Absent', 1, '1-1');
INSERT INTO attendance (student_roll_no, date, status, subject_id, semester) VALUES ('21MECH101', '2025-02-08', 'Present', 1, '1-1');
INSERT INTO attendance (student_roll_no, date, status, subject_id, semester) VALUES ('21MECH101', '2025-02-09', 'Present', 1, '1-1');
INSERT INTO attendance (student_roll_no, date, status, subject_id, semester) VALUES ('21MECH101', '2025-02-10', 'Present', 1, '1-1');
INSERT INTO attendance (student_roll_no, date, status, subject_id, semester) VALUES ('21MECH101', '2025-02-11', 'Present', 1, '1-1');
INSERT INTO attendance (student_roll_no, date, status, subject_id, semester) VALUES ('21MECH101', '2025-02-12', 'Present', 1, '1-1');
INSERT INTO attendance (student_roll_no, date, status, subject_id, semester) VALUES ('21MECH101', '2025-02-13', 'Present', 1, '1-1');
INSERT INTO attendance (student_roll_no, date, status, subject_id, semester) VALUES ('21MECH101', '2025-02-14', 'Present', 1, '1-1');
INSERT INTO attendance (student_roll_no, date, status, subject_id, semester) VALUES ('21MECH101', '2025-02-15', 'Present', 1, '1-1');
INSERT INTO attendance (student_roll_no, date, status, subject_id, semester) VALUES ('21MECH101', '2025-02-16', 'Present', 1, '1-1');
INSERT INTO attendance (student_roll_no, date, status, subject_id, semester) VALUES ('21MECH101', '2025-02-17', 'Present', 1, '1-1');
INSERT INTO attendance (student_roll_no, date, status, subject_id, semester) VALUES ('21MECH101', '2025-02-18', 'Present', 1, '1-1');
INSERT INTO attendance (student_roll_no, date, status, subject_id, semester) VALUES ('21MECH101', '2025-02-19', 'Present', 1, '1-1');
INSERT INTO fees (student_roll_no, academic_year, tuition_fees, convener_fees, due_date, paid_fees) VALUES ('21MECH101', '2024-25', 50000, 15000, '2025-05-15', 30000);
INSERT INTO students (roll_no, admission_no, name, branch, section, year, gender, dob, religion, phone, email, aadhar, address, father_name, mother_name, parents_occupation, parents_mobile, annual_income, joining_date, photo_url, is_hosteller, password_hash) VALUES ('22MECH102', 'ADM22MECH102', 'Praveen Rao', 'MECH', 'C', 3, 'Male', '2005-10-09', 'Sikh', '9848897513', '22mech102@nsrit.edu.in', '7067-7912-8081', 'H.No 427, Street 17, Visakhapatnam, AP', 'Naidu Divya', 'Ravi Kumar', 'Business', '9848897513', 980316, '2023-07-15', 'https://api.dicebear.com/7.x/avataaars/svg?seed=22MECH102', 0, 'scrypt:32768:8:1$ARD8iu2R30ZgOvjn$0c28fb2c347ac069a47026ad5d1f981cf505bbde11b1e3626b8a21147aa73e5d94d807b682b1299e2029c5c2f76884672524bbc1c3de85f345c28f406888dfe1');
INSERT INTO mentors (student_roll_no, teacher_id) VALUES ('22MECH102', 'TCH009');
INSERT INTO marks (student_roll_no, subject_id, grade, grade_point, credits) VALUES ('22MECH102', 1, 'A+', 9, 4);
INSERT INTO internal_marks (student_roll_no, subject_id, mid1, mid2, online_tests, assignments) VALUES ('22MECH102', 1, 15, 17, 10, 5);
INSERT INTO marks (student_roll_no, subject_id, grade, grade_point, credits) VALUES ('22MECH102', 2, 'A', 8, 4);
INSERT INTO internal_marks (student_roll_no, subject_id, mid1, mid2, online_tests, assignments) VALUES ('22MECH102', 2, 21, 22, 10, 5);
INSERT INTO marks (student_roll_no, subject_id, grade, grade_point, credits) VALUES ('22MECH102', 3, 'A', 8, 4);
INSERT INTO internal_marks (student_roll_no, subject_id, mid1, mid2, online_tests, assignments) VALUES ('22MECH102', 3, 16, 22, 10, 5);
INSERT INTO semester_results (student_roll_no, semester, sgpa, cgpa, total_credits, percentage) VALUES ('22MECH102',  '1-1', 8.5, 8.5,  11,  80.0);
INSERT INTO cgpa (student_roll_no, cgpa, total_credits, total_percentage) VALUES ('22MECH102', 8.5, 11, 80.0);
INSERT INTO attendance (student_roll_no, date, status, subject_id, semester) VALUES ('22MECH102', '2025-02-01', 'Present', 1, '1-1');
INSERT INTO attendance (student_roll_no, date, status, subject_id, semester) VALUES ('22MECH102', '2025-02-02', 'Present', 1, '1-1');
INSERT INTO attendance (student_roll_no, date, status, subject_id, semester) VALUES ('22MECH102', '2025-02-03', 'Present', 1, '1-1');
INSERT INTO attendance (student_roll_no, date, status, subject_id, semester) VALUES ('22MECH102', '2025-02-04', 'Present', 1, '1-1');
INSERT INTO attendance (student_roll_no, date, status, subject_id, semester) VALUES ('22MECH102', '2025-02-05', 'Absent', 1, '1-1');
INSERT INTO attendance (student_roll_no, date, status, subject_id, semester) VALUES ('22MECH102', '2025-02-06', 'Absent', 1, '1-1');
INSERT INTO attendance (student_roll_no, date, status, subject_id, semester) VALUES ('22MECH102', '2025-02-07', 'Present', 1, '1-1');
INSERT INTO attendance (student_roll_no, date, status, subject_id, semester) VALUES ('22MECH102', '2025-02-08', 'Present', 1, '1-1');
INSERT INTO attendance (student_roll_no, date, status, subject_id, semester) VALUES ('22MECH102', '2025-02-09', 'Present', 1, '1-1');
INSERT INTO attendance (student_roll_no, date, status, subject_id, semester) VALUES ('22MECH102', '2025-02-10', 'Present', 1, '1-1');
INSERT INTO attendance (student_roll_no, date, status, subject_id, semester) VALUES ('22MECH102', '2025-02-11', 'Present', 1, '1-1');
INSERT INTO attendance (student_roll_no, date, status, subject_id, semester) VALUES ('22MECH102', '2025-02-12', 'Present', 1, '1-1');
INSERT INTO attendance (student_roll_no, date, status, subject_id, semester) VALUES ('22MECH102', '2025-02-13', 'Absent', 1, '1-1');
INSERT INTO attendance (student_roll_no, date, status, subject_id, semester) VALUES ('22MECH102', '2025-02-14', 'Present', 1, '1-1');
INSERT INTO attendance (student_roll_no, date, status, subject_id, semester) VALUES ('22MECH102', '2025-02-15', 'Present', 1, '1-1');
INSERT INTO attendance (student_roll_no, date, status, subject_id, semester) VALUES ('22MECH102', '2025-02-16', 'Present', 1, '1-1');
INSERT INTO attendance (student_roll_no, date, status, subject_id, semester) VALUES ('22MECH102', '2025-02-17', 'Present', 1, '1-1');
INSERT INTO attendance (student_roll_no, date, status, subject_id, semester) VALUES ('22MECH102', '2025-02-18', 'Absent', 1, '1-1');
INSERT INTO attendance (student_roll_no, date, status, subject_id, semester) VALUES ('22MECH102', '2025-02-19', 'Present', 1, '1-1');
INSERT INTO fees (student_roll_no, academic_year, tuition_fees, convener_fees, due_date, paid_fees) VALUES ('22MECH102', '2024-25', 50000, 15000, '2025-05-15', 30000);
INSERT INTO students (roll_no, admission_no, name, branch, section, year, gender, dob, religion, phone, email, aadhar, address, father_name, mother_name, parents_occupation, parents_mobile, annual_income, joining_date, photo_url, is_hosteller, password_hash) VALUES ('23CSE103', 'ADM23CSE103', 'Praveen Chowdary', 'CSE', 'C', 2, 'Male', '2005-11-30', 'Muslim', '9848524787', '23cse103@nsrit.edu.in', '5733-2814-5311', 'H.No 153, Street 17, Visakhapatnam, AP', 'Mishra Karthik', 'Praveen Gupta', 'Doctor', '9848524787', 476194, '2023-07-15', 'https://api.dicebear.com/7.x/avataaars/svg?seed=23CSE103', 0, 'scrypt:32768:8:1$ARD8iu2R30ZgOvjn$0c28fb2c347ac069a47026ad5d1f981cf505bbde11b1e3626b8a21147aa73e5d94d807b682b1299e2029c5c2f76884672524bbc1c3de85f345c28f406888dfe1');
INSERT INTO mentors (student_roll_no, teacher_id) VALUES ('23CSE103', 'TCH013');
INSERT INTO marks (student_roll_no, subject_id, grade, grade_point, credits) VALUES ('23CSE103', 1, 'A', 8, 4);
INSERT INTO internal_marks (student_roll_no, subject_id, mid1, mid2, online_tests, assignments) VALUES ('23CSE103', 1, 19, 17, 10, 5);
INSERT INTO marks (student_roll_no, subject_id, grade, grade_point, credits) VALUES ('23CSE103', 2, 'C', 5, 4);
INSERT INTO internal_marks (student_roll_no, subject_id, mid1, mid2, online_tests, assignments) VALUES ('23CSE103', 2, 23, 17, 10, 5);
INSERT INTO marks (student_roll_no, subject_id, grade, grade_point, credits) VALUES ('23CSE103', 3, 'C', 5, 4);
INSERT INTO internal_marks (student_roll_no, subject_id, mid1, mid2, online_tests, assignments) VALUES ('23CSE103', 3, 17, 24, 10, 5);
INSERT INTO semester_results (student_roll_no, semester, sgpa, cgpa, total_credits, percentage) VALUES ('23CSE103',  '1-1', 8.5, 8.5,  11,  80.0);
INSERT INTO cgpa (student_roll_no, cgpa, total_credits, total_percentage) VALUES ('23CSE103', 8.5, 11, 80.0);
INSERT INTO attendance (student_roll_no, date, status, subject_id, semester) VALUES ('23CSE103', '2025-02-01', 'Present', 1, '1-1');
INSERT INTO attendance (student_roll_no, date, status, subject_id, semester) VALUES ('23CSE103', '2025-02-02', 'Present', 1, '1-1');
INSERT INTO attendance (student_roll_no, date, status, subject_id, semester) VALUES ('23CSE103', '2025-02-03', 'Present', 1, '1-1');
INSERT INTO attendance (student_roll_no, date, status, subject_id, semester) VALUES ('23CSE103', '2025-02-04', 'Present', 1, '1-1');
INSERT INTO attendance (student_roll_no, date, status, subject_id, semester) VALUES ('23CSE103', '2025-02-05', 'Present', 1, '1-1');
INSERT INTO attendance (student_roll_no, date, status, subject_id, semester) VALUES ('23CSE103', '2025-02-06', 'Present', 1, '1-1');
INSERT INTO attendance (student_roll_no, date, status, subject_id, semester) VALUES ('23CSE103', '2025-02-07', 'Present', 1, '1-1');
INSERT INTO attendance (student_roll_no, date, status, subject_id, semester) VALUES ('23CSE103', '2025-02-08', 'Present', 1, '1-1');
INSERT INTO attendance (student_roll_no, date, status, subject_id, semester) VALUES ('23CSE103', '2025-02-09', 'Absent', 1, '1-1');
INSERT INTO attendance (student_roll_no, date, status, subject_id, semester) VALUES ('23CSE103', '2025-02-10', 'Present', 1, '1-1');
INSERT INTO attendance (student_roll_no, date, status, subject_id, semester) VALUES ('23CSE103', '2025-02-11', 'Present', 1, '1-1');
INSERT INTO attendance (student_roll_no, date, status, subject_id, semester) VALUES ('23CSE103', '2025-02-12', 'Absent', 1, '1-1');
INSERT INTO attendance (student_roll_no, date, status, subject_id, semester) VALUES ('23CSE103', '2025-02-13', 'Present', 1, '1-1');
INSERT INTO attendance (student_roll_no, date, status, subject_id, semester) VALUES ('23CSE103', '2025-02-14', 'Present', 1, '1-1');
INSERT INTO attendance (student_roll_no, date, status, subject_id, semester) VALUES ('23CSE103', '2025-02-15', 'Absent', 1, '1-1');
INSERT INTO attendance (student_roll_no, date, status, subject_id, semester) VALUES ('23CSE103', '2025-02-16', 'Absent', 1, '1-1');
INSERT INTO attendance (student_roll_no, date, status, subject_id, semester) VALUES ('23CSE103', '2025-02-17', 'Absent', 1, '1-1');
INSERT INTO attendance (student_roll_no, date, status, subject_id, semester) VALUES ('23CSE103', '2025-02-18', 'Present', 1, '1-1');
INSERT INTO attendance (student_roll_no, date, status, subject_id, semester) VALUES ('23CSE103', '2025-02-19', 'Present', 1, '1-1');
INSERT INTO fees (student_roll_no, academic_year, tuition_fees, convener_fees, due_date, paid_fees) VALUES ('23CSE103', '2024-25', 50000, 15000, '2025-05-15', 30000);
INSERT INTO students (roll_no, admission_no, name, branch, section, year, gender, dob, religion, phone, email, aadhar, address, father_name, mother_name, parents_occupation, parents_mobile, annual_income, joining_date, photo_url, is_hosteller, password_hash) VALUES ('21CIVIL104', 'ADM21CIVIL104', 'Gayathri Singh', 'CIVIL', 'B', 4, 'Male', '2005-02-05', 'Sikh', '9848174833', '21civil104@nsrit.edu.in', '7228-4422-7695', 'H.No 8, Street 6, Visakhapatnam, AP', 'Varma Prasad', 'Kiran Kumar', 'Business', '9848174833', 582391, '2023-07-15', 'https://api.dicebear.com/7.x/avataaars/svg?seed=21CIVIL104', 0, 'scrypt:32768:8:1$ARD8iu2R30ZgOvjn$0c28fb2c347ac069a47026ad5d1f981cf505bbde11b1e3626b8a21147aa73e5d94d807b682b1299e2029c5c2f76884672524bbc1c3de85f345c28f406888dfe1');
INSERT INTO mentors (student_roll_no, teacher_id) VALUES ('21CIVIL104', 'TCH009');
INSERT INTO marks (student_roll_no, subject_id, grade, grade_point, credits) VALUES ('21CIVIL104', 1, 'B', 6, 4);
INSERT INTO internal_marks (student_roll_no, subject_id, mid1, mid2, online_tests, assignments) VALUES ('21CIVIL104', 1, 15, 25, 10, 5);
INSERT INTO marks (student_roll_no, subject_id, grade, grade_point, credits) VALUES ('21CIVIL104', 2, 'A+', 9, 4);
INSERT INTO internal_marks (student_roll_no, subject_id, mid1, mid2, online_tests, assignments) VALUES ('21CIVIL104', 2, 15, 22, 10, 5);
INSERT INTO marks (student_roll_no, subject_id, grade, grade_point, credits) VALUES ('21CIVIL104', 3, 'A', 8, 4);
INSERT INTO internal_marks (student_roll_no, subject_id, mid1, mid2, online_tests, assignments) VALUES ('21CIVIL104', 3, 25, 22, 10, 5);
INSERT INTO semester_results (student_roll_no, semester, sgpa, cgpa, total_credits, percentage) VALUES ('21CIVIL104',  '1-1', 8.5, 8.5,  11,  80.0);
INSERT INTO cgpa (student_roll_no, cgpa, total_credits, total_percentage) VALUES ('21CIVIL104', 8.5, 11, 80.0);
INSERT INTO attendance (student_roll_no, date, status, subject_id, semester) VALUES ('21CIVIL104', '2025-02-01', 'Present', 1, '1-1');
INSERT INTO attendance (student_roll_no, date, status, subject_id, semester) VALUES ('21CIVIL104', '2025-02-02', 'Present', 1, '1-1');
INSERT INTO attendance (student_roll_no, date, status, subject_id, semester) VALUES ('21CIVIL104', '2025-02-03', 'Present', 1, '1-1');
INSERT INTO attendance (student_roll_no, date, status, subject_id, semester) VALUES ('21CIVIL104', '2025-02-04', 'Present', 1, '1-1');
INSERT INTO attendance (student_roll_no, date, status, subject_id, semester) VALUES ('21CIVIL104', '2025-02-05', 'Present', 1, '1-1');
INSERT INTO attendance (student_roll_no, date, status, subject_id, semester) VALUES ('21CIVIL104', '2025-02-06', 'Present', 1, '1-1');
INSERT INTO attendance (student_roll_no, date, status, subject_id, semester) VALUES ('21CIVIL104', '2025-02-07', 'Present', 1, '1-1');
INSERT INTO attendance (student_roll_no, date, status, subject_id, semester) VALUES ('21CIVIL104', '2025-02-08', 'Present', 1, '1-1');
INSERT INTO attendance (student_roll_no, date, status, subject_id, semester) VALUES ('21CIVIL104', '2025-02-09', 'Present', 1, '1-1');
INSERT INTO attendance (student_roll_no, date, status, subject_id, semester) VALUES ('21CIVIL104', '2025-02-10', 'Present', 1, '1-1');
INSERT INTO attendance (student_roll_no, date, status, subject_id, semester) VALUES ('21CIVIL104', '2025-02-11', 'Present', 1, '1-1');
INSERT INTO attendance (student_roll_no, date, status, subject_id, semester) VALUES ('21CIVIL104', '2025-02-12', 'Present', 1, '1-1');
INSERT INTO attendance (student_roll_no, date, status, subject_id, semester) VALUES ('21CIVIL104', '2025-02-13', 'Present', 1, '1-1');
INSERT INTO attendance (student_roll_no, date, status, subject_id, semester) VALUES ('21CIVIL104', '2025-02-14', 'Present', 1, '1-1');
INSERT INTO attendance (student_roll_no, date, status, subject_id, semester) VALUES ('21CIVIL104', '2025-02-15', 'Present', 1, '1-1');
INSERT INTO attendance (student_roll_no, date, status, subject_id, semester) VALUES ('21CIVIL104', '2025-02-16', 'Present', 1, '1-1');
INSERT INTO attendance (student_roll_no, date, status, subject_id, semester) VALUES ('21CIVIL104', '2025-02-17', 'Present', 1, '1-1');
INSERT INTO attendance (student_roll_no, date, status, subject_id, semester) VALUES ('21CIVIL104', '2025-02-18', 'Present', 1, '1-1');
INSERT INTO attendance (student_roll_no, date, status, subject_id, semester) VALUES ('21CIVIL104', '2025-02-19', 'Present', 1, '1-1');
INSERT INTO fees (student_roll_no, academic_year, tuition_fees, convener_fees, due_date, paid_fees) VALUES ('21CIVIL104', '2024-25', 50000, 15000, '2025-05-15', 30000);
INSERT INTO students (roll_no, admission_no, name, branch, section, year, gender, dob, religion, phone, email, aadhar, address, father_name, mother_name, parents_occupation, parents_mobile, annual_income, joining_date, photo_url, is_hosteller, password_hash) VALUES ('23ECE105', 'ADM23ECE105', 'Praveen Kumar', 'ECE', 'C', 2, 'Female', '2005-12-09', 'Sikh', '9848189575', '23ece105@nsrit.edu.in', '6742-9143-6345', 'H.No 60, Street 1, Visakhapatnam, AP', 'Reddy Priya', 'Naveen Yadav', 'Farmer', '9848189575', 510864, '2023-07-15', 'https://api.dicebear.com/7.x/avataaars/svg?seed=23ECE105', 1, 'scrypt:32768:8:1$ARD8iu2R30ZgOvjn$0c28fb2c347ac069a47026ad5d1f981cf505bbde11b1e3626b8a21147aa73e5d94d807b682b1299e2029c5c2f76884672524bbc1c3de85f345c28f406888dfe1');
INSERT INTO mentors (student_roll_no, teacher_id) VALUES ('23ECE105', 'TCH004');
INSERT INTO marks (student_roll_no, subject_id, grade, grade_point, credits) VALUES ('23ECE105', 1, 'C', 5, 4);
INSERT INTO internal_marks (student_roll_no, subject_id, mid1, mid2, online_tests, assignments) VALUES ('23ECE105', 1, 23, 19, 10, 5);
INSERT INTO marks (student_roll_no, subject_id, grade, grade_point, credits) VALUES ('23ECE105', 2, 'A', 8, 4);
INSERT INTO internal_marks (student_roll_no, subject_id, mid1, mid2, online_tests, assignments) VALUES ('23ECE105', 2, 23, 21, 10, 5);
INSERT INTO marks (student_roll_no, subject_id, grade, grade_point, credits) VALUES ('23ECE105', 3, 'A+', 9, 4);
INSERT INTO internal_marks (student_roll_no, subject_id, mid1, mid2, online_tests, assignments) VALUES ('23ECE105', 3, 19, 16, 10, 5);
INSERT INTO semester_results (student_roll_no, semester, sgpa, cgpa, total_credits, percentage) VALUES ('23ECE105',  '1-1', 8.5, 8.5,  11,  80.0);
INSERT INTO cgpa (student_roll_no, cgpa, total_credits, total_percentage) VALUES ('23ECE105', 8.5, 11, 80.0);
INSERT INTO attendance (student_roll_no, date, status, subject_id, semester) VALUES ('23ECE105', '2025-02-01', 'Present', 1, '1-1');
INSERT INTO attendance (student_roll_no, date, status, subject_id, semester) VALUES ('23ECE105', '2025-02-02', 'Present', 1, '1-1');
INSERT INTO attendance (student_roll_no, date, status, subject_id, semester) VALUES ('23ECE105', '2025-02-03', 'Present', 1, '1-1');
INSERT INTO attendance (student_roll_no, date, status, subject_id, semester) VALUES ('23ECE105', '2025-02-04', 'Present', 1, '1-1');
INSERT INTO attendance (student_roll_no, date, status, subject_id, semester) VALUES ('23ECE105', '2025-02-05', 'Present', 1, '1-1');
INSERT INTO attendance (student_roll_no, date, status, subject_id, semester) VALUES ('23ECE105', '2025-02-06', 'Present', 1, '1-1');
INSERT INTO attendance (student_roll_no, date, status, subject_id, semester) VALUES ('23ECE105', '2025-02-07', 'Present', 1, '1-1');
INSERT INTO attendance (student_roll_no, date, status, subject_id, semester) VALUES ('23ECE105', '2025-02-08', 'Present', 1, '1-1');
INSERT INTO attendance (student_roll_no, date, status, subject_id, semester) VALUES ('23ECE105', '2025-02-09', 'Present', 1, '1-1');
INSERT INTO attendance (student_roll_no, date, status, subject_id, semester) VALUES ('23ECE105', '2025-02-10', 'Present', 1, '1-1');
INSERT INTO attendance (student_roll_no, date, status, subject_id, semester) VALUES ('23ECE105', '2025-02-11', 'Present', 1, '1-1');
INSERT INTO attendance (student_roll_no, date, status, subject_id, semester) VALUES ('23ECE105', '2025-02-12', 'Present', 1, '1-1');
INSERT INTO attendance (student_roll_no, date, status, subject_id, semester) VALUES ('23ECE105', '2025-02-13', 'Present', 1, '1-1');
INSERT INTO attendance (student_roll_no, date, status, subject_id, semester) VALUES ('23ECE105', '2025-02-14', 'Absent', 1, '1-1');
INSERT INTO attendance (student_roll_no, date, status, subject_id, semester) VALUES ('23ECE105', '2025-02-15', 'Present', 1, '1-1');
INSERT INTO attendance (student_roll_no, date, status, subject_id, semester) VALUES ('23ECE105', '2025-02-16', 'Present', 1, '1-1');
INSERT INTO attendance (student_roll_no, date, status, subject_id, semester) VALUES ('23ECE105', '2025-02-17', 'Present', 1, '1-1');
INSERT INTO attendance (student_roll_no, date, status, subject_id, semester) VALUES ('23ECE105', '2025-02-18', 'Present', 1, '1-1');
INSERT INTO attendance (student_roll_no, date, status, subject_id, semester) VALUES ('23ECE105', '2025-02-19', 'Present', 1, '1-1');
INSERT INTO fees (student_roll_no, academic_year, tuition_fees, convener_fees, due_date, paid_fees) VALUES ('23ECE105', '2024-25', 50000, 15000, '2025-05-15', 30000);
INSERT INTO outing_records (roll_number, date, reason) VALUES ('23ECE105', '2025-03-01', 'Weekend home');
INSERT INTO students (roll_no, admission_no, name, branch, section, year, gender, dob, religion, phone, email, aadhar, address, father_name, mother_name, parents_occupation, parents_mobile, annual_income, joining_date, photo_url, is_hosteller, password_hash) VALUES ('22CSE106', 'ADM22CSE106', 'Hari Mishra', 'CSE', 'A', 3, 'Female', '2005-06-19', 'Muslim', '9848635748', '22cse106@nsrit.edu.in', '4248-4804-3422', 'H.No 37, Street 12, Visakhapatnam, AP', 'Goud Venkata', 'Anil Varma', 'Engineer', '9848635748', 212339, '2023-07-15', 'https://api.dicebear.com/7.x/avataaars/svg?seed=22CSE106', 0, 'scrypt:32768:8:1$ARD8iu2R30ZgOvjn$0c28fb2c347ac069a47026ad5d1f981cf505bbde11b1e3626b8a21147aa73e5d94d807b682b1299e2029c5c2f76884672524bbc1c3de85f345c28f406888dfe1');
INSERT INTO mentors (student_roll_no, teacher_id) VALUES ('22CSE106', 'TCH009');
INSERT INTO marks (student_roll_no, subject_id, grade, grade_point, credits) VALUES ('22CSE106', 1, 'C', 5, 4);
INSERT INTO internal_marks (student_roll_no, subject_id, mid1, mid2, online_tests, assignments) VALUES ('22CSE106', 1, 15, 17, 10, 5);
INSERT INTO marks (student_roll_no, subject_id, grade, grade_point, credits) VALUES ('22CSE106', 2, 'A', 8, 4);
INSERT INTO internal_marks (student_roll_no, subject_id, mid1, mid2, online_tests, assignments) VALUES ('22CSE106', 2, 20, 15, 10, 5);
INSERT INTO marks (student_roll_no, subject_id, grade, grade_point, credits) VALUES ('22CSE106', 3, 'C', 5, 4);
INSERT INTO internal_marks (student_roll_no, subject_id, mid1, mid2, online_tests, assignments) VALUES ('22CSE106', 3, 15, 20, 10, 5);
INSERT INTO semester_results (student_roll_no, semester, sgpa, cgpa, total_credits, percentage) VALUES ('22CSE106',  '1-1', 8.5, 8.5,  11,  80.0);
INSERT INTO cgpa (student_roll_no, cgpa, total_credits, total_percentage) VALUES ('22CSE106', 8.5, 11, 80.0);
INSERT INTO attendance (student_roll_no, date, status, subject_id, semester) VALUES ('22CSE106', '2025-02-01', 'Present', 1, '1-1');
INSERT INTO attendance (student_roll_no, date, status, subject_id, semester) VALUES ('22CSE106', '2025-02-02', 'Present', 1, '1-1');
INSERT INTO attendance (student_roll_no, date, status, subject_id, semester) VALUES ('22CSE106', '2025-02-03', 'Present', 1, '1-1');
INSERT INTO attendance (student_roll_no, date, status, subject_id, semester) VALUES ('22CSE106', '2025-02-04', 'Present', 1, '1-1');
INSERT INTO attendance (student_roll_no, date, status, subject_id, semester) VALUES ('22CSE106', '2025-02-05', 'Present', 1, '1-1');
INSERT INTO attendance (student_roll_no, date, status, subject_id, semester) VALUES ('22CSE106', '2025-02-06', 'Present', 1, '1-1');
INSERT INTO attendance (student_roll_no, date, status, subject_id, semester) VALUES ('22CSE106', '2025-02-07', 'Present', 1, '1-1');
INSERT INTO attendance (student_roll_no, date, status, subject_id, semester) VALUES ('22CSE106', '2025-02-08', 'Present', 1, '1-1');
INSERT INTO attendance (student_roll_no, date, status, subject_id, semester) VALUES ('22CSE106', '2025-02-09', 'Present', 1, '1-1');
INSERT INTO attendance (student_roll_no, date, status, subject_id, semester) VALUES ('22CSE106', '2025-02-10', 'Present', 1, '1-1');
INSERT INTO attendance (student_roll_no, date, status, subject_id, semester) VALUES ('22CSE106', '2025-02-11', 'Present', 1, '1-1');
INSERT INTO attendance (student_roll_no, date, status, subject_id, semester) VALUES ('22CSE106', '2025-02-12', 'Present', 1, '1-1');
INSERT INTO attendance (student_roll_no, date, status, subject_id, semester) VALUES ('22CSE106', '2025-02-13', 'Present', 1, '1-1');
INSERT INTO attendance (student_roll_no, date, status, subject_id, semester) VALUES ('22CSE106', '2025-02-14', 'Present', 1, '1-1');
INSERT INTO attendance (student_roll_no, date, status, subject_id, semester) VALUES ('22CSE106', '2025-02-15', 'Present', 1, '1-1');
INSERT INTO attendance (student_roll_no, date, status, subject_id, semester) VALUES ('22CSE106', '2025-02-16', 'Present', 1, '1-1');
INSERT INTO attendance (student_roll_no, date, status, subject_id, semester) VALUES ('22CSE106', '2025-02-17', 'Present', 1, '1-1');
INSERT INTO attendance (student_roll_no, date, status, subject_id, semester) VALUES ('22CSE106', '2025-02-18', 'Present', 1, '1-1');
INSERT INTO attendance (student_roll_no, date, status, subject_id, semester) VALUES ('22CSE106', '2025-02-19', 'Absent', 1, '1-1');
INSERT INTO fees (student_roll_no, academic_year, tuition_fees, convener_fees, due_date, paid_fees) VALUES ('22CSE106', '2024-25', 50000, 15000, '2025-05-15', 30000);
INSERT INTO students (roll_no, admission_no, name, branch, section, year, gender, dob, religion, phone, email, aadhar, address, father_name, mother_name, parents_occupation, parents_mobile, annual_income, joining_date, photo_url, is_hosteller, password_hash) VALUES ('23IT107', 'ADM23IT107', 'Swathi Yadav', 'IT', 'A', 2, 'Male', '2005-05-10', 'Hindu', '9848564397', '23it107@nsrit.edu.in', '4308-4754-6060', 'H.No 192, Street 1, Visakhapatnam, AP', 'Das Venkata', 'Raja Reddy', 'Business', '9848564397', 630406, '2023-07-15', 'https://api.dicebear.com/7.x/avataaars/svg?seed=23IT107', 0, 'scrypt:32768:8:1$ARD8iu2R30ZgOvjn$0c28fb2c347ac069a47026ad5d1f981cf505bbde11b1e3626b8a21147aa73e5d94d807b682b1299e2029c5c2f76884672524bbc1c3de85f345c28f406888dfe1');
INSERT INTO mentors (student_roll_no, teacher_id) VALUES ('23IT107', 'TCH003');
INSERT INTO marks (student_roll_no, subject_id, grade, grade_point, credits) VALUES ('23IT107', 1, 'B+', 7, 4);
INSERT INTO internal_marks (student_roll_no, subject_id, mid1, mid2, online_tests, assignments) VALUES ('23IT107', 1, 25, 20, 10, 5);
INSERT INTO marks (student_roll_no, subject_id, grade, grade_point, credits) VALUES ('23IT107', 2, 'C', 5, 4);
INSERT INTO internal_marks (student_roll_no, subject_id, mid1, mid2, online_tests, assignments) VALUES ('23IT107', 2, 17, 22, 10, 5);
INSERT INTO marks (student_roll_no, subject_id, grade, grade_point, credits) VALUES ('23IT107', 3, 'A', 8, 4);
INSERT INTO internal_marks (student_roll_no, subject_id, mid1, mid2, online_tests, assignments) VALUES ('23IT107', 3, 20, 24, 10, 5);
INSERT INTO semester_results (student_roll_no, semester, sgpa, cgpa, total_credits, percentage) VALUES ('23IT107',  '1-1', 8.5, 8.5,  11,  80.0);
INSERT INTO cgpa (student_roll_no, cgpa, total_credits, total_percentage) VALUES ('23IT107', 8.5, 11, 80.0);
INSERT INTO attendance (student_roll_no, date, status, subject_id, semester) VALUES ('23IT107', '2025-02-01', 'Present', 1, '1-1');
INSERT INTO attendance (student_roll_no, date, status, subject_id, semester) VALUES ('23IT107', '2025-02-02', 'Absent', 1, '1-1');
INSERT INTO attendance (student_roll_no, date, status, subject_id, semester) VALUES ('23IT107', '2025-02-03', 'Absent', 1, '1-1');
INSERT INTO attendance (student_roll_no, date, status, subject_id, semester) VALUES ('23IT107', '2025-02-04', 'Present', 1, '1-1');
INSERT INTO attendance (student_roll_no, date, status, subject_id, semester) VALUES ('23IT107', '2025-02-05', 'Present', 1, '1-1');
INSERT INTO attendance (student_roll_no, date, status, subject_id, semester) VALUES ('23IT107', '2025-02-06', 'Present', 1, '1-1');
INSERT INTO attendance (student_roll_no, date, status, subject_id, semester) VALUES ('23IT107', '2025-02-07', 'Present', 1, '1-1');
INSERT INTO attendance (student_roll_no, date, status, subject_id, semester) VALUES ('23IT107', '2025-02-08', 'Present', 1, '1-1');
INSERT INTO attendance (student_roll_no, date, status, subject_id, semester) VALUES ('23IT107', '2025-02-09', 'Present', 1, '1-1');
INSERT INTO attendance (student_roll_no, date, status, subject_id, semester) VALUES ('23IT107', '2025-02-10', 'Present', 1, '1-1');
INSERT INTO attendance (student_roll_no, date, status, subject_id, semester) VALUES ('23IT107', '2025-02-11', 'Present', 1, '1-1');
INSERT INTO attendance (student_roll_no, date, status, subject_id, semester) VALUES ('23IT107', '2025-02-12', 'Present', 1, '1-1');
INSERT INTO attendance (student_roll_no, date, status, subject_id, semester) VALUES ('23IT107', '2025-02-13', 'Present', 1, '1-1');
INSERT INTO attendance (student_roll_no, date, status, subject_id, semester) VALUES ('23IT107', '2025-02-14', 'Present', 1, '1-1');
INSERT INTO attendance (student_roll_no, date, status, subject_id, semester) VALUES ('23IT107', '2025-02-15', 'Present', 1, '1-1');
INSERT INTO attendance (student_roll_no, date, status, subject_id, semester) VALUES ('23IT107', '2025-02-16', 'Present', 1, '1-1');
INSERT INTO attendance (student_roll_no, date, status, subject_id, semester) VALUES ('23IT107', '2025-02-17', 'Present', 1, '1-1');
INSERT INTO attendance (student_roll_no, date, status, subject_id, semester) VALUES ('23IT107', '2025-02-18', 'Present', 1, '1-1');
INSERT INTO attendance (student_roll_no, date, status, subject_id, semester) VALUES ('23IT107', '2025-02-19', 'Present', 1, '1-1');
INSERT INTO fees (student_roll_no, academic_year, tuition_fees, convener_fees, due_date, paid_fees) VALUES ('23IT107', '2024-25', 50000, 15000, '2025-05-15', 30000);
INSERT INTO students (roll_no, admission_no, name, branch, section, year, gender, dob, religion, phone, email, aadhar, address, father_name, mother_name, parents_occupation, parents_mobile, annual_income, joining_date, photo_url, is_hosteller, password_hash) VALUES ('22IT108', 'ADM22IT108', 'Divya Sharma', 'IT', 'B', 3, 'Female', '2005-12-06', 'Hindu', '9848215011', '22it108@nsrit.edu.in', '4467-3255-9363', 'H.No 150, Street 18, Visakhapatnam, AP', 'Patel Hari', 'Ramesh Naidu', 'Teacher', '9848215011', 944015, '2023-07-15', 'https://api.dicebear.com/7.x/avataaars/svg?seed=22IT108', 0, 'scrypt:32768:8:1$ARD8iu2R30ZgOvjn$0c28fb2c347ac069a47026ad5d1f981cf505bbde11b1e3626b8a21147aa73e5d94d807b682b1299e2029c5c2f76884672524bbc1c3de85f345c28f406888dfe1');
INSERT INTO mentors (student_roll_no, teacher_id) VALUES ('22IT108', 'TCH006');
INSERT INTO marks (student_roll_no, subject_id, grade, grade_point, credits) VALUES ('22IT108', 1, 'O', 10, 4);
INSERT INTO internal_marks (student_roll_no, subject_id, mid1, mid2, online_tests, assignments) VALUES ('22IT108', 1, 25, 18, 10, 5);
INSERT INTO marks (student_roll_no, subject_id, grade, grade_point, credits) VALUES ('22IT108', 2, 'A', 8, 4);
INSERT INTO internal_marks (student_roll_no, subject_id, mid1, mid2, online_tests, assignments) VALUES ('22IT108', 2, 24, 16, 10, 5);
INSERT INTO marks (student_roll_no, subject_id, grade, grade_point, credits) VALUES ('22IT108', 3, 'B', 6, 4);
INSERT INTO internal_marks (student_roll_no, subject_id, mid1, mid2, online_tests, assignments) VALUES ('22IT108', 3, 23, 16, 10, 5);
INSERT INTO semester_results (student_roll_no, semester, sgpa, cgpa, total_credits, percentage) VALUES ('22IT108',  '1-1', 8.5, 8.5,  11,  80.0);
INSERT INTO cgpa (student_roll_no, cgpa, total_credits, total_percentage) VALUES ('22IT108', 8.5, 11, 80.0);
INSERT INTO attendance (student_roll_no, date, status, subject_id, semester) VALUES ('22IT108', '2025-02-01', 'Present', 1, '1-1');
INSERT INTO attendance (student_roll_no, date, status, subject_id, semester) VALUES ('22IT108', '2025-02-02', 'Present', 1, '1-1');
INSERT INTO attendance (student_roll_no, date, status, subject_id, semester) VALUES ('22IT108', '2025-02-03', 'Present', 1, '1-1');
INSERT INTO attendance (student_roll_no, date, status, subject_id, semester) VALUES ('22IT108', '2025-02-04', 'Present', 1, '1-1');
INSERT INTO attendance (student_roll_no, date, status, subject_id, semester) VALUES ('22IT108', '2025-02-05', 'Present', 1, '1-1');
INSERT INTO attendance (student_roll_no, date, status, subject_id, semester) VALUES ('22IT108', '2025-02-06', 'Present', 1, '1-1');
INSERT INTO attendance (student_roll_no, date, status, subject_id, semester) VALUES ('22IT108', '2025-02-07', 'Present', 1, '1-1');
INSERT INTO attendance (student_roll_no, date, status, subject_id, semester) VALUES ('22IT108', '2025-02-08', 'Present', 1, '1-1');
INSERT INTO attendance (student_roll_no, date, status, subject_id, semester) VALUES ('22IT108', '2025-02-09', 'Absent', 1, '1-1');
INSERT INTO attendance (student_roll_no, date, status, subject_id, semester) VALUES ('22IT108', '2025-02-10', 'Present', 1, '1-1');
INSERT INTO attendance (student_roll_no, date, status, subject_id, semester) VALUES ('22IT108', '2025-02-11', 'Present', 1, '1-1');
INSERT INTO attendance (student_roll_no, date, status, subject_id, semester) VALUES ('22IT108', '2025-02-12', 'Present', 1, '1-1');
INSERT INTO attendance (student_roll_no, date, status, subject_id, semester) VALUES ('22IT108', '2025-02-13', 'Present', 1, '1-1');
INSERT INTO attendance (student_roll_no, date, status, subject_id, semester) VALUES ('22IT108', '2025-02-14', 'Present', 1, '1-1');
INSERT INTO attendance (student_roll_no, date, status, subject_id, semester) VALUES ('22IT108', '2025-02-15', 'Present', 1, '1-1');
INSERT INTO attendance (student_roll_no, date, status, subject_id, semester) VALUES ('22IT108', '2025-02-16', 'Present', 1, '1-1');
INSERT INTO attendance (student_roll_no, date, status, subject_id, semester) VALUES ('22IT108', '2025-02-17', 'Present', 1, '1-1');
INSERT INTO attendance (student_roll_no, date, status, subject_id, semester) VALUES ('22IT108', '2025-02-18', 'Present', 1, '1-1');
INSERT INTO attendance (student_roll_no, date, status, subject_id, semester) VALUES ('22IT108', '2025-02-19', 'Present', 1, '1-1');
INSERT INTO fees (student_roll_no, academic_year, tuition_fees, convener_fees, due_date, paid_fees) VALUES ('22IT108', '2024-25', 50000, 15000, '2025-05-15', 30000);
INSERT INTO students (roll_no, admission_no, name, branch, section, year, gender, dob, religion, phone, email, aadhar, address, father_name, mother_name, parents_occupation, parents_mobile, annual_income, joining_date, photo_url, is_hosteller, password_hash) VALUES ('21ECE109', 'ADM21ECE109', 'Rakesh Singh', 'ECE', 'C', 4, 'Female', '2005-09-18', 'Muslim', '9848828960', '21ece109@nsrit.edu.in', '7766-2682-4275', 'H.No 138, Street 14, Visakhapatnam, AP', 'Patel Venkata', 'Akhil Das', 'Farmer', '9848828960', 720560, '2023-07-15', 'https://api.dicebear.com/7.x/avataaars/svg?seed=21ECE109', 0, 'scrypt:32768:8:1$ARD8iu2R30ZgOvjn$0c28fb2c347ac069a47026ad5d1f981cf505bbde11b1e3626b8a21147aa73e5d94d807b682b1299e2029c5c2f76884672524bbc1c3de85f345c28f406888dfe1');
INSERT INTO mentors (student_roll_no, teacher_id) VALUES ('21ECE109', 'TCH012');
INSERT INTO marks (student_roll_no, subject_id, grade, grade_point, credits) VALUES ('21ECE109', 1, 'B+', 7, 4);
INSERT INTO internal_marks (student_roll_no, subject_id, mid1, mid2, online_tests, assignments) VALUES ('21ECE109', 1, 22, 24, 10, 5);
INSERT INTO marks (student_roll_no, subject_id, grade, grade_point, credits) VALUES ('21ECE109', 2, 'B', 6, 4);
INSERT INTO internal_marks (student_roll_no, subject_id, mid1, mid2, online_tests, assignments) VALUES ('21ECE109', 2, 18, 24, 10, 5);
INSERT INTO marks (student_roll_no, subject_id, grade, grade_point, credits) VALUES ('21ECE109', 3, 'A+', 9, 4);
INSERT INTO internal_marks (student_roll_no, subject_id, mid1, mid2, online_tests, assignments) VALUES ('21ECE109', 3, 19, 24, 10, 5);
INSERT INTO semester_results (student_roll_no, semester, sgpa, cgpa, total_credits, percentage) VALUES ('21ECE109',  '1-1', 8.5, 8.5,  11,  80.0);
INSERT INTO cgpa (student_roll_no, cgpa, total_credits, total_percentage) VALUES ('21ECE109', 8.5, 11, 80.0);
INSERT INTO attendance (student_roll_no, date, status, subject_id, semester) VALUES ('21ECE109', '2025-02-01', 'Present', 1, '1-1');
INSERT INTO attendance (student_roll_no, date, status, subject_id, semester) VALUES ('21ECE109', '2025-02-02', 'Present', 1, '1-1');
INSERT INTO attendance (student_roll_no, date, status, subject_id, semester) VALUES ('21ECE109', '2025-02-03', 'Present', 1, '1-1');
INSERT INTO attendance (student_roll_no, date, status, subject_id, semester) VALUES ('21ECE109', '2025-02-04', 'Present', 1, '1-1');
INSERT INTO attendance (student_roll_no, date, status, subject_id, semester) VALUES ('21ECE109', '2025-02-05', 'Present', 1, '1-1');
INSERT INTO attendance (student_roll_no, date, status, subject_id, semester) VALUES ('21ECE109', '2025-02-06', 'Present', 1, '1-1');
INSERT INTO attendance (student_roll_no, date, status, subject_id, semester) VALUES ('21ECE109', '2025-02-07', 'Present', 1, '1-1');
INSERT INTO attendance (student_roll_no, date, status, subject_id, semester) VALUES ('21ECE109', '2025-02-08', 'Present', 1, '1-1');
INSERT INTO attendance (student_roll_no, date, status, subject_id, semester) VALUES ('21ECE109', '2025-02-09', 'Present', 1, '1-1');
INSERT INTO attendance (student_roll_no, date, status, subject_id, semester) VALUES ('21ECE109', '2025-02-10', 'Present', 1, '1-1');
INSERT INTO attendance (student_roll_no, date, status, subject_id, semester) VALUES ('21ECE109', '2025-02-11', 'Present', 1, '1-1');
INSERT INTO attendance (student_roll_no, date, status, subject_id, semester) VALUES ('21ECE109', '2025-02-12', 'Present', 1, '1-1');
INSERT INTO attendance (student_roll_no, date, status, subject_id, semester) VALUES ('21ECE109', '2025-02-13', 'Present', 1, '1-1');
INSERT INTO attendance (student_roll_no, date, status, subject_id, semester) VALUES ('21ECE109', '2025-02-14', 'Present', 1, '1-1');
INSERT INTO attendance (student_roll_no, date, status, subject_id, semester) VALUES ('21ECE109', '2025-02-15', 'Present', 1, '1-1');
INSERT INTO attendance (student_roll_no, date, status, subject_id, semester) VALUES ('21ECE109', '2025-02-16', 'Present', 1, '1-1');
INSERT INTO attendance (student_roll_no, date, status, subject_id, semester) VALUES ('21ECE109', '2025-02-17', 'Present', 1, '1-1');
INSERT INTO attendance (student_roll_no, date, status, subject_id, semester) VALUES ('21ECE109', '2025-02-18', 'Absent', 1, '1-1');
INSERT INTO attendance (student_roll_no, date, status, subject_id, semester) VALUES ('21ECE109', '2025-02-19', 'Present', 1, '1-1');
INSERT INTO fees (student_roll_no, academic_year, tuition_fees, convener_fees, due_date, paid_fees) VALUES ('21ECE109', '2024-25', 50000, 15000, '2025-05-15', 30000);
INSERT INTO students (roll_no, admission_no, name, branch, section, year, gender, dob, religion, phone, email, aadhar, address, father_name, mother_name, parents_occupation, parents_mobile, annual_income, joining_date, photo_url, is_hosteller, password_hash) VALUES ('23CSE110', 'ADM23CSE110', 'Lakshmi Kumar', 'CSE', 'C', 2, 'Male', '2005-04-21', 'Sikh', '9848974219', '23cse110@nsrit.edu.in', '8117-1930-4369', 'H.No 216, Street 5, Visakhapatnam, AP', 'Das Rakesh', 'Gayathri Gupta', 'Business', '9848974219', 783352, '2023-07-15', 'https://api.dicebear.com/7.x/avataaars/svg?seed=23CSE110', 1, 'scrypt:32768:8:1$ARD8iu2R30ZgOvjn$0c28fb2c347ac069a47026ad5d1f981cf505bbde11b1e3626b8a21147aa73e5d94d807b682b1299e2029c5c2f76884672524bbc1c3de85f345c28f406888dfe1');
INSERT INTO mentors (student_roll_no, teacher_id) VALUES ('23CSE110', 'TCH007');
INSERT INTO marks (student_roll_no, subject_id, grade, grade_point, credits) VALUES ('23CSE110', 1, 'B+', 7, 4);
INSERT INTO internal_marks (student_roll_no, subject_id, mid1, mid2, online_tests, assignments) VALUES ('23CSE110', 1, 25, 24, 10, 5);
INSERT INTO marks (student_roll_no, subject_id, grade, grade_point, credits) VALUES ('23CSE110', 2, 'A', 8, 4);
INSERT INTO internal_marks (student_roll_no, subject_id, mid1, mid2, online_tests, assignments) VALUES ('23CSE110', 2, 21, 23, 10, 5);
INSERT INTO marks (student_roll_no, subject_id, grade, grade_point, credits) VALUES ('23CSE110', 3, 'O', 10, 4);
INSERT INTO internal_marks (student_roll_no, subject_id, mid1, mid2, online_tests, assignments) VALUES ('23CSE110', 3, 24, 22, 10, 5);
INSERT INTO semester_results (student_roll_no, semester, sgpa, cgpa, total_credits, percentage) VALUES ('23CSE110',  '1-1', 8.5, 8.5,  11,  80.0);
INSERT INTO cgpa (student_roll_no, cgpa, total_credits, total_percentage) VALUES ('23CSE110', 8.5, 11, 80.0);
INSERT INTO attendance (student_roll_no, date, status, subject_id, semester) VALUES ('23CSE110', '2025-02-01', 'Present', 1, '1-1');
INSERT INTO attendance (student_roll_no, date, status, subject_id, semester) VALUES ('23CSE110', '2025-02-02', 'Present', 1, '1-1');
INSERT INTO attendance (student_roll_no, date, status, subject_id, semester) VALUES ('23CSE110', '2025-02-03', 'Present', 1, '1-1');
INSERT INTO attendance (student_roll_no, date, status, subject_id, semester) VALUES ('23CSE110', '2025-02-04', 'Present', 1, '1-1');
INSERT INTO attendance (student_roll_no, date, status, subject_id, semester) VALUES ('23CSE110', '2025-02-05', 'Present', 1, '1-1');
INSERT INTO attendance (student_roll_no, date, status, subject_id, semester) VALUES ('23CSE110', '2025-02-06', 'Present', 1, '1-1');
INSERT INTO attendance (student_roll_no, date, status, subject_id, semester) VALUES ('23CSE110', '2025-02-07', 'Absent', 1, '1-1');
INSERT INTO attendance (student_roll_no, date, status, subject_id, semester) VALUES ('23CSE110', '2025-02-08', 'Present', 1, '1-1');
INSERT INTO attendance (student_roll_no, date, status, subject_id, semester) VALUES ('23CSE110', '2025-02-09', 'Present', 1, '1-1');
INSERT INTO attendance (student_roll_no, date, status, subject_id, semester) VALUES ('23CSE110', '2025-02-10', 'Present', 1, '1-1');
INSERT INTO attendance (student_roll_no, date, status, subject_id, semester) VALUES ('23CSE110', '2025-02-11', 'Present', 1, '1-1');
INSERT INTO attendance (student_roll_no, date, status, subject_id, semester) VALUES ('23CSE110', '2025-02-12', 'Present', 1, '1-1');
INSERT INTO attendance (student_roll_no, date, status, subject_id, semester) VALUES ('23CSE110', '2025-02-13', 'Present', 1, '1-1');
INSERT INTO attendance (student_roll_no, date, status, subject_id, semester) VALUES ('23CSE110', '2025-02-14', 'Present', 1, '1-1');
INSERT INTO attendance (student_roll_no, date, status, subject_id, semester) VALUES ('23CSE110', '2025-02-15', 'Present', 1, '1-1');
INSERT INTO attendance (student_roll_no, date, status, subject_id, semester) VALUES ('23CSE110', '2025-02-16', 'Present', 1, '1-1');
INSERT INTO attendance (student_roll_no, date, status, subject_id, semester) VALUES ('23CSE110', '2025-02-17', 'Present', 1, '1-1');
INSERT INTO attendance (student_roll_no, date, status, subject_id, semester) VALUES ('23CSE110', '2025-02-18', 'Present', 1, '1-1');
INSERT INTO attendance (student_roll_no, date, status, subject_id, semester) VALUES ('23CSE110', '2025-02-19', 'Present', 1, '1-1');
INSERT INTO fees (student_roll_no, academic_year, tuition_fees, convener_fees, due_date, paid_fees) VALUES ('23CSE110', '2024-25', 50000, 15000, '2025-05-15', 30000);
INSERT INTO outing_records (roll_number, date, reason) VALUES ('23CSE110', '2025-03-01', 'Weekend home');
INSERT INTO students (roll_no, admission_no, name, branch, section, year, gender, dob, religion, phone, email, aadhar, address, father_name, mother_name, parents_occupation, parents_mobile, annual_income, joining_date, photo_url, is_hosteller, password_hash) VALUES ('22IT111', 'ADM22IT111', 'Prasad Patel', 'IT', 'B', 3, 'Male', '2005-01-06', 'Christian', '9848683681', '22it111@nsrit.edu.in', '1498-4972-1011', 'H.No 137, Street 16, Visakhapatnam, AP', 'Chowdary Akhil', 'Swathi Gupta', 'Farmer', '9848683681', 450804, '2023-07-15', 'https://api.dicebear.com/7.x/avataaars/svg?seed=22IT111', 0, 'scrypt:32768:8:1$ARD8iu2R30ZgOvjn$0c28fb2c347ac069a47026ad5d1f981cf505bbde11b1e3626b8a21147aa73e5d94d807b682b1299e2029c5c2f76884672524bbc1c3de85f345c28f406888dfe1');
INSERT INTO mentors (student_roll_no, teacher_id) VALUES ('22IT111', 'TCH006');
INSERT INTO marks (student_roll_no, subject_id, grade, grade_point, credits) VALUES ('22IT111', 1, 'B+', 7, 4);
INSERT INTO internal_marks (student_roll_no, subject_id, mid1, mid2, online_tests, assignments) VALUES ('22IT111', 1, 22, 17, 10, 5);
INSERT INTO marks (student_roll_no, subject_id, grade, grade_point, credits) VALUES ('22IT111', 2, 'C', 5, 4);
INSERT INTO internal_marks (student_roll_no, subject_id, mid1, mid2, online_tests, assignments) VALUES ('22IT111', 2, 19, 18, 10, 5);
INSERT INTO marks (student_roll_no, subject_id, grade, grade_point, credits) VALUES ('22IT111', 3, 'C', 5, 4);
INSERT INTO internal_marks (student_roll_no, subject_id, mid1, mid2, online_tests, assignments) VALUES ('22IT111', 3, 17, 24, 10, 5);
INSERT INTO semester_results (student_roll_no, semester, sgpa, cgpa, total_credits, percentage) VALUES ('22IT111',  '1-1', 8.5, 8.5,  11,  80.0);
INSERT INTO cgpa (student_roll_no, cgpa, total_credits, total_percentage) VALUES ('22IT111', 8.5, 11, 80.0);
INSERT INTO attendance (student_roll_no, date, status, subject_id, semester) VALUES ('22IT111', '2025-02-01', 'Present', 1, '1-1');
INSERT INTO attendance (student_roll_no, date, status, subject_id, semester) VALUES ('22IT111', '2025-02-02', 'Present', 1, '1-1');
INSERT INTO attendance (student_roll_no, date, status, subject_id, semester) VALUES ('22IT111', '2025-02-03', 'Present', 1, '1-1');
INSERT INTO attendance (student_roll_no, date, status, subject_id, semester) VALUES ('22IT111', '2025-02-04', 'Present', 1, '1-1');
INSERT INTO attendance (student_roll_no, date, status, subject_id, semester) VALUES ('22IT111', '2025-02-05', 'Present', 1, '1-1');
INSERT INTO attendance (student_roll_no, date, status, subject_id, semester) VALUES ('22IT111', '2025-02-06', 'Present', 1, '1-1');
INSERT INTO attendance (student_roll_no, date, status, subject_id, semester) VALUES ('22IT111', '2025-02-07', 'Present', 1, '1-1');
INSERT INTO attendance (student_roll_no, date, status, subject_id, semester) VALUES ('22IT111', '2025-02-08', 'Present', 1, '1-1');
INSERT INTO attendance (student_roll_no, date, status, subject_id, semester) VALUES ('22IT111', '2025-02-09', 'Present', 1, '1-1');
INSERT INTO attendance (student_roll_no, date, status, subject_id, semester) VALUES ('22IT111', '2025-02-10', 'Present', 1, '1-1');
INSERT INTO attendance (student_roll_no, date, status, subject_id, semester) VALUES ('22IT111', '2025-02-11', 'Present', 1, '1-1');
INSERT INTO attendance (student_roll_no, date, status, subject_id, semester) VALUES ('22IT111', '2025-02-12', 'Absent', 1, '1-1');
INSERT INTO attendance (student_roll_no, date, status, subject_id, semester) VALUES ('22IT111', '2025-02-13', 'Present', 1, '1-1');
INSERT INTO attendance (student_roll_no, date, status, subject_id, semester) VALUES ('22IT111', '2025-02-14', 'Present', 1, '1-1');
INSERT INTO attendance (student_roll_no, date, status, subject_id, semester) VALUES ('22IT111', '2025-02-15', 'Present', 1, '1-1');
INSERT INTO attendance (student_roll_no, date, status, subject_id, semester) VALUES ('22IT111', '2025-02-16', 'Present', 1, '1-1');
INSERT INTO attendance (student_roll_no, date, status, subject_id, semester) VALUES ('22IT111', '2025-02-17', 'Absent', 1, '1-1');
INSERT INTO attendance (student_roll_no, date, status, subject_id, semester) VALUES ('22IT111', '2025-02-18', 'Present', 1, '1-1');
INSERT INTO attendance (student_roll_no, date, status, subject_id, semester) VALUES ('22IT111', '2025-02-19', 'Present', 1, '1-1');
INSERT INTO fees (student_roll_no, academic_year, tuition_fees, convener_fees, due_date, paid_fees) VALUES ('22IT111', '2024-25', 50000, 15000, '2025-05-15', 30000);
INSERT INTO students (roll_no, admission_no, name, branch, section, year, gender, dob, religion, phone, email, aadhar, address, father_name, mother_name, parents_occupation, parents_mobile, annual_income, joining_date, photo_url, is_hosteller, password_hash) VALUES ('21CIVIL112', 'ADM21CIVIL112', 'Arjun Sharma', 'CIVIL', 'B', 4, 'Female', '2005-08-02', 'Christian', '9848625680', '21civil112@nsrit.edu.in', '5969-8811-6842', 'H.No 276, Street 16, Visakhapatnam, AP', 'Naidu Prasad', 'Raja Singh', 'Doctor', '9848625680', 845432, '2023-07-15', 'https://api.dicebear.com/7.x/avataaars/svg?seed=21CIVIL112', 0, 'scrypt:32768:8:1$ARD8iu2R30ZgOvjn$0c28fb2c347ac069a47026ad5d1f981cf505bbde11b1e3626b8a21147aa73e5d94d807b682b1299e2029c5c2f76884672524bbc1c3de85f345c28f406888dfe1');
INSERT INTO mentors (student_roll_no, teacher_id) VALUES ('21CIVIL112', 'TCH011');
INSERT INTO marks (student_roll_no, subject_id, grade, grade_point, credits) VALUES ('21CIVIL112', 1, 'B+', 7, 4);
INSERT INTO internal_marks (student_roll_no, subject_id, mid1, mid2, online_tests, assignments) VALUES ('21CIVIL112', 1, 20, 17, 10, 5);
INSERT INTO marks (student_roll_no, subject_id, grade, grade_point, credits) VALUES ('21CIVIL112', 2, 'O', 10, 4);
INSERT INTO internal_marks (student_roll_no, subject_id, mid1, mid2, online_tests, assignments) VALUES ('21CIVIL112', 2, 16, 17, 10, 5);
INSERT INTO marks (student_roll_no, subject_id, grade, grade_point, credits) VALUES ('21CIVIL112', 3, 'O', 10, 4);
INSERT INTO internal_marks (student_roll_no, subject_id, mid1, mid2, online_tests, assignments) VALUES ('21CIVIL112', 3, 25, 15, 10, 5);
INSERT INTO semester_results (student_roll_no, semester, sgpa, cgpa, total_credits, percentage) VALUES ('21CIVIL112',  '1-1', 8.5, 8.5,  11,  80.0);
INSERT INTO cgpa (student_roll_no, cgpa, total_credits, total_percentage) VALUES ('21CIVIL112', 8.5, 11, 80.0);
INSERT INTO attendance (student_roll_no, date, status, subject_id, semester) VALUES ('21CIVIL112', '2025-02-01', 'Present', 1, '1-1');
INSERT INTO attendance (student_roll_no, date, status, subject_id, semester) VALUES ('21CIVIL112', '2025-02-02', 'Present', 1, '1-1');
INSERT INTO attendance (student_roll_no, date, status, subject_id, semester) VALUES ('21CIVIL112', '2025-02-03', 'Present', 1, '1-1');
INSERT INTO attendance (student_roll_no, date, status, subject_id, semester) VALUES ('21CIVIL112', '2025-02-04', 'Present', 1, '1-1');
INSERT INTO attendance (student_roll_no, date, status, subject_id, semester) VALUES ('21CIVIL112', '2025-02-05', 'Present', 1, '1-1');
INSERT INTO attendance (student_roll_no, date, status, subject_id, semester) VALUES ('21CIVIL112', '2025-02-06', 'Present', 1, '1-1');
INSERT INTO attendance (student_roll_no, date, status, subject_id, semester) VALUES ('21CIVIL112', '2025-02-07', 'Present', 1, '1-1');
INSERT INTO attendance (student_roll_no, date, status, subject_id, semester) VALUES ('21CIVIL112', '2025-02-08', 'Present', 1, '1-1');
INSERT INTO attendance (student_roll_no, date, status, subject_id, semester) VALUES ('21CIVIL112', '2025-02-09', 'Present', 1, '1-1');
INSERT INTO attendance (student_roll_no, date, status, subject_id, semester) VALUES ('21CIVIL112', '2025-02-10', 'Present', 1, '1-1');
INSERT INTO attendance (student_roll_no, date, status, subject_id, semester) VALUES ('21CIVIL112', '2025-02-11', 'Present', 1, '1-1');
INSERT INTO attendance (student_roll_no, date, status, subject_id, semester) VALUES ('21CIVIL112', '2025-02-12', 'Present', 1, '1-1');
INSERT INTO attendance (student_roll_no, date, status, subject_id, semester) VALUES ('21CIVIL112', '2025-02-13', 'Present', 1, '1-1');
INSERT INTO attendance (student_roll_no, date, status, subject_id, semester) VALUES ('21CIVIL112', '2025-02-14', 'Absent', 1, '1-1');
INSERT INTO attendance (student_roll_no, date, status, subject_id, semester) VALUES ('21CIVIL112', '2025-02-15', 'Present', 1, '1-1');
INSERT INTO attendance (student_roll_no, date, status, subject_id, semester) VALUES ('21CIVIL112', '2025-02-16', 'Present', 1, '1-1');
INSERT INTO attendance (student_roll_no, date, status, subject_id, semester) VALUES ('21CIVIL112', '2025-02-17', 'Present', 1, '1-1');
INSERT INTO attendance (student_roll_no, date, status, subject_id, semester) VALUES ('21CIVIL112', '2025-02-18', 'Present', 1, '1-1');
INSERT INTO attendance (student_roll_no, date, status, subject_id, semester) VALUES ('21CIVIL112', '2025-02-19', 'Present', 1, '1-1');
INSERT INTO fees (student_roll_no, academic_year, tuition_fees, convener_fees, due_date, paid_fees) VALUES ('21CIVIL112', '2024-25', 50000, 15000, '2025-05-15', 30000);
INSERT INTO students (roll_no, admission_no, name, branch, section, year, gender, dob, religion, phone, email, aadhar, address, father_name, mother_name, parents_occupation, parents_mobile, annual_income, joining_date, photo_url, is_hosteller, password_hash) VALUES ('22MECH113', 'ADM22MECH113', 'Sai Sharma', 'MECH', 'B', 3, 'Male', '2005-09-14', 'Muslim', '9848141705', '22mech113@nsrit.edu.in', '5943-4482-5079', 'H.No 266, Street 18, Visakhapatnam, AP', 'Varma Sowmya', 'Priya Patel', 'Farmer', '9848141705', 864061, '2023-07-15', 'https://api.dicebear.com/7.x/avataaars/svg?seed=22MECH113', 0, 'scrypt:32768:8:1$ARD8iu2R30ZgOvjn$0c28fb2c347ac069a47026ad5d1f981cf505bbde11b1e3626b8a21147aa73e5d94d807b682b1299e2029c5c2f76884672524bbc1c3de85f345c28f406888dfe1');
INSERT INTO mentors (student_roll_no, teacher_id) VALUES ('22MECH113', 'TCH002');
INSERT INTO marks (student_roll_no, subject_id, grade, grade_point, credits) VALUES ('22MECH113', 1, 'A+', 9, 4);
INSERT INTO internal_marks (student_roll_no, subject_id, mid1, mid2, online_tests, assignments) VALUES ('22MECH113', 1, 21, 24, 10, 5);
INSERT INTO marks (student_roll_no, subject_id, grade, grade_point, credits) VALUES ('22MECH113', 2, 'C', 5, 4);
INSERT INTO internal_marks (student_roll_no, subject_id, mid1, mid2, online_tests, assignments) VALUES ('22MECH113', 2, 15, 22, 10, 5);
INSERT INTO marks (student_roll_no, subject_id, grade, grade_point, credits) VALUES ('22MECH113', 3, 'A', 8, 4);
INSERT INTO internal_marks (student_roll_no, subject_id, mid1, mid2, online_tests, assignments) VALUES ('22MECH113', 3, 17, 24, 10, 5);
INSERT INTO semester_results (student_roll_no, semester, sgpa, cgpa, total_credits, percentage) VALUES ('22MECH113',  '1-1', 8.5, 8.5,  11,  80.0);
INSERT INTO cgpa (student_roll_no, cgpa, total_credits, total_percentage) VALUES ('22MECH113', 8.5, 11, 80.0);
INSERT INTO attendance (student_roll_no, date, status, subject_id, semester) VALUES ('22MECH113', '2025-02-01', 'Present', 1, '1-1');
INSERT INTO attendance (student_roll_no, date, status, subject_id, semester) VALUES ('22MECH113', '2025-02-02', 'Present', 1, '1-1');
INSERT INTO attendance (student_roll_no, date, status, subject_id, semester) VALUES ('22MECH113', '2025-02-03', 'Present', 1, '1-1');
INSERT INTO attendance (student_roll_no, date, status, subject_id, semester) VALUES ('22MECH113', '2025-02-04', 'Present', 1, '1-1');
INSERT INTO attendance (student_roll_no, date, status, subject_id, semester) VALUES ('22MECH113', '2025-02-05', 'Present', 1, '1-1');
INSERT INTO attendance (student_roll_no, date, status, subject_id, semester) VALUES ('22MECH113', '2025-02-06', 'Present', 1, '1-1');
INSERT INTO attendance (student_roll_no, date, status, subject_id, semester) VALUES ('22MECH113', '2025-02-07', 'Present', 1, '1-1');
INSERT INTO attendance (student_roll_no, date, status, subject_id, semester) VALUES ('22MECH113', '2025-02-08', 'Present', 1, '1-1');
INSERT INTO attendance (student_roll_no, date, status, subject_id, semester) VALUES ('22MECH113', '2025-02-09', 'Present', 1, '1-1');
INSERT INTO attendance (student_roll_no, date, status, subject_id, semester) VALUES ('22MECH113', '2025-02-10', 'Present', 1, '1-1');
INSERT INTO attendance (student_roll_no, date, status, subject_id, semester) VALUES ('22MECH113', '2025-02-11', 'Present', 1, '1-1');
INSERT INTO attendance (student_roll_no, date, status, subject_id, semester) VALUES ('22MECH113', '2025-02-12', 'Present', 1, '1-1');
INSERT INTO attendance (student_roll_no, date, status, subject_id, semester) VALUES ('22MECH113', '2025-02-13', 'Absent', 1, '1-1');
INSERT INTO attendance (student_roll_no, date, status, subject_id, semester) VALUES ('22MECH113', '2025-02-14', 'Present', 1, '1-1');
INSERT INTO attendance (student_roll_no, date, status, subject_id, semester) VALUES ('22MECH113', '2025-02-15', 'Present', 1, '1-1');
INSERT INTO attendance (student_roll_no, date, status, subject_id, semester) VALUES ('22MECH113', '2025-02-16', 'Present', 1, '1-1');
INSERT INTO attendance (student_roll_no, date, status, subject_id, semester) VALUES ('22MECH113', '2025-02-17', 'Present', 1, '1-1');
INSERT INTO attendance (student_roll_no, date, status, subject_id, semester) VALUES ('22MECH113', '2025-02-18', 'Present', 1, '1-1');
INSERT INTO attendance (student_roll_no, date, status, subject_id, semester) VALUES ('22MECH113', '2025-02-19', 'Present', 1, '1-1');
INSERT INTO fees (student_roll_no, academic_year, tuition_fees, convener_fees, due_date, paid_fees) VALUES ('22MECH113', '2024-25', 50000, 15000, '2025-05-15', 30000);
INSERT INTO students (roll_no, admission_no, name, branch, section, year, gender, dob, religion, phone, email, aadhar, address, father_name, mother_name, parents_occupation, parents_mobile, annual_income, joining_date, photo_url, is_hosteller, password_hash) VALUES ('24EEE114', 'ADM24EEE114', 'Sai Singh', 'EEE', 'B', 1, 'Male', '2005-08-08', 'Sikh', '9848555659', '24eee114@nsrit.edu.in', '1228-1950-9078', 'H.No 326, Street 10, Visakhapatnam, AP', 'Yadav Ravi', 'Gayathri Gupta', 'Doctor', '9848555659', 465160, '2024-07-15', 'https://api.dicebear.com/7.x/avataaars/svg?seed=24EEE114', 0, 'scrypt:32768:8:1$ARD8iu2R30ZgOvjn$0c28fb2c347ac069a47026ad5d1f981cf505bbde11b1e3626b8a21147aa73e5d94d807b682b1299e2029c5c2f76884672524bbc1c3de85f345c28f406888dfe1');
INSERT INTO mentors (student_roll_no, teacher_id) VALUES ('24EEE114', 'TCH006');
INSERT INTO marks (student_roll_no, subject_id, grade, grade_point, credits) VALUES ('24EEE114', 1, 'B+', 7, 4);
INSERT INTO internal_marks (student_roll_no, subject_id, mid1, mid2, online_tests, assignments) VALUES ('24EEE114', 1, 16, 20, 10, 5);
INSERT INTO marks (student_roll_no, subject_id, grade, grade_point, credits) VALUES ('24EEE114', 2, 'O', 10, 4);
INSERT INTO internal_marks (student_roll_no, subject_id, mid1, mid2, online_tests, assignments) VALUES ('24EEE114', 2, 17, 15, 10, 5);
INSERT INTO marks (student_roll_no, subject_id, grade, grade_point, credits) VALUES ('24EEE114', 3, 'A', 8, 4);
INSERT INTO internal_marks (student_roll_no, subject_id, mid1, mid2, online_tests, assignments) VALUES ('24EEE114', 3, 22, 24, 10, 5);
INSERT INTO semester_results (student_roll_no, semester, sgpa, cgpa, total_credits, percentage) VALUES ('24EEE114',  '1-1', 8.5, 8.5,  11,  80.0);
INSERT INTO cgpa (student_roll_no, cgpa, total_credits, total_percentage) VALUES ('24EEE114', 8.5, 11, 80.0);
INSERT INTO attendance (student_roll_no, date, status, subject_id, semester) VALUES ('24EEE114', '2025-02-01', 'Present', 1, '1-1');
INSERT INTO attendance (student_roll_no, date, status, subject_id, semester) VALUES ('24EEE114', '2025-02-02', 'Present', 1, '1-1');
INSERT INTO attendance (student_roll_no, date, status, subject_id, semester) VALUES ('24EEE114', '2025-02-03', 'Present', 1, '1-1');
INSERT INTO attendance (student_roll_no, date, status, subject_id, semester) VALUES ('24EEE114', '2025-02-04', 'Absent', 1, '1-1');
INSERT INTO attendance (student_roll_no, date, status, subject_id, semester) VALUES ('24EEE114', '2025-02-05', 'Present', 1, '1-1');
INSERT INTO attendance (student_roll_no, date, status, subject_id, semester) VALUES ('24EEE114', '2025-02-06', 'Present', 1, '1-1');
INSERT INTO attendance (student_roll_no, date, status, subject_id, semester) VALUES ('24EEE114', '2025-02-07', 'Present', 1, '1-1');
INSERT INTO attendance (student_roll_no, date, status, subject_id, semester) VALUES ('24EEE114', '2025-02-08', 'Present', 1, '1-1');
INSERT INTO attendance (student_roll_no, date, status, subject_id, semester) VALUES ('24EEE114', '2025-02-09', 'Absent', 1, '1-1');
INSERT INTO attendance (student_roll_no, date, status, subject_id, semester) VALUES ('24EEE114', '2025-02-10', 'Present', 1, '1-1');
INSERT INTO attendance (student_roll_no, date, status, subject_id, semester) VALUES ('24EEE114', '2025-02-11', 'Present', 1, '1-1');
INSERT INTO attendance (student_roll_no, date, status, subject_id, semester) VALUES ('24EEE114', '2025-02-12', 'Present', 1, '1-1');
INSERT INTO attendance (student_roll_no, date, status, subject_id, semester) VALUES ('24EEE114', '2025-02-13', 'Present', 1, '1-1');
INSERT INTO attendance (student_roll_no, date, status, subject_id, semester) VALUES ('24EEE114', '2025-02-14', 'Absent', 1, '1-1');
INSERT INTO attendance (student_roll_no, date, status, subject_id, semester) VALUES ('24EEE114', '2025-02-15', 'Present', 1, '1-1');
INSERT INTO attendance (student_roll_no, date, status, subject_id, semester) VALUES ('24EEE114', '2025-02-16', 'Present', 1, '1-1');
INSERT INTO attendance (student_roll_no, date, status, subject_id, semester) VALUES ('24EEE114', '2025-02-17', 'Present', 1, '1-1');
INSERT INTO attendance (student_roll_no, date, status, subject_id, semester) VALUES ('24EEE114', '2025-02-18', 'Present', 1, '1-1');
INSERT INTO attendance (student_roll_no, date, status, subject_id, semester) VALUES ('24EEE114', '2025-02-19', 'Present', 1, '1-1');
INSERT INTO fees (student_roll_no, academic_year, tuition_fees, convener_fees, due_date, paid_fees) VALUES ('24EEE114', '2024-25', 50000, 15000, '2025-05-15', 30000);
INSERT INTO students (roll_no, admission_no, name, branch, section, year, gender, dob, religion, phone, email, aadhar, address, father_name, mother_name, parents_occupation, parents_mobile, annual_income, joining_date, photo_url, is_hosteller, password_hash) VALUES ('21EEE115', 'ADM21EEE115', 'Anil Varma', 'EEE', 'B', 4, 'Male', '2005-10-28', 'Sikh', '9848573183', '21eee115@nsrit.edu.in', '4232-9496-3118', 'H.No 185, Street 1, Visakhapatnam, AP', 'Yadav Ramesh', 'Raja Patel', 'Business', '9848573183', 420141, '2023-07-15', 'https://api.dicebear.com/7.x/avataaars/svg?seed=21EEE115', 1, 'scrypt:32768:8:1$ARD8iu2R30ZgOvjn$0c28fb2c347ac069a47026ad5d1f981cf505bbde11b1e3626b8a21147aa73e5d94d807b682b1299e2029c5c2f76884672524bbc1c3de85f345c28f406888dfe1');
INSERT INTO mentors (student_roll_no, teacher_id) VALUES ('21EEE115', 'TCH006');
INSERT INTO marks (student_roll_no, subject_id, grade, grade_point, credits) VALUES ('21EEE115', 1, 'B+', 7, 4);
INSERT INTO internal_marks (student_roll_no, subject_id, mid1, mid2, online_tests, assignments) VALUES ('21EEE115', 1, 18, 23, 10, 5);
INSERT INTO marks (student_roll_no, subject_id, grade, grade_point, credits) VALUES ('21EEE115', 2, 'B+', 7, 4);
INSERT INTO internal_marks (student_roll_no, subject_id, mid1, mid2, online_tests, assignments) VALUES ('21EEE115', 2, 16, 20, 10, 5);
INSERT INTO marks (student_roll_no, subject_id, grade, grade_point, credits) VALUES ('21EEE115', 3, 'O', 10, 4);
INSERT INTO internal_marks (student_roll_no, subject_id, mid1, mid2, online_tests, assignments) VALUES ('21EEE115', 3, 22, 15, 10, 5);
INSERT INTO semester_results (student_roll_no, semester, sgpa, cgpa, total_credits, percentage) VALUES ('21EEE115',  '1-1', 8.5, 8.5,  11,  80.0);
INSERT INTO cgpa (student_roll_no, cgpa, total_credits, total_percentage) VALUES ('21EEE115', 8.5, 11, 80.0);
INSERT INTO attendance (student_roll_no, date, status, subject_id, semester) VALUES ('21EEE115', '2025-02-01', 'Absent', 1, '1-1');
INSERT INTO attendance (student_roll_no, date, status, subject_id, semester) VALUES ('21EEE115', '2025-02-02', 'Present', 1, '1-1');
INSERT INTO attendance (student_roll_no, date, status, subject_id, semester) VALUES ('21EEE115', '2025-02-03', 'Present', 1, '1-1');
INSERT INTO attendance (student_roll_no, date, status, subject_id, semester) VALUES ('21EEE115', '2025-02-04', 'Present', 1, '1-1');
INSERT INTO attendance (student_roll_no, date, status, subject_id, semester) VALUES ('21EEE115', '2025-02-05', 'Absent', 1, '1-1');
INSERT INTO attendance (student_roll_no, date, status, subject_id, semester) VALUES ('21EEE115', '2025-02-06', 'Present', 1, '1-1');
INSERT INTO attendance (student_roll_no, date, status, subject_id, semester) VALUES ('21EEE115', '2025-02-07', 'Present', 1, '1-1');
INSERT INTO attendance (student_roll_no, date, status, subject_id, semester) VALUES ('21EEE115', '2025-02-08', 'Present', 1, '1-1');
INSERT INTO attendance (student_roll_no, date, status, subject_id, semester) VALUES ('21EEE115', '2025-02-09', 'Present', 1, '1-1');
INSERT INTO attendance (student_roll_no, date, status, subject_id, semester) VALUES ('21EEE115', '2025-02-10', 'Present', 1, '1-1');
INSERT INTO attendance (student_roll_no, date, status, subject_id, semester) VALUES ('21EEE115', '2025-02-11', 'Absent', 1, '1-1');
INSERT INTO attendance (student_roll_no, date, status, subject_id, semester) VALUES ('21EEE115', '2025-02-12', 'Present', 1, '1-1');
INSERT INTO attendance (student_roll_no, date, status, subject_id, semester) VALUES ('21EEE115', '2025-02-13', 'Present', 1, '1-1');
INSERT INTO attendance (student_roll_no, date, status, subject_id, semester) VALUES ('21EEE115', '2025-02-14', 'Present', 1, '1-1');
INSERT INTO attendance (student_roll_no, date, status, subject_id, semester) VALUES ('21EEE115', '2025-02-15', 'Present', 1, '1-1');
INSERT INTO attendance (student_roll_no, date, status, subject_id, semester) VALUES ('21EEE115', '2025-02-16', 'Present', 1, '1-1');
INSERT INTO attendance (student_roll_no, date, status, subject_id, semester) VALUES ('21EEE115', '2025-02-17', 'Present', 1, '1-1');
INSERT INTO attendance (student_roll_no, date, status, subject_id, semester) VALUES ('21EEE115', '2025-02-18', 'Present', 1, '1-1');
INSERT INTO attendance (student_roll_no, date, status, subject_id, semester) VALUES ('21EEE115', '2025-02-19', 'Present', 1, '1-1');
INSERT INTO fees (student_roll_no, academic_year, tuition_fees, convener_fees, due_date, paid_fees) VALUES ('21EEE115', '2024-25', 50000, 15000, '2025-05-15', 30000);
INSERT INTO outing_records (roll_number, date, reason) VALUES ('21EEE115', '2025-03-01', 'Weekend home');
INSERT INTO students (roll_no, admission_no, name, branch, section, year, gender, dob, religion, phone, email, aadhar, address, father_name, mother_name, parents_occupation, parents_mobile, annual_income, joining_date, photo_url, is_hosteller, password_hash) VALUES ('21EEE116', 'ADM21EEE116', 'Naveen Kumar', 'EEE', 'B', 4, 'Female', '2005-02-18', 'Sikh', '9848153098', '21eee116@nsrit.edu.in', '3680-9544-7341', 'H.No 347, Street 19, Visakhapatnam, AP', 'Kumar Sai', 'Sanjana Kumar', 'Teacher', '9848153098', 756601, '2023-07-15', 'https://api.dicebear.com/7.x/avataaars/svg?seed=21EEE116', 0, 'scrypt:32768:8:1$ARD8iu2R30ZgOvjn$0c28fb2c347ac069a47026ad5d1f981cf505bbde11b1e3626b8a21147aa73e5d94d807b682b1299e2029c5c2f76884672524bbc1c3de85f345c28f406888dfe1');
INSERT INTO mentors (student_roll_no, teacher_id) VALUES ('21EEE116', 'TCH011');
INSERT INTO marks (student_roll_no, subject_id, grade, grade_point, credits) VALUES ('21EEE116', 1, 'O', 10, 4);
INSERT INTO internal_marks (student_roll_no, subject_id, mid1, mid2, online_tests, assignments) VALUES ('21EEE116', 1, 20, 18, 10, 5);
INSERT INTO marks (student_roll_no, subject_id, grade, grade_point, credits) VALUES ('21EEE116', 2, 'A+', 9, 4);
INSERT INTO internal_marks (student_roll_no, subject_id, mid1, mid2, online_tests, assignments) VALUES ('21EEE116', 2, 22, 16, 10, 5);
INSERT INTO marks (student_roll_no, subject_id, grade, grade_point, credits) VALUES ('21EEE116', 3, 'B', 6, 4);
INSERT INTO internal_marks (student_roll_no, subject_id, mid1, mid2, online_tests, assignments) VALUES ('21EEE116', 3, 23, 23, 10, 5);
INSERT INTO semester_results (student_roll_no, semester, sgpa, cgpa, total_credits, percentage) VALUES ('21EEE116',  '1-1', 8.5, 8.5,  11,  80.0);
INSERT INTO cgpa (student_roll_no, cgpa, total_credits, total_percentage) VALUES ('21EEE116', 8.5, 11, 80.0);
INSERT INTO attendance (student_roll_no, date, status, subject_id, semester) VALUES ('21EEE116', '2025-02-01', 'Present', 1, '1-1');
INSERT INTO attendance (student_roll_no, date, status, subject_id, semester) VALUES ('21EEE116', '2025-02-02', 'Present', 1, '1-1');
INSERT INTO attendance (student_roll_no, date, status, subject_id, semester) VALUES ('21EEE116', '2025-02-03', 'Present', 1, '1-1');
INSERT INTO attendance (student_roll_no, date, status, subject_id, semester) VALUES ('21EEE116', '2025-02-04', 'Present', 1, '1-1');
INSERT INTO attendance (student_roll_no, date, status, subject_id, semester) VALUES ('21EEE116', '2025-02-05', 'Present', 1, '1-1');
INSERT INTO attendance (student_roll_no, date, status, subject_id, semester) VALUES ('21EEE116', '2025-02-06', 'Present', 1, '1-1');
INSERT INTO attendance (student_roll_no, date, status, subject_id, semester) VALUES ('21EEE116', '2025-02-07', 'Present', 1, '1-1');
INSERT INTO attendance (student_roll_no, date, status, subject_id, semester) VALUES ('21EEE116', '2025-02-08', 'Present', 1, '1-1');
INSERT INTO attendance (student_roll_no, date, status, subject_id, semester) VALUES ('21EEE116', '2025-02-09', 'Present', 1, '1-1');
INSERT INTO attendance (student_roll_no, date, status, subject_id, semester) VALUES ('21EEE116', '2025-02-10', 'Present', 1, '1-1');
INSERT INTO attendance (student_roll_no, date, status, subject_id, semester) VALUES ('21EEE116', '2025-02-11', 'Present', 1, '1-1');
INSERT INTO attendance (student_roll_no, date, status, subject_id, semester) VALUES ('21EEE116', '2025-02-12', 'Present', 1, '1-1');
INSERT INTO attendance (student_roll_no, date, status, subject_id, semester) VALUES ('21EEE116', '2025-02-13', 'Present', 1, '1-1');
INSERT INTO attendance (student_roll_no, date, status, subject_id, semester) VALUES ('21EEE116', '2025-02-14', 'Present', 1, '1-1');
INSERT INTO attendance (student_roll_no, date, status, subject_id, semester) VALUES ('21EEE116', '2025-02-15', 'Present', 1, '1-1');
INSERT INTO attendance (student_roll_no, date, status, subject_id, semester) VALUES ('21EEE116', '2025-02-16', 'Present', 1, '1-1');
INSERT INTO attendance (student_roll_no, date, status, subject_id, semester) VALUES ('21EEE116', '2025-02-17', 'Present', 1, '1-1');
INSERT INTO attendance (student_roll_no, date, status, subject_id, semester) VALUES ('21EEE116', '2025-02-18', 'Present', 1, '1-1');
INSERT INTO attendance (student_roll_no, date, status, subject_id, semester) VALUES ('21EEE116', '2025-02-19', 'Present', 1, '1-1');
INSERT INTO fees (student_roll_no, academic_year, tuition_fees, convener_fees, due_date, paid_fees) VALUES ('21EEE116', '2024-25', 50000, 15000, '2025-05-15', 30000);
INSERT INTO students (roll_no, admission_no, name, branch, section, year, gender, dob, religion, phone, email, aadhar, address, father_name, mother_name, parents_occupation, parents_mobile, annual_income, joining_date, photo_url, is_hosteller, password_hash) VALUES ('22ECE117', 'ADM22ECE117', 'Ravi Naidu', 'ECE', 'A', 3, 'Female', '2005-09-20', 'Christian', '9848175864', '22ece117@nsrit.edu.in', '5596-3548-2486', 'H.No 85, Street 1, Visakhapatnam, AP', 'Das Rakesh', 'Karthik Varma', 'Farmer', '9848175864', 512739, '2023-07-15', 'https://api.dicebear.com/7.x/avataaars/svg?seed=22ECE117', 0, 'scrypt:32768:8:1$ARD8iu2R30ZgOvjn$0c28fb2c347ac069a47026ad5d1f981cf505bbde11b1e3626b8a21147aa73e5d94d807b682b1299e2029c5c2f76884672524bbc1c3de85f345c28f406888dfe1');
INSERT INTO mentors (student_roll_no, teacher_id) VALUES ('22ECE117', 'TCH001');
INSERT INTO marks (student_roll_no, subject_id, grade, grade_point, credits) VALUES ('22ECE117', 1, 'O', 10, 4);
INSERT INTO internal_marks (student_roll_no, subject_id, mid1, mid2, online_tests, assignments) VALUES ('22ECE117', 1, 23, 18, 10, 5);
INSERT INTO marks (student_roll_no, subject_id, grade, grade_point, credits) VALUES ('22ECE117', 2, 'C', 5, 4);
INSERT INTO internal_marks (student_roll_no, subject_id, mid1, mid2, online_tests, assignments) VALUES ('22ECE117', 2, 20, 23, 10, 5);
INSERT INTO marks (student_roll_no, subject_id, grade, grade_point, credits) VALUES ('22ECE117', 3, 'B', 6, 4);
INSERT INTO internal_marks (student_roll_no, subject_id, mid1, mid2, online_tests, assignments) VALUES ('22ECE117', 3, 18, 16, 10, 5);
INSERT INTO semester_results (student_roll_no, semester, sgpa, cgpa, total_credits, percentage) VALUES ('22ECE117',  '1-1', 8.5, 8.5,  11,  80.0);
INSERT INTO cgpa (student_roll_no, cgpa, total_credits, total_percentage) VALUES ('22ECE117', 8.5, 11, 80.0);
INSERT INTO attendance (student_roll_no, date, status, subject_id, semester) VALUES ('22ECE117', '2025-02-01', 'Present', 1, '1-1');
INSERT INTO attendance (student_roll_no, date, status, subject_id, semester) VALUES ('22ECE117', '2025-02-02', 'Present', 1, '1-1');
INSERT INTO attendance (student_roll_no, date, status, subject_id, semester) VALUES ('22ECE117', '2025-02-03', 'Absent', 1, '1-1');
INSERT INTO attendance (student_roll_no, date, status, subject_id, semester) VALUES ('22ECE117', '2025-02-04', 'Present', 1, '1-1');
INSERT INTO attendance (student_roll_no, date, status, subject_id, semester) VALUES ('22ECE117', '2025-02-05', 'Present', 1, '1-1');
INSERT INTO attendance (student_roll_no, date, status, subject_id, semester) VALUES ('22ECE117', '2025-02-06', 'Present', 1, '1-1');
INSERT INTO attendance (student_roll_no, date, status, subject_id, semester) VALUES ('22ECE117', '2025-02-07', 'Present', 1, '1-1');
INSERT INTO attendance (student_roll_no, date, status, subject_id, semester) VALUES ('22ECE117', '2025-02-08', 'Present', 1, '1-1');
INSERT INTO attendance (student_roll_no, date, status, subject_id, semester) VALUES ('22ECE117', '2025-02-09', 'Absent', 1, '1-1');
INSERT INTO attendance (student_roll_no, date, status, subject_id, semester) VALUES ('22ECE117', '2025-02-10', 'Present', 1, '1-1');
INSERT INTO attendance (student_roll_no, date, status, subject_id, semester) VALUES ('22ECE117', '2025-02-11', 'Present', 1, '1-1');
INSERT INTO attendance (student_roll_no, date, status, subject_id, semester) VALUES ('22ECE117', '2025-02-12', 'Present', 1, '1-1');
INSERT INTO attendance (student_roll_no, date, status, subject_id, semester) VALUES ('22ECE117', '2025-02-13', 'Present', 1, '1-1');
INSERT INTO attendance (student_roll_no, date, status, subject_id, semester) VALUES ('22ECE117', '2025-02-14', 'Present', 1, '1-1');
INSERT INTO attendance (student_roll_no, date, status, subject_id, semester) VALUES ('22ECE117', '2025-02-15', 'Present', 1, '1-1');
INSERT INTO attendance (student_roll_no, date, status, subject_id, semester) VALUES ('22ECE117', '2025-02-16', 'Present', 1, '1-1');
INSERT INTO attendance (student_roll_no, date, status, subject_id, semester) VALUES ('22ECE117', '2025-02-17', 'Present', 1, '1-1');
INSERT INTO attendance (student_roll_no, date, status, subject_id, semester) VALUES ('22ECE117', '2025-02-18', 'Present', 1, '1-1');
INSERT INTO attendance (student_roll_no, date, status, subject_id, semester) VALUES ('22ECE117', '2025-02-19', 'Present', 1, '1-1');
INSERT INTO fees (student_roll_no, academic_year, tuition_fees, convener_fees, due_date, paid_fees) VALUES ('22ECE117', '2024-25', 50000, 15000, '2025-05-15', 30000);
INSERT INTO students (roll_no, admission_no, name, branch, section, year, gender, dob, religion, phone, email, aadhar, address, father_name, mother_name, parents_occupation, parents_mobile, annual_income, joining_date, photo_url, is_hosteller, password_hash) VALUES ('21CSE118', 'ADM21CSE118', 'Akhil Reddy', 'CSE', 'C', 4, 'Female', '2005-08-12', 'Christian', '9848782419', '21cse118@nsrit.edu.in', '6993-5553-4622', 'H.No 287, Street 3, Visakhapatnam, AP', 'Naidu Akhil', 'Karthik Singh', 'Doctor', '9848782419', 383383, '2023-07-15', 'https://api.dicebear.com/7.x/avataaars/svg?seed=21CSE118', 0, 'scrypt:32768:8:1$ARD8iu2R30ZgOvjn$0c28fb2c347ac069a47026ad5d1f981cf505bbde11b1e3626b8a21147aa73e5d94d807b682b1299e2029c5c2f76884672524bbc1c3de85f345c28f406888dfe1');
INSERT INTO mentors (student_roll_no, teacher_id) VALUES ('21CSE118', 'TCH002');
INSERT INTO marks (student_roll_no, subject_id, grade, grade_point, credits) VALUES ('21CSE118', 1, 'A', 8, 4);
INSERT INTO internal_marks (student_roll_no, subject_id, mid1, mid2, online_tests, assignments) VALUES ('21CSE118', 1, 25, 19, 10, 5);
INSERT INTO marks (student_roll_no, subject_id, grade, grade_point, credits) VALUES ('21CSE118', 2, 'A+', 9, 4);
INSERT INTO internal_marks (student_roll_no, subject_id, mid1, mid2, online_tests, assignments) VALUES ('21CSE118', 2, 18, 18, 10, 5);
INSERT INTO marks (student_roll_no, subject_id, grade, grade_point, credits) VALUES ('21CSE118', 3, 'A', 8, 4);
INSERT INTO internal_marks (student_roll_no, subject_id, mid1, mid2, online_tests, assignments) VALUES ('21CSE118', 3, 22, 25, 10, 5);
INSERT INTO semester_results (student_roll_no, semester, sgpa, cgpa, total_credits, percentage) VALUES ('21CSE118',  '1-1', 8.5, 8.5,  11,  80.0);
INSERT INTO cgpa (student_roll_no, cgpa, total_credits, total_percentage) VALUES ('21CSE118', 8.5, 11, 80.0);
INSERT INTO attendance (student_roll_no, date, status, subject_id, semester) VALUES ('21CSE118', '2025-02-01', 'Present', 1, '1-1');
INSERT INTO attendance (student_roll_no, date, status, subject_id, semester) VALUES ('21CSE118', '2025-02-02', 'Present', 1, '1-1');
INSERT INTO attendance (student_roll_no, date, status, subject_id, semester) VALUES ('21CSE118', '2025-02-03', 'Present', 1, '1-1');
INSERT INTO attendance (student_roll_no, date, status, subject_id, semester) VALUES ('21CSE118', '2025-02-04', 'Present', 1, '1-1');
INSERT INTO attendance (student_roll_no, date, status, subject_id, semester) VALUES ('21CSE118', '2025-02-05', 'Present', 1, '1-1');
INSERT INTO attendance (student_roll_no, date, status, subject_id, semester) VALUES ('21CSE118', '2025-02-06', 'Absent', 1, '1-1');
INSERT INTO attendance (student_roll_no, date, status, subject_id, semester) VALUES ('21CSE118', '2025-02-07', 'Absent', 1, '1-1');
INSERT INTO attendance (student_roll_no, date, status, subject_id, semester) VALUES ('21CSE118', '2025-02-08', 'Present', 1, '1-1');
INSERT INTO attendance (student_roll_no, date, status, subject_id, semester) VALUES ('21CSE118', '2025-02-09', 'Absent', 1, '1-1');
INSERT INTO attendance (student_roll_no, date, status, subject_id, semester) VALUES ('21CSE118', '2025-02-10', 'Present', 1, '1-1');
INSERT INTO attendance (student_roll_no, date, status, subject_id, semester) VALUES ('21CSE118', '2025-02-11', 'Absent', 1, '1-1');
INSERT INTO attendance (student_roll_no, date, status, subject_id, semester) VALUES ('21CSE118', '2025-02-12', 'Present', 1, '1-1');
INSERT INTO attendance (student_roll_no, date, status, subject_id, semester) VALUES ('21CSE118', '2025-02-13', 'Present', 1, '1-1');
INSERT INTO attendance (student_roll_no, date, status, subject_id, semester) VALUES ('21CSE118', '2025-02-14', 'Present', 1, '1-1');
INSERT INTO attendance (student_roll_no, date, status, subject_id, semester) VALUES ('21CSE118', '2025-02-15', 'Present', 1, '1-1');
INSERT INTO attendance (student_roll_no, date, status, subject_id, semester) VALUES ('21CSE118', '2025-02-16', 'Present', 1, '1-1');
INSERT INTO attendance (student_roll_no, date, status, subject_id, semester) VALUES ('21CSE118', '2025-02-17', 'Absent', 1, '1-1');
INSERT INTO attendance (student_roll_no, date, status, subject_id, semester) VALUES ('21CSE118', '2025-02-18', 'Present', 1, '1-1');
INSERT INTO attendance (student_roll_no, date, status, subject_id, semester) VALUES ('21CSE118', '2025-02-19', 'Absent', 1, '1-1');
INSERT INTO fees (student_roll_no, academic_year, tuition_fees, convener_fees, due_date, paid_fees) VALUES ('21CSE118', '2024-25', 50000, 15000, '2025-05-15', 30000);
INSERT INTO students (roll_no, admission_no, name, branch, section, year, gender, dob, religion, phone, email, aadhar, address, father_name, mother_name, parents_occupation, parents_mobile, annual_income, joining_date, photo_url, is_hosteller, password_hash) VALUES ('23IT119', 'ADM23IT119', 'Rakesh Sharma', 'IT', 'B', 2, 'Female', '2005-03-01', 'Christian', '9848734231', '23it119@nsrit.edu.in', '2002-1364-1929', 'H.No 311, Street 3, Visakhapatnam, AP', 'Rao Priya', 'Sowmya Sharma', 'Business', '9848734231', 977818, '2023-07-15', 'https://api.dicebear.com/7.x/avataaars/svg?seed=23IT119', 0, 'scrypt:32768:8:1$ARD8iu2R30ZgOvjn$0c28fb2c347ac069a47026ad5d1f981cf505bbde11b1e3626b8a21147aa73e5d94d807b682b1299e2029c5c2f76884672524bbc1c3de85f345c28f406888dfe1');
INSERT INTO mentors (student_roll_no, teacher_id) VALUES ('23IT119', 'TCH001');
INSERT INTO marks (student_roll_no, subject_id, grade, grade_point, credits) VALUES ('23IT119', 1, 'A', 8, 4);
INSERT INTO internal_marks (student_roll_no, subject_id, mid1, mid2, online_tests, assignments) VALUES ('23IT119', 1, 16, 22, 10, 5);
INSERT INTO marks (student_roll_no, subject_id, grade, grade_point, credits) VALUES ('23IT119', 2, 'C', 5, 4);
INSERT INTO internal_marks (student_roll_no, subject_id, mid1, mid2, online_tests, assignments) VALUES ('23IT119', 2, 21, 18, 10, 5);
INSERT INTO marks (student_roll_no, subject_id, grade, grade_point, credits) VALUES ('23IT119', 3, 'B', 6, 4);
INSERT INTO internal_marks (student_roll_no, subject_id, mid1, mid2, online_tests, assignments) VALUES ('23IT119', 3, 24, 22, 10, 5);
INSERT INTO semester_results (student_roll_no, semester, sgpa, cgpa, total_credits, percentage) VALUES ('23IT119',  '1-1', 8.5, 8.5,  11,  80.0);
INSERT INTO cgpa (student_roll_no, cgpa, total_credits, total_percentage) VALUES ('23IT119', 8.5, 11, 80.0);
INSERT INTO attendance (student_roll_no, date, status, subject_id, semester) VALUES ('23IT119', '2025-02-01', 'Present', 1, '1-1');
INSERT INTO attendance (student_roll_no, date, status, subject_id, semester) VALUES ('23IT119', '2025-02-02', 'Present', 1, '1-1');
INSERT INTO attendance (student_roll_no, date, status, subject_id, semester) VALUES ('23IT119', '2025-02-03', 'Present', 1, '1-1');
INSERT INTO attendance (student_roll_no, date, status, subject_id, semester) VALUES ('23IT119', '2025-02-04', 'Present', 1, '1-1');
INSERT INTO attendance (student_roll_no, date, status, subject_id, semester) VALUES ('23IT119', '2025-02-05', 'Present', 1, '1-1');
INSERT INTO attendance (student_roll_no, date, status, subject_id, semester) VALUES ('23IT119', '2025-02-06', 'Present', 1, '1-1');
INSERT INTO attendance (student_roll_no, date, status, subject_id, semester) VALUES ('23IT119', '2025-02-07', 'Present', 1, '1-1');
INSERT INTO attendance (student_roll_no, date, status, subject_id, semester) VALUES ('23IT119', '2025-02-08', 'Present', 1, '1-1');
INSERT INTO attendance (student_roll_no, date, status, subject_id, semester) VALUES ('23IT119', '2025-02-09', 'Present', 1, '1-1');
INSERT INTO attendance (student_roll_no, date, status, subject_id, semester) VALUES ('23IT119', '2025-02-10', 'Present', 1, '1-1');
INSERT INTO attendance (student_roll_no, date, status, subject_id, semester) VALUES ('23IT119', '2025-02-11', 'Present', 1, '1-1');
INSERT INTO attendance (student_roll_no, date, status, subject_id, semester) VALUES ('23IT119', '2025-02-12', 'Present', 1, '1-1');
INSERT INTO attendance (student_roll_no, date, status, subject_id, semester) VALUES ('23IT119', '2025-02-13', 'Present', 1, '1-1');
INSERT INTO attendance (student_roll_no, date, status, subject_id, semester) VALUES ('23IT119', '2025-02-14', 'Present', 1, '1-1');
INSERT INTO attendance (student_roll_no, date, status, subject_id, semester) VALUES ('23IT119', '2025-02-15', 'Present', 1, '1-1');
INSERT INTO attendance (student_roll_no, date, status, subject_id, semester) VALUES ('23IT119', '2025-02-16', 'Present', 1, '1-1');
INSERT INTO attendance (student_roll_no, date, status, subject_id, semester) VALUES ('23IT119', '2025-02-17', 'Present', 1, '1-1');
INSERT INTO attendance (student_roll_no, date, status, subject_id, semester) VALUES ('23IT119', '2025-02-18', 'Present', 1, '1-1');
INSERT INTO attendance (student_roll_no, date, status, subject_id, semester) VALUES ('23IT119', '2025-02-19', 'Absent', 1, '1-1');
INSERT INTO fees (student_roll_no, academic_year, tuition_fees, convener_fees, due_date, paid_fees) VALUES ('23IT119', '2024-25', 50000, 15000, '2025-05-15', 30000);
INSERT INTO students (roll_no, admission_no, name, branch, section, year, gender, dob, religion, phone, email, aadhar, address, father_name, mother_name, parents_occupation, parents_mobile, annual_income, joining_date, photo_url, is_hosteller, password_hash) VALUES ('23CSE120', 'ADM23CSE120', 'Neha Rao', 'CSE', 'A', 2, 'Male', '2005-07-23', 'Muslim', '9848819730', '23cse120@nsrit.edu.in', '2073-8849-5451', 'H.No 367, Street 16, Visakhapatnam, AP', 'Naidu Raja', 'Sai Das', 'Engineer', '9848819730', 700477, '2023-07-15', 'https://api.dicebear.com/7.x/avataaars/svg?seed=23CSE120', 1, 'scrypt:32768:8:1$ARD8iu2R30ZgOvjn$0c28fb2c347ac069a47026ad5d1f981cf505bbde11b1e3626b8a21147aa73e5d94d807b682b1299e2029c5c2f76884672524bbc1c3de85f345c28f406888dfe1');
INSERT INTO mentors (student_roll_no, teacher_id) VALUES ('23CSE120', 'TCH011');
INSERT INTO marks (student_roll_no, subject_id, grade, grade_point, credits) VALUES ('23CSE120', 1, 'B', 6, 4);
INSERT INTO internal_marks (student_roll_no, subject_id, mid1, mid2, online_tests, assignments) VALUES ('23CSE120', 1, 25, 18, 10, 5);
INSERT INTO marks (student_roll_no, subject_id, grade, grade_point, credits) VALUES ('23CSE120', 2, 'B+', 7, 4);
INSERT INTO internal_marks (student_roll_no, subject_id, mid1, mid2, online_tests, assignments) VALUES ('23CSE120', 2, 17, 25, 10, 5);
INSERT INTO marks (student_roll_no, subject_id, grade, grade_point, credits) VALUES ('23CSE120', 3, 'A', 8, 4);
INSERT INTO internal_marks (student_roll_no, subject_id, mid1, mid2, online_tests, assignments) VALUES ('23CSE120', 3, 16, 23, 10, 5);
INSERT INTO semester_results (student_roll_no, semester, sgpa, cgpa, total_credits, percentage) VALUES ('23CSE120',  '1-1', 8.5, 8.5,  11,  80.0);
INSERT INTO cgpa (student_roll_no, cgpa, total_credits, total_percentage) VALUES ('23CSE120', 8.5, 11, 80.0);
INSERT INTO attendance (student_roll_no, date, status, subject_id, semester) VALUES ('23CSE120', '2025-02-01', 'Present', 1, '1-1');
INSERT INTO attendance (student_roll_no, date, status, subject_id, semester) VALUES ('23CSE120', '2025-02-02', 'Present', 1, '1-1');
INSERT INTO attendance (student_roll_no, date, status, subject_id, semester) VALUES ('23CSE120', '2025-02-03', 'Present', 1, '1-1');
INSERT INTO attendance (student_roll_no, date, status, subject_id, semester) VALUES ('23CSE120', '2025-02-04', 'Present', 1, '1-1');
INSERT INTO attendance (student_roll_no, date, status, subject_id, semester) VALUES ('23CSE120', '2025-02-05', 'Present', 1, '1-1');
INSERT INTO attendance (student_roll_no, date, status, subject_id, semester) VALUES ('23CSE120', '2025-02-06', 'Present', 1, '1-1');
INSERT INTO attendance (student_roll_no, date, status, subject_id, semester) VALUES ('23CSE120', '2025-02-07', 'Present', 1, '1-1');
INSERT INTO attendance (student_roll_no, date, status, subject_id, semester) VALUES ('23CSE120', '2025-02-08', 'Absent', 1, '1-1');
INSERT INTO attendance (student_roll_no, date, status, subject_id, semester) VALUES ('23CSE120', '2025-02-09', 'Absent', 1, '1-1');
INSERT INTO attendance (student_roll_no, date, status, subject_id, semester) VALUES ('23CSE120', '2025-02-10', 'Absent', 1, '1-1');
INSERT INTO attendance (student_roll_no, date, status, subject_id, semester) VALUES ('23CSE120', '2025-02-11', 'Present', 1, '1-1');
INSERT INTO attendance (student_roll_no, date, status, subject_id, semester) VALUES ('23CSE120', '2025-02-12', 'Present', 1, '1-1');
INSERT INTO attendance (student_roll_no, date, status, subject_id, semester) VALUES ('23CSE120', '2025-02-13', 'Present', 1, '1-1');
INSERT INTO attendance (student_roll_no, date, status, subject_id, semester) VALUES ('23CSE120', '2025-02-14', 'Present', 1, '1-1');
INSERT INTO attendance (student_roll_no, date, status, subject_id, semester) VALUES ('23CSE120', '2025-02-15', 'Absent', 1, '1-1');
INSERT INTO attendance (student_roll_no, date, status, subject_id, semester) VALUES ('23CSE120', '2025-02-16', 'Present', 1, '1-1');
INSERT INTO attendance (student_roll_no, date, status, subject_id, semester) VALUES ('23CSE120', '2025-02-17', 'Present', 1, '1-1');
INSERT INTO attendance (student_roll_no, date, status, subject_id, semester) VALUES ('23CSE120', '2025-02-18', 'Present', 1, '1-1');
INSERT INTO attendance (student_roll_no, date, status, subject_id, semester) VALUES ('23CSE120', '2025-02-19', 'Present', 1, '1-1');
INSERT INTO fees (student_roll_no, academic_year, tuition_fees, convener_fees, due_date, paid_fees) VALUES ('23CSE120', '2024-25', 50000, 15000, '2025-05-15', 30000);
INSERT INTO outing_records (roll_number, date, reason) VALUES ('23CSE120', '2025-03-01', 'Weekend home');
INSERT INTO students (roll_no, admission_no, name, branch, section, year, gender, dob, religion, phone, email, aadhar, address, father_name, mother_name, parents_occupation, parents_mobile, annual_income, joining_date, photo_url, is_hosteller, password_hash) VALUES ('22MECH121', 'ADM22MECH121', 'Sowmya Naidu', 'MECH', 'C', 3, 'Male', '2005-05-22', 'Muslim', '9848487903', '22mech121@nsrit.edu.in', '9001-9707-1171', 'H.No 123, Street 7, Visakhapatnam, AP', 'Kumar Rahul', 'Neha Varma', 'Business', '9848487903', 205563, '2023-07-15', 'https://api.dicebear.com/7.x/avataaars/svg?seed=22MECH121', 0, 'scrypt:32768:8:1$ARD8iu2R30ZgOvjn$0c28fb2c347ac069a47026ad5d1f981cf505bbde11b1e3626b8a21147aa73e5d94d807b682b1299e2029c5c2f76884672524bbc1c3de85f345c28f406888dfe1');
INSERT INTO mentors (student_roll_no, teacher_id) VALUES ('22MECH121', 'TCH008');
INSERT INTO marks (student_roll_no, subject_id, grade, grade_point, credits) VALUES ('22MECH121', 1, 'B', 6, 4);
INSERT INTO internal_marks (student_roll_no, subject_id, mid1, mid2, online_tests, assignments) VALUES ('22MECH121', 1, 22, 15, 10, 5);
INSERT INTO marks (student_roll_no, subject_id, grade, grade_point, credits) VALUES ('22MECH121', 2, 'O', 10, 4);
INSERT INTO internal_marks (student_roll_no, subject_id, mid1, mid2, online_tests, assignments) VALUES ('22MECH121', 2, 17, 24, 10, 5);
INSERT INTO marks (student_roll_no, subject_id, grade, grade_point, credits) VALUES ('22MECH121', 3, 'A', 8, 4);
INSERT INTO internal_marks (student_roll_no, subject_id, mid1, mid2, online_tests, assignments) VALUES ('22MECH121', 3, 16, 22, 10, 5);
INSERT INTO semester_results (student_roll_no, semester, sgpa, cgpa, total_credits, percentage) VALUES ('22MECH121',  '1-1', 8.5, 8.5,  11,  80.0);
INSERT INTO cgpa (student_roll_no, cgpa, total_credits, total_percentage) VALUES ('22MECH121', 8.5, 11, 80.0);
INSERT INTO attendance (student_roll_no, date, status, subject_id, semester) VALUES ('22MECH121', '2025-02-01', 'Present', 1, '1-1');
INSERT INTO attendance (student_roll_no, date, status, subject_id, semester) VALUES ('22MECH121', '2025-02-02', 'Present', 1, '1-1');
INSERT INTO attendance (student_roll_no, date, status, subject_id, semester) VALUES ('22MECH121', '2025-02-03', 'Present', 1, '1-1');
INSERT INTO attendance (student_roll_no, date, status, subject_id, semester) VALUES ('22MECH121', '2025-02-04', 'Present', 1, '1-1');
INSERT INTO attendance (student_roll_no, date, status, subject_id, semester) VALUES ('22MECH121', '2025-02-05', 'Present', 1, '1-1');
INSERT INTO attendance (student_roll_no, date, status, subject_id, semester) VALUES ('22MECH121', '2025-02-06', 'Present', 1, '1-1');
INSERT INTO attendance (student_roll_no, date, status, subject_id, semester) VALUES ('22MECH121', '2025-02-07', 'Present', 1, '1-1');
INSERT INTO attendance (student_roll_no, date, status, subject_id, semester) VALUES ('22MECH121', '2025-02-08', 'Present', 1, '1-1');
INSERT INTO attendance (student_roll_no, date, status, subject_id, semester) VALUES ('22MECH121', '2025-02-09', 'Present', 1, '1-1');
INSERT INTO attendance (student_roll_no, date, status, subject_id, semester) VALUES ('22MECH121', '2025-02-10', 'Absent', 1, '1-1');
INSERT INTO attendance (student_roll_no, date, status, subject_id, semester) VALUES ('22MECH121', '2025-02-11', 'Present', 1, '1-1');
INSERT INTO attendance (student_roll_no, date, status, subject_id, semester) VALUES ('22MECH121', '2025-02-12', 'Present', 1, '1-1');
INSERT INTO attendance (student_roll_no, date, status, subject_id, semester) VALUES ('22MECH121', '2025-02-13', 'Present', 1, '1-1');
INSERT INTO attendance (student_roll_no, date, status, subject_id, semester) VALUES ('22MECH121', '2025-02-14', 'Present', 1, '1-1');
INSERT INTO attendance (student_roll_no, date, status, subject_id, semester) VALUES ('22MECH121', '2025-02-15', 'Present', 1, '1-1');
INSERT INTO attendance (student_roll_no, date, status, subject_id, semester) VALUES ('22MECH121', '2025-02-16', 'Present', 1, '1-1');
INSERT INTO attendance (student_roll_no, date, status, subject_id, semester) VALUES ('22MECH121', '2025-02-17', 'Present', 1, '1-1');
INSERT INTO attendance (student_roll_no, date, status, subject_id, semester) VALUES ('22MECH121', '2025-02-18', 'Present', 1, '1-1');
INSERT INTO attendance (student_roll_no, date, status, subject_id, semester) VALUES ('22MECH121', '2025-02-19', 'Present', 1, '1-1');
INSERT INTO fees (student_roll_no, academic_year, tuition_fees, convener_fees, due_date, paid_fees) VALUES ('22MECH121', '2024-25', 50000, 15000, '2025-05-15', 30000);
INSERT INTO students (roll_no, admission_no, name, branch, section, year, gender, dob, religion, phone, email, aadhar, address, father_name, mother_name, parents_occupation, parents_mobile, annual_income, joining_date, photo_url, is_hosteller, password_hash) VALUES ('21CSE122', 'ADM21CSE122', 'Akhil Reddy', 'CSE', 'C', 4, 'Female', '2005-01-01', 'Christian', '9848128229', '21cse122@nsrit.edu.in', '5344-9673-9789', 'H.No 157, Street 14, Visakhapatnam, AP', 'Reddy Sowmya', 'Divya Kumar', 'Farmer', '9848128229', 636242, '2023-07-15', 'https://api.dicebear.com/7.x/avataaars/svg?seed=21CSE122', 0, 'scrypt:32768:8:1$ARD8iu2R30ZgOvjn$0c28fb2c347ac069a47026ad5d1f981cf505bbde11b1e3626b8a21147aa73e5d94d807b682b1299e2029c5c2f76884672524bbc1c3de85f345c28f406888dfe1');
INSERT INTO mentors (student_roll_no, teacher_id) VALUES ('21CSE122', 'TCH002');
INSERT INTO marks (student_roll_no, subject_id, grade, grade_point, credits) VALUES ('21CSE122', 1, 'O', 10, 4);
INSERT INTO internal_marks (student_roll_no, subject_id, mid1, mid2, online_tests, assignments) VALUES ('21CSE122', 1, 20, 18, 10, 5);
INSERT INTO marks (student_roll_no, subject_id, grade, grade_point, credits) VALUES ('21CSE122', 2, 'B', 6, 4);
INSERT INTO internal_marks (student_roll_no, subject_id, mid1, mid2, online_tests, assignments) VALUES ('21CSE122', 2, 17, 21, 10, 5);
INSERT INTO marks (student_roll_no, subject_id, grade, grade_point, credits) VALUES ('21CSE122', 3, 'B', 6, 4);
INSERT INTO internal_marks (student_roll_no, subject_id, mid1, mid2, online_tests, assignments) VALUES ('21CSE122', 3, 17, 16, 10, 5);
INSERT INTO semester_results (student_roll_no, semester, sgpa, cgpa, total_credits, percentage) VALUES ('21CSE122',  '1-1', 8.5, 8.5,  11,  80.0);
INSERT INTO cgpa (student_roll_no, cgpa, total_credits, total_percentage) VALUES ('21CSE122', 8.5, 11, 80.0);
INSERT INTO attendance (student_roll_no, date, status, subject_id, semester) VALUES ('21CSE122', '2025-02-01', 'Present', 1, '1-1');
INSERT INTO attendance (student_roll_no, date, status, subject_id, semester) VALUES ('21CSE122', '2025-02-02', 'Present', 1, '1-1');
INSERT INTO attendance (student_roll_no, date, status, subject_id, semester) VALUES ('21CSE122', '2025-02-03', 'Present', 1, '1-1');
INSERT INTO attendance (student_roll_no, date, status, subject_id, semester) VALUES ('21CSE122', '2025-02-04', 'Present', 1, '1-1');
INSERT INTO attendance (student_roll_no, date, status, subject_id, semester) VALUES ('21CSE122', '2025-02-05', 'Present', 1, '1-1');
INSERT INTO attendance (student_roll_no, date, status, subject_id, semester) VALUES ('21CSE122', '2025-02-06', 'Absent', 1, '1-1');
INSERT INTO attendance (student_roll_no, date, status, subject_id, semester) VALUES ('21CSE122', '2025-02-07', 'Present', 1, '1-1');
INSERT INTO attendance (student_roll_no, date, status, subject_id, semester) VALUES ('21CSE122', '2025-02-08', 'Present', 1, '1-1');
INSERT INTO attendance (student_roll_no, date, status, subject_id, semester) VALUES ('21CSE122', '2025-02-09', 'Present', 1, '1-1');
INSERT INTO attendance (student_roll_no, date, status, subject_id, semester) VALUES ('21CSE122', '2025-02-10', 'Present', 1, '1-1');
INSERT INTO attendance (student_roll_no, date, status, subject_id, semester) VALUES ('21CSE122', '2025-02-11', 'Present', 1, '1-1');
INSERT INTO attendance (student_roll_no, date, status, subject_id, semester) VALUES ('21CSE122', '2025-02-12', 'Present', 1, '1-1');
INSERT INTO attendance (student_roll_no, date, status, subject_id, semester) VALUES ('21CSE122', '2025-02-13', 'Present', 1, '1-1');
INSERT INTO attendance (student_roll_no, date, status, subject_id, semester) VALUES ('21CSE122', '2025-02-14', 'Present', 1, '1-1');
INSERT INTO attendance (student_roll_no, date, status, subject_id, semester) VALUES ('21CSE122', '2025-02-15', 'Present', 1, '1-1');
INSERT INTO attendance (student_roll_no, date, status, subject_id, semester) VALUES ('21CSE122', '2025-02-16', 'Present', 1, '1-1');
INSERT INTO attendance (student_roll_no, date, status, subject_id, semester) VALUES ('21CSE122', '2025-02-17', 'Present', 1, '1-1');
INSERT INTO attendance (student_roll_no, date, status, subject_id, semester) VALUES ('21CSE122', '2025-02-18', 'Present', 1, '1-1');
INSERT INTO attendance (student_roll_no, date, status, subject_id, semester) VALUES ('21CSE122', '2025-02-19', 'Present', 1, '1-1');
INSERT INTO fees (student_roll_no, academic_year, tuition_fees, convener_fees, due_date, paid_fees) VALUES ('21CSE122', '2024-25', 50000, 15000, '2025-05-15', 30000);
INSERT INTO students (roll_no, admission_no, name, branch, section, year, gender, dob, religion, phone, email, aadhar, address, father_name, mother_name, parents_occupation, parents_mobile, annual_income, joining_date, photo_url, is_hosteller, password_hash) VALUES ('23IT123', 'ADM23IT123', 'Ramesh Sharma', 'IT', 'B', 2, 'Female', '2005-08-18', 'Sikh', '9848466775', '23it123@nsrit.edu.in', '3719-3356-4741', 'H.No 334, Street 5, Visakhapatnam, AP', 'Patel Ramesh', 'Anil Singh', 'Business', '9848466775', 776860, '2023-07-15', 'https://api.dicebear.com/7.x/avataaars/svg?seed=23IT123', 0, 'scrypt:32768:8:1$ARD8iu2R30ZgOvjn$0c28fb2c347ac069a47026ad5d1f981cf505bbde11b1e3626b8a21147aa73e5d94d807b682b1299e2029c5c2f76884672524bbc1c3de85f345c28f406888dfe1');
INSERT INTO mentors (student_roll_no, teacher_id) VALUES ('23IT123', 'TCH012');
INSERT INTO marks (student_roll_no, subject_id, grade, grade_point, credits) VALUES ('23IT123', 1, 'B', 6, 4);
INSERT INTO internal_marks (student_roll_no, subject_id, mid1, mid2, online_tests, assignments) VALUES ('23IT123', 1, 18, 22, 10, 5);
INSERT INTO marks (student_roll_no, subject_id, grade, grade_point, credits) VALUES ('23IT123', 2, 'A', 8, 4);
INSERT INTO internal_marks (student_roll_no, subject_id, mid1, mid2, online_tests, assignments) VALUES ('23IT123', 2, 23, 18, 10, 5);
INSERT INTO marks (student_roll_no, subject_id, grade, grade_point, credits) VALUES ('23IT123', 3, 'B', 6, 4);
INSERT INTO internal_marks (student_roll_no, subject_id, mid1, mid2, online_tests, assignments) VALUES ('23IT123', 3, 23, 16, 10, 5);
INSERT INTO semester_results (student_roll_no, semester, sgpa, cgpa, total_credits, percentage) VALUES ('23IT123',  '1-1', 8.5, 8.5,  11,  80.0);
INSERT INTO cgpa (student_roll_no, cgpa, total_credits, total_percentage) VALUES ('23IT123', 8.5, 11, 80.0);
INSERT INTO attendance (student_roll_no, date, status, subject_id, semester) VALUES ('23IT123', '2025-02-01', 'Present', 1, '1-1');
INSERT INTO attendance (student_roll_no, date, status, subject_id, semester) VALUES ('23IT123', '2025-02-02', 'Present', 1, '1-1');
INSERT INTO attendance (student_roll_no, date, status, subject_id, semester) VALUES ('23IT123', '2025-02-03', 'Present', 1, '1-1');
INSERT INTO attendance (student_roll_no, date, status, subject_id, semester) VALUES ('23IT123', '2025-02-04', 'Absent', 1, '1-1');
INSERT INTO attendance (student_roll_no, date, status, subject_id, semester) VALUES ('23IT123', '2025-02-05', 'Present', 1, '1-1');
INSERT INTO attendance (student_roll_no, date, status, subject_id, semester) VALUES ('23IT123', '2025-02-06', 'Present', 1, '1-1');
INSERT INTO attendance (student_roll_no, date, status, subject_id, semester) VALUES ('23IT123', '2025-02-07', 'Present', 1, '1-1');
INSERT INTO attendance (student_roll_no, date, status, subject_id, semester) VALUES ('23IT123', '2025-02-08', 'Present', 1, '1-1');
INSERT INTO attendance (student_roll_no, date, status, subject_id, semester) VALUES ('23IT123', '2025-02-09', 'Absent', 1, '1-1');
INSERT INTO attendance (student_roll_no, date, status, subject_id, semester) VALUES ('23IT123', '2025-02-10', 'Present', 1, '1-1');
INSERT INTO attendance (student_roll_no, date, status, subject_id, semester) VALUES ('23IT123', '2025-02-11', 'Present', 1, '1-1');
INSERT INTO attendance (student_roll_no, date, status, subject_id, semester) VALUES ('23IT123', '2025-02-12', 'Present', 1, '1-1');
INSERT INTO attendance (student_roll_no, date, status, subject_id, semester) VALUES ('23IT123', '2025-02-13', 'Present', 1, '1-1');
INSERT INTO attendance (student_roll_no, date, status, subject_id, semester) VALUES ('23IT123', '2025-02-14', 'Present', 1, '1-1');
INSERT INTO attendance (student_roll_no, date, status, subject_id, semester) VALUES ('23IT123', '2025-02-15', 'Present', 1, '1-1');
INSERT INTO attendance (student_roll_no, date, status, subject_id, semester) VALUES ('23IT123', '2025-02-16', 'Present', 1, '1-1');
INSERT INTO attendance (student_roll_no, date, status, subject_id, semester) VALUES ('23IT123', '2025-02-17', 'Absent', 1, '1-1');
INSERT INTO attendance (student_roll_no, date, status, subject_id, semester) VALUES ('23IT123', '2025-02-18', 'Present', 1, '1-1');
INSERT INTO attendance (student_roll_no, date, status, subject_id, semester) VALUES ('23IT123', '2025-02-19', 'Present', 1, '1-1');
INSERT INTO fees (student_roll_no, academic_year, tuition_fees, convener_fees, due_date, paid_fees) VALUES ('23IT123', '2024-25', 50000, 15000, '2025-05-15', 30000);
INSERT INTO students (roll_no, admission_no, name, branch, section, year, gender, dob, religion, phone, email, aadhar, address, father_name, mother_name, parents_occupation, parents_mobile, annual_income, joining_date, photo_url, is_hosteller, password_hash) VALUES ('22ECE124', 'ADM22ECE124', 'Divya Chowdary', 'ECE', 'B', 3, 'Male', '2005-06-18', 'Christian', '9848243418', '22ece124@nsrit.edu.in', '6096-6201-6209', 'H.No 237, Street 7, Visakhapatnam, AP', 'Naidu Praveen', 'Sowmya Varma', 'Teacher', '9848243418', 220855, '2023-07-15', 'https://api.dicebear.com/7.x/avataaars/svg?seed=22ECE124', 0, 'scrypt:32768:8:1$ARD8iu2R30ZgOvjn$0c28fb2c347ac069a47026ad5d1f981cf505bbde11b1e3626b8a21147aa73e5d94d807b682b1299e2029c5c2f76884672524bbc1c3de85f345c28f406888dfe1');
INSERT INTO mentors (student_roll_no, teacher_id) VALUES ('22ECE124', 'TCH014');
INSERT INTO marks (student_roll_no, subject_id, grade, grade_point, credits) VALUES ('22ECE124', 1, 'B+', 7, 4);
INSERT INTO internal_marks (student_roll_no, subject_id, mid1, mid2, online_tests, assignments) VALUES ('22ECE124', 1, 15, 16, 10, 5);
INSERT INTO marks (student_roll_no, subject_id, grade, grade_point, credits) VALUES ('22ECE124', 2, 'A', 8, 4);
INSERT INTO internal_marks (student_roll_no, subject_id, mid1, mid2, online_tests, assignments) VALUES ('22ECE124', 2, 20, 19, 10, 5);
INSERT INTO marks (student_roll_no, subject_id, grade, grade_point, credits) VALUES ('22ECE124', 3, 'B', 6, 4);
INSERT INTO internal_marks (student_roll_no, subject_id, mid1, mid2, online_tests, assignments) VALUES ('22ECE124', 3, 20, 21, 10, 5);
INSERT INTO semester_results (student_roll_no, semester, sgpa, cgpa, total_credits, percentage) VALUES ('22ECE124',  '1-1', 8.5, 8.5,  11,  80.0);
INSERT INTO cgpa (student_roll_no, cgpa, total_credits, total_percentage) VALUES ('22ECE124', 8.5, 11, 80.0);
INSERT INTO attendance (student_roll_no, date, status, subject_id, semester) VALUES ('22ECE124', '2025-02-01', 'Present', 1, '1-1');
INSERT INTO attendance (student_roll_no, date, status, subject_id, semester) VALUES ('22ECE124', '2025-02-02', 'Present', 1, '1-1');
INSERT INTO attendance (student_roll_no, date, status, subject_id, semester) VALUES ('22ECE124', '2025-02-03', 'Present', 1, '1-1');
INSERT INTO attendance (student_roll_no, date, status, subject_id, semester) VALUES ('22ECE124', '2025-02-04', 'Present', 1, '1-1');
INSERT INTO attendance (student_roll_no, date, status, subject_id, semester) VALUES ('22ECE124', '2025-02-05', 'Present', 1, '1-1');
INSERT INTO attendance (student_roll_no, date, status, subject_id, semester) VALUES ('22ECE124', '2025-02-06', 'Present', 1, '1-1');
INSERT INTO attendance (student_roll_no, date, status, subject_id, semester) VALUES ('22ECE124', '2025-02-07', 'Present', 1, '1-1');
INSERT INTO attendance (student_roll_no, date, status, subject_id, semester) VALUES ('22ECE124', '2025-02-08', 'Present', 1, '1-1');
INSERT INTO attendance (student_roll_no, date, status, subject_id, semester) VALUES ('22ECE124', '2025-02-09', 'Present', 1, '1-1');
INSERT INTO attendance (student_roll_no, date, status, subject_id, semester) VALUES ('22ECE124', '2025-02-10', 'Absent', 1, '1-1');
INSERT INTO attendance (student_roll_no, date, status, subject_id, semester) VALUES ('22ECE124', '2025-02-11', 'Present', 1, '1-1');
INSERT INTO attendance (student_roll_no, date, status, subject_id, semester) VALUES ('22ECE124', '2025-02-12', 'Present', 1, '1-1');
INSERT INTO attendance (student_roll_no, date, status, subject_id, semester) VALUES ('22ECE124', '2025-02-13', 'Present', 1, '1-1');
INSERT INTO attendance (student_roll_no, date, status, subject_id, semester) VALUES ('22ECE124', '2025-02-14', 'Present', 1, '1-1');
INSERT INTO attendance (student_roll_no, date, status, subject_id, semester) VALUES ('22ECE124', '2025-02-15', 'Present', 1, '1-1');
INSERT INTO attendance (student_roll_no, date, status, subject_id, semester) VALUES ('22ECE124', '2025-02-16', 'Present', 1, '1-1');
INSERT INTO attendance (student_roll_no, date, status, subject_id, semester) VALUES ('22ECE124', '2025-02-17', 'Present', 1, '1-1');
INSERT INTO attendance (student_roll_no, date, status, subject_id, semester) VALUES ('22ECE124', '2025-02-18', 'Present', 1, '1-1');
INSERT INTO attendance (student_roll_no, date, status, subject_id, semester) VALUES ('22ECE124', '2025-02-19', 'Absent', 1, '1-1');
INSERT INTO fees (student_roll_no, academic_year, tuition_fees, convener_fees, due_date, paid_fees) VALUES ('22ECE124', '2024-25', 50000, 15000, '2025-05-15', 30000);
INSERT INTO students (roll_no, admission_no, name, branch, section, year, gender, dob, religion, phone, email, aadhar, address, father_name, mother_name, parents_occupation, parents_mobile, annual_income, joining_date, photo_url, is_hosteller, password_hash) VALUES ('22IT125', 'ADM22IT125', 'Neha Rao', 'IT', 'B', 3, 'Female', '2005-11-06', 'Hindu', '9848951670', '22it125@nsrit.edu.in', '4330-8674-8947', 'H.No 475, Street 4, Visakhapatnam, AP', 'Naidu Praveen', 'Neha Das', 'Farmer', '9848951670', 937567, '2023-07-15', 'https://api.dicebear.com/7.x/avataaars/svg?seed=22IT125', 1, 'scrypt:32768:8:1$ARD8iu2R30ZgOvjn$0c28fb2c347ac069a47026ad5d1f981cf505bbde11b1e3626b8a21147aa73e5d94d807b682b1299e2029c5c2f76884672524bbc1c3de85f345c28f406888dfe1');
INSERT INTO mentors (student_roll_no, teacher_id) VALUES ('22IT125', 'TCH003');
INSERT INTO marks (student_roll_no, subject_id, grade, grade_point, credits) VALUES ('22IT125', 1, 'B+', 7, 4);
INSERT INTO internal_marks (student_roll_no, subject_id, mid1, mid2, online_tests, assignments) VALUES ('22IT125', 1, 16, 21, 10, 5);
INSERT INTO marks (student_roll_no, subject_id, grade, grade_point, credits) VALUES ('22IT125', 2, 'B+', 7, 4);
INSERT INTO internal_marks (student_roll_no, subject_id, mid1, mid2, online_tests, assignments) VALUES ('22IT125', 2, 18, 17, 10, 5);
INSERT INTO marks (student_roll_no, subject_id, grade, grade_point, credits) VALUES ('22IT125', 3, 'A', 8, 4);
INSERT INTO internal_marks (student_roll_no, subject_id, mid1, mid2, online_tests, assignments) VALUES ('22IT125', 3, 23, 16, 10, 5);
INSERT INTO semester_results (student_roll_no, semester, sgpa, cgpa, total_credits, percentage) VALUES ('22IT125',  '1-1', 8.5, 8.5,  11,  80.0);
INSERT INTO cgpa (student_roll_no, cgpa, total_credits, total_percentage) VALUES ('22IT125', 8.5, 11, 80.0);
INSERT INTO attendance (student_roll_no, date, status, subject_id, semester) VALUES ('22IT125', '2025-02-01', 'Present', 1, '1-1');
INSERT INTO attendance (student_roll_no, date, status, subject_id, semester) VALUES ('22IT125', '2025-02-02', 'Absent', 1, '1-1');
INSERT INTO attendance (student_roll_no, date, status, subject_id, semester) VALUES ('22IT125', '2025-02-03', 'Present', 1, '1-1');
INSERT INTO attendance (student_roll_no, date, status, subject_id, semester) VALUES ('22IT125', '2025-02-04', 'Absent', 1, '1-1');
INSERT INTO attendance (student_roll_no, date, status, subject_id, semester) VALUES ('22IT125', '2025-02-05', 'Present', 1, '1-1');
INSERT INTO attendance (student_roll_no, date, status, subject_id, semester) VALUES ('22IT125', '2025-02-06', 'Present', 1, '1-1');
INSERT INTO attendance (student_roll_no, date, status, subject_id, semester) VALUES ('22IT125', '2025-02-07', 'Present', 1, '1-1');
INSERT INTO attendance (student_roll_no, date, status, subject_id, semester) VALUES ('22IT125', '2025-02-08', 'Present', 1, '1-1');
INSERT INTO attendance (student_roll_no, date, status, subject_id, semester) VALUES ('22IT125', '2025-02-09', 'Present', 1, '1-1');
INSERT INTO attendance (student_roll_no, date, status, subject_id, semester) VALUES ('22IT125', '2025-02-10', 'Present', 1, '1-1');
INSERT INTO attendance (student_roll_no, date, status, subject_id, semester) VALUES ('22IT125', '2025-02-11', 'Present', 1, '1-1');
INSERT INTO attendance (student_roll_no, date, status, subject_id, semester) VALUES ('22IT125', '2025-02-12', 'Present', 1, '1-1');
INSERT INTO attendance (student_roll_no, date, status, subject_id, semester) VALUES ('22IT125', '2025-02-13', 'Present', 1, '1-1');
INSERT INTO attendance (student_roll_no, date, status, subject_id, semester) VALUES ('22IT125', '2025-02-14', 'Present', 1, '1-1');
INSERT INTO attendance (student_roll_no, date, status, subject_id, semester) VALUES ('22IT125', '2025-02-15', 'Present', 1, '1-1');
INSERT INTO attendance (student_roll_no, date, status, subject_id, semester) VALUES ('22IT125', '2025-02-16', 'Present', 1, '1-1');
INSERT INTO attendance (student_roll_no, date, status, subject_id, semester) VALUES ('22IT125', '2025-02-17', 'Present', 1, '1-1');
INSERT INTO attendance (student_roll_no, date, status, subject_id, semester) VALUES ('22IT125', '2025-02-18', 'Present', 1, '1-1');
INSERT INTO attendance (student_roll_no, date, status, subject_id, semester) VALUES ('22IT125', '2025-02-19', 'Present', 1, '1-1');
INSERT INTO fees (student_roll_no, academic_year, tuition_fees, convener_fees, due_date, paid_fees) VALUES ('22IT125', '2024-25', 50000, 15000, '2025-05-15', 30000);
INSERT INTO outing_records (roll_number, date, reason) VALUES ('22IT125', '2025-03-01', 'Weekend home');
INSERT INTO students (roll_no, admission_no, name, branch, section, year, gender, dob, religion, phone, email, aadhar, address, father_name, mother_name, parents_occupation, parents_mobile, annual_income, joining_date, photo_url, is_hosteller, password_hash) VALUES ('21CIVIL126', 'ADM21CIVIL126', 'Raja Patel', 'CIVIL', 'C', 4, 'Female', '2005-07-15', 'Sikh', '9848774013', '21civil126@nsrit.edu.in', '6688-2635-8529', 'H.No 325, Street 18, Visakhapatnam, AP', 'Sharma Sowmya', 'Akhil Reddy', 'Teacher', '9848774013', 242753, '2023-07-15', 'https://api.dicebear.com/7.x/avataaars/svg?seed=21CIVIL126', 0, 'scrypt:32768:8:1$ARD8iu2R30ZgOvjn$0c28fb2c347ac069a47026ad5d1f981cf505bbde11b1e3626b8a21147aa73e5d94d807b682b1299e2029c5c2f76884672524bbc1c3de85f345c28f406888dfe1');
INSERT INTO mentors (student_roll_no, teacher_id) VALUES ('21CIVIL126', 'TCH008');
INSERT INTO marks (student_roll_no, subject_id, grade, grade_point, credits) VALUES ('21CIVIL126', 1, 'B', 6, 4);
INSERT INTO internal_marks (student_roll_no, subject_id, mid1, mid2, online_tests, assignments) VALUES ('21CIVIL126', 1, 24, 19, 10, 5);
INSERT INTO marks (student_roll_no, subject_id, grade, grade_point, credits) VALUES ('21CIVIL126', 2, 'A', 8, 4);
INSERT INTO internal_marks (student_roll_no, subject_id, mid1, mid2, online_tests, assignments) VALUES ('21CIVIL126', 2, 18, 23, 10, 5);
INSERT INTO marks (student_roll_no, subject_id, grade, grade_point, credits) VALUES ('21CIVIL126', 3, 'A', 8, 4);
INSERT INTO internal_marks (student_roll_no, subject_id, mid1, mid2, online_tests, assignments) VALUES ('21CIVIL126', 3, 23, 20, 10, 5);
INSERT INTO semester_results (student_roll_no, semester, sgpa, cgpa, total_credits, percentage) VALUES ('21CIVIL126',  '1-1', 8.5, 8.5,  11,  80.0);
INSERT INTO cgpa (student_roll_no, cgpa, total_credits, total_percentage) VALUES ('21CIVIL126', 8.5, 11, 80.0);
INSERT INTO attendance (student_roll_no, date, status, subject_id, semester) VALUES ('21CIVIL126', '2025-02-01', 'Present', 1, '1-1');
INSERT INTO attendance (student_roll_no, date, status, subject_id, semester) VALUES ('21CIVIL126', '2025-02-02', 'Present', 1, '1-1');
INSERT INTO attendance (student_roll_no, date, status, subject_id, semester) VALUES ('21CIVIL126', '2025-02-03', 'Present', 1, '1-1');
INSERT INTO attendance (student_roll_no, date, status, subject_id, semester) VALUES ('21CIVIL126', '2025-02-04', 'Present', 1, '1-1');
INSERT INTO attendance (student_roll_no, date, status, subject_id, semester) VALUES ('21CIVIL126', '2025-02-05', 'Absent', 1, '1-1');
INSERT INTO attendance (student_roll_no, date, status, subject_id, semester) VALUES ('21CIVIL126', '2025-02-06', 'Present', 1, '1-1');
INSERT INTO attendance (student_roll_no, date, status, subject_id, semester) VALUES ('21CIVIL126', '2025-02-07', 'Present', 1, '1-1');
INSERT INTO attendance (student_roll_no, date, status, subject_id, semester) VALUES ('21CIVIL126', '2025-02-08', 'Present', 1, '1-1');
INSERT INTO attendance (student_roll_no, date, status, subject_id, semester) VALUES ('21CIVIL126', '2025-02-09', 'Present', 1, '1-1');
INSERT INTO attendance (student_roll_no, date, status, subject_id, semester) VALUES ('21CIVIL126', '2025-02-10', 'Present', 1, '1-1');
INSERT INTO attendance (student_roll_no, date, status, subject_id, semester) VALUES ('21CIVIL126', '2025-02-11', 'Present', 1, '1-1');
INSERT INTO attendance (student_roll_no, date, status, subject_id, semester) VALUES ('21CIVIL126', '2025-02-12', 'Present', 1, '1-1');
INSERT INTO attendance (student_roll_no, date, status, subject_id, semester) VALUES ('21CIVIL126', '2025-02-13', 'Present', 1, '1-1');
INSERT INTO attendance (student_roll_no, date, status, subject_id, semester) VALUES ('21CIVIL126', '2025-02-14', 'Absent', 1, '1-1');
INSERT INTO attendance (student_roll_no, date, status, subject_id, semester) VALUES ('21CIVIL126', '2025-02-15', 'Present', 1, '1-1');
INSERT INTO attendance (student_roll_no, date, status, subject_id, semester) VALUES ('21CIVIL126', '2025-02-16', 'Absent', 1, '1-1');
INSERT INTO attendance (student_roll_no, date, status, subject_id, semester) VALUES ('21CIVIL126', '2025-02-17', 'Present', 1, '1-1');
INSERT INTO attendance (student_roll_no, date, status, subject_id, semester) VALUES ('21CIVIL126', '2025-02-18', 'Present', 1, '1-1');
INSERT INTO attendance (student_roll_no, date, status, subject_id, semester) VALUES ('21CIVIL126', '2025-02-19', 'Present', 1, '1-1');
INSERT INTO fees (student_roll_no, academic_year, tuition_fees, convener_fees, due_date, paid_fees) VALUES ('21CIVIL126', '2024-25', 50000, 15000, '2025-05-15', 30000);
INSERT INTO students (roll_no, admission_no, name, branch, section, year, gender, dob, religion, phone, email, aadhar, address, father_name, mother_name, parents_occupation, parents_mobile, annual_income, joining_date, photo_url, is_hosteller, password_hash) VALUES ('24MECH127', 'ADM24MECH127', 'Karthik Sharma', 'MECH', 'A', 1, 'Male', '2005-07-10', 'Muslim', '9848844545', '24mech127@nsrit.edu.in', '4958-9483-5440', 'H.No 370, Street 3, Visakhapatnam, AP', 'Sharma Akhil', 'Kiran Kumar', 'Farmer', '9848844545', 808018, '2024-07-15', 'https://api.dicebear.com/7.x/avataaars/svg?seed=24MECH127', 0, 'scrypt:32768:8:1$ARD8iu2R30ZgOvjn$0c28fb2c347ac069a47026ad5d1f981cf505bbde11b1e3626b8a21147aa73e5d94d807b682b1299e2029c5c2f76884672524bbc1c3de85f345c28f406888dfe1');
INSERT INTO mentors (student_roll_no, teacher_id) VALUES ('24MECH127', 'TCH011');
INSERT INTO marks (student_roll_no, subject_id, grade, grade_point, credits) VALUES ('24MECH127', 1, 'B+', 7, 4);
INSERT INTO internal_marks (student_roll_no, subject_id, mid1, mid2, online_tests, assignments) VALUES ('24MECH127', 1, 23, 21, 10, 5);
INSERT INTO marks (student_roll_no, subject_id, grade, grade_point, credits) VALUES ('24MECH127', 2, 'B', 6, 4);
INSERT INTO internal_marks (student_roll_no, subject_id, mid1, mid2, online_tests, assignments) VALUES ('24MECH127', 2, 25, 22, 10, 5);
INSERT INTO marks (student_roll_no, subject_id, grade, grade_point, credits) VALUES ('24MECH127', 3, 'O', 10, 4);
INSERT INTO internal_marks (student_roll_no, subject_id, mid1, mid2, online_tests, assignments) VALUES ('24MECH127', 3, 17, 22, 10, 5);
INSERT INTO semester_results (student_roll_no, semester, sgpa, cgpa, total_credits, percentage) VALUES ('24MECH127',  '1-1', 8.5, 8.5,  11,  80.0);
INSERT INTO cgpa (student_roll_no, cgpa, total_credits, total_percentage) VALUES ('24MECH127', 8.5, 11, 80.0);
INSERT INTO attendance (student_roll_no, date, status, subject_id, semester) VALUES ('24MECH127', '2025-02-01', 'Absent', 1, '1-1');
INSERT INTO attendance (student_roll_no, date, status, subject_id, semester) VALUES ('24MECH127', '2025-02-02', 'Present', 1, '1-1');
INSERT INTO attendance (student_roll_no, date, status, subject_id, semester) VALUES ('24MECH127', '2025-02-03', 'Present', 1, '1-1');
INSERT INTO attendance (student_roll_no, date, status, subject_id, semester) VALUES ('24MECH127', '2025-02-04', 'Present', 1, '1-1');
INSERT INTO attendance (student_roll_no, date, status, subject_id, semester) VALUES ('24MECH127', '2025-02-05', 'Present', 1, '1-1');
INSERT INTO attendance (student_roll_no, date, status, subject_id, semester) VALUES ('24MECH127', '2025-02-06', 'Present', 1, '1-1');
INSERT INTO attendance (student_roll_no, date, status, subject_id, semester) VALUES ('24MECH127', '2025-02-07', 'Present', 1, '1-1');
INSERT INTO attendance (student_roll_no, date, status, subject_id, semester) VALUES ('24MECH127', '2025-02-08', 'Present', 1, '1-1');
INSERT INTO attendance (student_roll_no, date, status, subject_id, semester) VALUES ('24MECH127', '2025-02-09', 'Present', 1, '1-1');
INSERT INTO attendance (student_roll_no, date, status, subject_id, semester) VALUES ('24MECH127', '2025-02-10', 'Present', 1, '1-1');
INSERT INTO attendance (student_roll_no, date, status, subject_id, semester) VALUES ('24MECH127', '2025-02-11', 'Absent', 1, '1-1');
INSERT INTO attendance (student_roll_no, date, status, subject_id, semester) VALUES ('24MECH127', '2025-02-12', 'Absent', 1, '1-1');
INSERT INTO attendance (student_roll_no, date, status, subject_id, semester) VALUES ('24MECH127', '2025-02-13', 'Present', 1, '1-1');
INSERT INTO attendance (student_roll_no, date, status, subject_id, semester) VALUES ('24MECH127', '2025-02-14', 'Present', 1, '1-1');
INSERT INTO attendance (student_roll_no, date, status, subject_id, semester) VALUES ('24MECH127', '2025-02-15', 'Present', 1, '1-1');
INSERT INTO attendance (student_roll_no, date, status, subject_id, semester) VALUES ('24MECH127', '2025-02-16', 'Present', 1, '1-1');
INSERT INTO attendance (student_roll_no, date, status, subject_id, semester) VALUES ('24MECH127', '2025-02-17', 'Present', 1, '1-1');
INSERT INTO attendance (student_roll_no, date, status, subject_id, semester) VALUES ('24MECH127', '2025-02-18', 'Present', 1, '1-1');
INSERT INTO attendance (student_roll_no, date, status, subject_id, semester) VALUES ('24MECH127', '2025-02-19', 'Present', 1, '1-1');
INSERT INTO fees (student_roll_no, academic_year, tuition_fees, convener_fees, due_date, paid_fees) VALUES ('24MECH127', '2024-25', 50000, 15000, '2025-05-15', 30000);
INSERT INTO students (roll_no, admission_no, name, branch, section, year, gender, dob, religion, phone, email, aadhar, address, father_name, mother_name, parents_occupation, parents_mobile, annual_income, joining_date, photo_url, is_hosteller, password_hash) VALUES ('22IT128', 'ADM22IT128', 'Priya Sharma', 'IT', 'C', 3, 'Male', '2005-06-04', 'Sikh', '9848132191', '22it128@nsrit.edu.in', '7433-4297-1343', 'H.No 438, Street 13, Visakhapatnam, AP', 'Kumar Lakshmi', 'Ramesh Rao', 'Business', '9848132191', 381240, '2023-07-15', 'https://api.dicebear.com/7.x/avataaars/svg?seed=22IT128', 0, 'scrypt:32768:8:1$ARD8iu2R30ZgOvjn$0c28fb2c347ac069a47026ad5d1f981cf505bbde11b1e3626b8a21147aa73e5d94d807b682b1299e2029c5c2f76884672524bbc1c3de85f345c28f406888dfe1');
INSERT INTO mentors (student_roll_no, teacher_id) VALUES ('22IT128', 'TCH004');
INSERT INTO marks (student_roll_no, subject_id, grade, grade_point, credits) VALUES ('22IT128', 1, 'B+', 7, 4);
INSERT INTO internal_marks (student_roll_no, subject_id, mid1, mid2, online_tests, assignments) VALUES ('22IT128', 1, 17, 19, 10, 5);
INSERT INTO marks (student_roll_no, subject_id, grade, grade_point, credits) VALUES ('22IT128', 2, 'A', 8, 4);
INSERT INTO internal_marks (student_roll_no, subject_id, mid1, mid2, online_tests, assignments) VALUES ('22IT128', 2, 15, 15, 10, 5);
INSERT INTO marks (student_roll_no, subject_id, grade, grade_point, credits) VALUES ('22IT128', 3, 'A+', 9, 4);
INSERT INTO internal_marks (student_roll_no, subject_id, mid1, mid2, online_tests, assignments) VALUES ('22IT128', 3, 24, 23, 10, 5);
INSERT INTO semester_results (student_roll_no, semester, sgpa, cgpa, total_credits, percentage) VALUES ('22IT128',  '1-1', 8.5, 8.5,  11,  80.0);
INSERT INTO cgpa (student_roll_no, cgpa, total_credits, total_percentage) VALUES ('22IT128', 8.5, 11, 80.0);
INSERT INTO attendance (student_roll_no, date, status, subject_id, semester) VALUES ('22IT128', '2025-02-01', 'Present', 1, '1-1');
INSERT INTO attendance (student_roll_no, date, status, subject_id, semester) VALUES ('22IT128', '2025-02-02', 'Present', 1, '1-1');
INSERT INTO attendance (student_roll_no, date, status, subject_id, semester) VALUES ('22IT128', '2025-02-03', 'Absent', 1, '1-1');
INSERT INTO attendance (student_roll_no, date, status, subject_id, semester) VALUES ('22IT128', '2025-02-04', 'Present', 1, '1-1');
INSERT INTO attendance (student_roll_no, date, status, subject_id, semester) VALUES ('22IT128', '2025-02-05', 'Present', 1, '1-1');
INSERT INTO attendance (student_roll_no, date, status, subject_id, semester) VALUES ('22IT128', '2025-02-06', 'Present', 1, '1-1');
INSERT INTO attendance (student_roll_no, date, status, subject_id, semester) VALUES ('22IT128', '2025-02-07', 'Present', 1, '1-1');
INSERT INTO attendance (student_roll_no, date, status, subject_id, semester) VALUES ('22IT128', '2025-02-08', 'Absent', 1, '1-1');
INSERT INTO attendance (student_roll_no, date, status, subject_id, semester) VALUES ('22IT128', '2025-02-09', 'Present', 1, '1-1');
INSERT INTO attendance (student_roll_no, date, status, subject_id, semester) VALUES ('22IT128', '2025-02-10', 'Present', 1, '1-1');
INSERT INTO attendance (student_roll_no, date, status, subject_id, semester) VALUES ('22IT128', '2025-02-11', 'Absent', 1, '1-1');
INSERT INTO attendance (student_roll_no, date, status, subject_id, semester) VALUES ('22IT128', '2025-02-12', 'Present', 1, '1-1');
INSERT INTO attendance (student_roll_no, date, status, subject_id, semester) VALUES ('22IT128', '2025-02-13', 'Present', 1, '1-1');
INSERT INTO attendance (student_roll_no, date, status, subject_id, semester) VALUES ('22IT128', '2025-02-14', 'Present', 1, '1-1');
INSERT INTO attendance (student_roll_no, date, status, subject_id, semester) VALUES ('22IT128', '2025-02-15', 'Present', 1, '1-1');
INSERT INTO attendance (student_roll_no, date, status, subject_id, semester) VALUES ('22IT128', '2025-02-16', 'Present', 1, '1-1');
INSERT INTO attendance (student_roll_no, date, status, subject_id, semester) VALUES ('22IT128', '2025-02-17', 'Present', 1, '1-1');
INSERT INTO attendance (student_roll_no, date, status, subject_id, semester) VALUES ('22IT128', '2025-02-18', 'Present', 1, '1-1');
INSERT INTO attendance (student_roll_no, date, status, subject_id, semester) VALUES ('22IT128', '2025-02-19', 'Present', 1, '1-1');
INSERT INTO fees (student_roll_no, academic_year, tuition_fees, convener_fees, due_date, paid_fees) VALUES ('22IT128', '2024-25', 50000, 15000, '2025-05-15', 30000);
INSERT INTO students (roll_no, admission_no, name, branch, section, year, gender, dob, religion, phone, email, aadhar, address, father_name, mother_name, parents_occupation, parents_mobile, annual_income, joining_date, photo_url, is_hosteller, password_hash) VALUES ('22IT129', 'ADM22IT129', 'Arjun Chowdary', 'IT', 'B', 3, 'Male', '2005-03-11', 'Hindu', '9848898755', '22it129@nsrit.edu.in', '5969-7178-2984', 'H.No 102, Street 9, Visakhapatnam, AP', 'Das Neha', 'Lakshmi Mishra', 'Teacher', '9848898755', 505818, '2023-07-15', 'https://api.dicebear.com/7.x/avataaars/svg?seed=22IT129', 0, 'scrypt:32768:8:1$ARD8iu2R30ZgOvjn$0c28fb2c347ac069a47026ad5d1f981cf505bbde11b1e3626b8a21147aa73e5d94d807b682b1299e2029c5c2f76884672524bbc1c3de85f345c28f406888dfe1');
INSERT INTO mentors (student_roll_no, teacher_id) VALUES ('22IT129', 'TCH007');
INSERT INTO marks (student_roll_no, subject_id, grade, grade_point, credits) VALUES ('22IT129', 1, 'A', 8, 4);
INSERT INTO internal_marks (student_roll_no, subject_id, mid1, mid2, online_tests, assignments) VALUES ('22IT129', 1, 24, 15, 10, 5);
INSERT INTO marks (student_roll_no, subject_id, grade, grade_point, credits) VALUES ('22IT129', 2, 'A', 8, 4);
INSERT INTO internal_marks (student_roll_no, subject_id, mid1, mid2, online_tests, assignments) VALUES ('22IT129', 2, 15, 17, 10, 5);
INSERT INTO marks (student_roll_no, subject_id, grade, grade_point, credits) VALUES ('22IT129', 3, 'A+', 9, 4);
INSERT INTO internal_marks (student_roll_no, subject_id, mid1, mid2, online_tests, assignments) VALUES ('22IT129', 3, 24, 18, 10, 5);
INSERT INTO semester_results (student_roll_no, semester, sgpa, cgpa, total_credits, percentage) VALUES ('22IT129',  '1-1', 8.5, 8.5,  11,  80.0);
INSERT INTO cgpa (student_roll_no, cgpa, total_credits, total_percentage) VALUES ('22IT129', 8.5, 11, 80.0);
INSERT INTO attendance (student_roll_no, date, status, subject_id, semester) VALUES ('22IT129', '2025-02-01', 'Present', 1, '1-1');
INSERT INTO attendance (student_roll_no, date, status, subject_id, semester) VALUES ('22IT129', '2025-02-02', 'Present', 1, '1-1');
INSERT INTO attendance (student_roll_no, date, status, subject_id, semester) VALUES ('22IT129', '2025-02-03', 'Present', 1, '1-1');
INSERT INTO attendance (student_roll_no, date, status, subject_id, semester) VALUES ('22IT129', '2025-02-04', 'Present', 1, '1-1');
INSERT INTO attendance (student_roll_no, date, status, subject_id, semester) VALUES ('22IT129', '2025-02-05', 'Present', 1, '1-1');
INSERT INTO attendance (student_roll_no, date, status, subject_id, semester) VALUES ('22IT129', '2025-02-06', 'Present', 1, '1-1');
INSERT INTO attendance (student_roll_no, date, status, subject_id, semester) VALUES ('22IT129', '2025-02-07', 'Present', 1, '1-1');
INSERT INTO attendance (student_roll_no, date, status, subject_id, semester) VALUES ('22IT129', '2025-02-08', 'Present', 1, '1-1');
INSERT INTO attendance (student_roll_no, date, status, subject_id, semester) VALUES ('22IT129', '2025-02-09', 'Present', 1, '1-1');
INSERT INTO attendance (student_roll_no, date, status, subject_id, semester) VALUES ('22IT129', '2025-02-10', 'Present', 1, '1-1');
INSERT INTO attendance (student_roll_no, date, status, subject_id, semester) VALUES ('22IT129', '2025-02-11', 'Present', 1, '1-1');
INSERT INTO attendance (student_roll_no, date, status, subject_id, semester) VALUES ('22IT129', '2025-02-12', 'Present', 1, '1-1');
INSERT INTO attendance (student_roll_no, date, status, subject_id, semester) VALUES ('22IT129', '2025-02-13', 'Present', 1, '1-1');
INSERT INTO attendance (student_roll_no, date, status, subject_id, semester) VALUES ('22IT129', '2025-02-14', 'Present', 1, '1-1');
INSERT INTO attendance (student_roll_no, date, status, subject_id, semester) VALUES ('22IT129', '2025-02-15', 'Absent', 1, '1-1');
INSERT INTO attendance (student_roll_no, date, status, subject_id, semester) VALUES ('22IT129', '2025-02-16', 'Present', 1, '1-1');
INSERT INTO attendance (student_roll_no, date, status, subject_id, semester) VALUES ('22IT129', '2025-02-17', 'Present', 1, '1-1');
INSERT INTO attendance (student_roll_no, date, status, subject_id, semester) VALUES ('22IT129', '2025-02-18', 'Present', 1, '1-1');
INSERT INTO attendance (student_roll_no, date, status, subject_id, semester) VALUES ('22IT129', '2025-02-19', 'Present', 1, '1-1');
INSERT INTO fees (student_roll_no, academic_year, tuition_fees, convener_fees, due_date, paid_fees) VALUES ('22IT129', '2024-25', 50000, 15000, '2025-05-15', 30000);
INSERT INTO students (roll_no, admission_no, name, branch, section, year, gender, dob, religion, phone, email, aadhar, address, father_name, mother_name, parents_occupation, parents_mobile, annual_income, joining_date, photo_url, is_hosteller, password_hash) VALUES ('24MECH130', 'ADM24MECH130', 'Lakshmi Varma', 'MECH', 'A', 1, 'Male', '2005-12-15', 'Christian', '9848288132', '24mech130@nsrit.edu.in', '4413-7079-3596', 'H.No 303, Street 7, Visakhapatnam, AP', 'Das Praveen', 'Kiran Goud', 'Business', '9848288132', 635397, '2024-07-15', 'https://api.dicebear.com/7.x/avataaars/svg?seed=24MECH130', 1, 'scrypt:32768:8:1$ARD8iu2R30ZgOvjn$0c28fb2c347ac069a47026ad5d1f981cf505bbde11b1e3626b8a21147aa73e5d94d807b682b1299e2029c5c2f76884672524bbc1c3de85f345c28f406888dfe1');
INSERT INTO mentors (student_roll_no, teacher_id) VALUES ('24MECH130', 'TCH004');
INSERT INTO marks (student_roll_no, subject_id, grade, grade_point, credits) VALUES ('24MECH130', 1, 'C', 5, 4);
INSERT INTO internal_marks (student_roll_no, subject_id, mid1, mid2, online_tests, assignments) VALUES ('24MECH130', 1, 22, 16, 10, 5);
INSERT INTO marks (student_roll_no, subject_id, grade, grade_point, credits) VALUES ('24MECH130', 2, 'A+', 9, 4);
INSERT INTO internal_marks (student_roll_no, subject_id, mid1, mid2, online_tests, assignments) VALUES ('24MECH130', 2, 20, 23, 10, 5);
INSERT INTO marks (student_roll_no, subject_id, grade, grade_point, credits) VALUES ('24MECH130', 3, 'B+', 7, 4);
INSERT INTO internal_marks (student_roll_no, subject_id, mid1, mid2, online_tests, assignments) VALUES ('24MECH130', 3, 18, 25, 10, 5);
INSERT INTO semester_results (student_roll_no, semester, sgpa, cgpa, total_credits, percentage) VALUES ('24MECH130',  '1-1', 8.5, 8.5,  11,  80.0);
INSERT INTO cgpa (student_roll_no, cgpa, total_credits, total_percentage) VALUES ('24MECH130', 8.5, 11, 80.0);
INSERT INTO attendance (student_roll_no, date, status, subject_id, semester) VALUES ('24MECH130', '2025-02-01', 'Absent', 1, '1-1');
INSERT INTO attendance (student_roll_no, date, status, subject_id, semester) VALUES ('24MECH130', '2025-02-02', 'Present', 1, '1-1');
INSERT INTO attendance (student_roll_no, date, status, subject_id, semester) VALUES ('24MECH130', '2025-02-03', 'Present', 1, '1-1');
INSERT INTO attendance (student_roll_no, date, status, subject_id, semester) VALUES ('24MECH130', '2025-02-04', 'Present', 1, '1-1');
INSERT INTO attendance (student_roll_no, date, status, subject_id, semester) VALUES ('24MECH130', '2025-02-05', 'Present', 1, '1-1');
INSERT INTO attendance (student_roll_no, date, status, subject_id, semester) VALUES ('24MECH130', '2025-02-06', 'Present', 1, '1-1');
INSERT INTO attendance (student_roll_no, date, status, subject_id, semester) VALUES ('24MECH130', '2025-02-07', 'Present', 1, '1-1');
INSERT INTO attendance (student_roll_no, date, status, subject_id, semester) VALUES ('24MECH130', '2025-02-08', 'Present', 1, '1-1');
INSERT INTO attendance (student_roll_no, date, status, subject_id, semester) VALUES ('24MECH130', '2025-02-09', 'Present', 1, '1-1');
INSERT INTO attendance (student_roll_no, date, status, subject_id, semester) VALUES ('24MECH130', '2025-02-10', 'Present', 1, '1-1');
INSERT INTO attendance (student_roll_no, date, status, subject_id, semester) VALUES ('24MECH130', '2025-02-11', 'Present', 1, '1-1');
INSERT INTO attendance (student_roll_no, date, status, subject_id, semester) VALUES ('24MECH130', '2025-02-12', 'Present', 1, '1-1');
INSERT INTO attendance (student_roll_no, date, status, subject_id, semester) VALUES ('24MECH130', '2025-02-13', 'Present', 1, '1-1');
INSERT INTO attendance (student_roll_no, date, status, subject_id, semester) VALUES ('24MECH130', '2025-02-14', 'Present', 1, '1-1');
INSERT INTO attendance (student_roll_no, date, status, subject_id, semester) VALUES ('24MECH130', '2025-02-15', 'Present', 1, '1-1');
INSERT INTO attendance (student_roll_no, date, status, subject_id, semester) VALUES ('24MECH130', '2025-02-16', 'Present', 1, '1-1');
INSERT INTO attendance (student_roll_no, date, status, subject_id, semester) VALUES ('24MECH130', '2025-02-17', 'Present', 1, '1-1');
INSERT INTO attendance (student_roll_no, date, status, subject_id, semester) VALUES ('24MECH130', '2025-02-18', 'Present', 1, '1-1');
INSERT INTO attendance (student_roll_no, date, status, subject_id, semester) VALUES ('24MECH130', '2025-02-19', 'Present', 1, '1-1');
INSERT INTO fees (student_roll_no, academic_year, tuition_fees, convener_fees, due_date, paid_fees) VALUES ('24MECH130', '2024-25', 50000, 15000, '2025-05-15', 30000);
INSERT INTO outing_records (roll_number, date, reason) VALUES ('24MECH130', '2025-03-01', 'Weekend home');
INSERT INTO students (roll_no, admission_no, name, branch, section, year, gender, dob, religion, phone, email, aadhar, address, father_name, mother_name, parents_occupation, parents_mobile, annual_income, joining_date, photo_url, is_hosteller, password_hash) VALUES ('23CIVIL131', 'ADM23CIVIL131', 'Anil Varma', 'CIVIL', 'A', 2, 'Female', '2005-12-13', 'Muslim', '9848201307', '23civil131@nsrit.edu.in', '6904-9294-9724', 'H.No 414, Street 18, Visakhapatnam, AP', 'Naidu Anil', 'Akhil Naidu', 'Farmer', '9848201307', 274609, '2023-07-15', 'https://api.dicebear.com/7.x/avataaars/svg?seed=23CIVIL131', 0, 'scrypt:32768:8:1$ARD8iu2R30ZgOvjn$0c28fb2c347ac069a47026ad5d1f981cf505bbde11b1e3626b8a21147aa73e5d94d807b682b1299e2029c5c2f76884672524bbc1c3de85f345c28f406888dfe1');
INSERT INTO mentors (student_roll_no, teacher_id) VALUES ('23CIVIL131', 'TCH012');
INSERT INTO marks (student_roll_no, subject_id, grade, grade_point, credits) VALUES ('23CIVIL131', 1, 'C', 5, 4);
INSERT INTO internal_marks (student_roll_no, subject_id, mid1, mid2, online_tests, assignments) VALUES ('23CIVIL131', 1, 17, 22, 10, 5);
INSERT INTO marks (student_roll_no, subject_id, grade, grade_point, credits) VALUES ('23CIVIL131', 2, 'B', 6, 4);
INSERT INTO internal_marks (student_roll_no, subject_id, mid1, mid2, online_tests, assignments) VALUES ('23CIVIL131', 2, 20, 21, 10, 5);
INSERT INTO marks (student_roll_no, subject_id, grade, grade_point, credits) VALUES ('23CIVIL131', 3, 'B+', 7, 4);
INSERT INTO internal_marks (student_roll_no, subject_id, mid1, mid2, online_tests, assignments) VALUES ('23CIVIL131', 3, 24, 18, 10, 5);
INSERT INTO semester_results (student_roll_no, semester, sgpa, cgpa, total_credits, percentage) VALUES ('23CIVIL131',  '1-1', 8.5, 8.5,  11,  80.0);
INSERT INTO cgpa (student_roll_no, cgpa, total_credits, total_percentage) VALUES ('23CIVIL131', 8.5, 11, 80.0);
INSERT INTO attendance (student_roll_no, date, status, subject_id, semester) VALUES ('23CIVIL131', '2025-02-01', 'Present', 1, '1-1');
INSERT INTO attendance (student_roll_no, date, status, subject_id, semester) VALUES ('23CIVIL131', '2025-02-02', 'Present', 1, '1-1');
INSERT INTO attendance (student_roll_no, date, status, subject_id, semester) VALUES ('23CIVIL131', '2025-02-03', 'Present', 1, '1-1');
INSERT INTO attendance (student_roll_no, date, status, subject_id, semester) VALUES ('23CIVIL131', '2025-02-04', 'Present', 1, '1-1');
INSERT INTO attendance (student_roll_no, date, status, subject_id, semester) VALUES ('23CIVIL131', '2025-02-05', 'Present', 1, '1-1');
INSERT INTO attendance (student_roll_no, date, status, subject_id, semester) VALUES ('23CIVIL131', '2025-02-06', 'Present', 1, '1-1');
INSERT INTO attendance (student_roll_no, date, status, subject_id, semester) VALUES ('23CIVIL131', '2025-02-07', 'Present', 1, '1-1');
INSERT INTO attendance (student_roll_no, date, status, subject_id, semester) VALUES ('23CIVIL131', '2025-02-08', 'Present', 1, '1-1');
INSERT INTO attendance (student_roll_no, date, status, subject_id, semester) VALUES ('23CIVIL131', '2025-02-09', 'Present', 1, '1-1');
INSERT INTO attendance (student_roll_no, date, status, subject_id, semester) VALUES ('23CIVIL131', '2025-02-10', 'Present', 1, '1-1');
INSERT INTO attendance (student_roll_no, date, status, subject_id, semester) VALUES ('23CIVIL131', '2025-02-11', 'Present', 1, '1-1');
INSERT INTO attendance (student_roll_no, date, status, subject_id, semester) VALUES ('23CIVIL131', '2025-02-12', 'Present', 1, '1-1');
INSERT INTO attendance (student_roll_no, date, status, subject_id, semester) VALUES ('23CIVIL131', '2025-02-13', 'Present', 1, '1-1');
INSERT INTO attendance (student_roll_no, date, status, subject_id, semester) VALUES ('23CIVIL131', '2025-02-14', 'Absent', 1, '1-1');
INSERT INTO attendance (student_roll_no, date, status, subject_id, semester) VALUES ('23CIVIL131', '2025-02-15', 'Present', 1, '1-1');
INSERT INTO attendance (student_roll_no, date, status, subject_id, semester) VALUES ('23CIVIL131', '2025-02-16', 'Present', 1, '1-1');
INSERT INTO attendance (student_roll_no, date, status, subject_id, semester) VALUES ('23CIVIL131', '2025-02-17', 'Absent', 1, '1-1');
INSERT INTO attendance (student_roll_no, date, status, subject_id, semester) VALUES ('23CIVIL131', '2025-02-18', 'Present', 1, '1-1');
INSERT INTO attendance (student_roll_no, date, status, subject_id, semester) VALUES ('23CIVIL131', '2025-02-19', 'Absent', 1, '1-1');
INSERT INTO fees (student_roll_no, academic_year, tuition_fees, convener_fees, due_date, paid_fees) VALUES ('23CIVIL131', '2024-25', 50000, 15000, '2025-05-15', 30000);
INSERT INTO students (roll_no, admission_no, name, branch, section, year, gender, dob, religion, phone, email, aadhar, address, father_name, mother_name, parents_occupation, parents_mobile, annual_income, joining_date, photo_url, is_hosteller, password_hash) VALUES ('21CIVIL132', 'ADM21CIVIL132', 'Arjun Kumar', 'CIVIL', 'C', 4, 'Male', '2005-07-09', 'Christian', '9848771467', '21civil132@nsrit.edu.in', '1871-8675-3734', 'H.No 164, Street 7, Visakhapatnam, AP', 'Yadav Akhil', 'Raja Naidu', 'Farmer', '9848771467', 623879, '2023-07-15', 'https://api.dicebear.com/7.x/avataaars/svg?seed=21CIVIL132', 0, 'scrypt:32768:8:1$ARD8iu2R30ZgOvjn$0c28fb2c347ac069a47026ad5d1f981cf505bbde11b1e3626b8a21147aa73e5d94d807b682b1299e2029c5c2f76884672524bbc1c3de85f345c28f406888dfe1');
INSERT INTO mentors (student_roll_no, teacher_id) VALUES ('21CIVIL132', 'TCH001');
INSERT INTO marks (student_roll_no, subject_id, grade, grade_point, credits) VALUES ('21CIVIL132', 1, 'A+', 9, 4);
INSERT INTO internal_marks (student_roll_no, subject_id, mid1, mid2, online_tests, assignments) VALUES ('21CIVIL132', 1, 17, 21, 10, 5);
INSERT INTO marks (student_roll_no, subject_id, grade, grade_point, credits) VALUES ('21CIVIL132', 2, 'A', 8, 4);
INSERT INTO internal_marks (student_roll_no, subject_id, mid1, mid2, online_tests, assignments) VALUES ('21CIVIL132', 2, 23, 20, 10, 5);
INSERT INTO marks (student_roll_no, subject_id, grade, grade_point, credits) VALUES ('21CIVIL132', 3, 'A', 8, 4);
INSERT INTO internal_marks (student_roll_no, subject_id, mid1, mid2, online_tests, assignments) VALUES ('21CIVIL132', 3, 20, 22, 10, 5);
INSERT INTO semester_results (student_roll_no, semester, sgpa, cgpa, total_credits, percentage) VALUES ('21CIVIL132',  '1-1', 8.5, 8.5,  11,  80.0);
INSERT INTO cgpa (student_roll_no, cgpa, total_credits, total_percentage) VALUES ('21CIVIL132', 8.5, 11, 80.0);
INSERT INTO attendance (student_roll_no, date, status, subject_id, semester) VALUES ('21CIVIL132', '2025-02-01', 'Present', 1, '1-1');
INSERT INTO attendance (student_roll_no, date, status, subject_id, semester) VALUES ('21CIVIL132', '2025-02-02', 'Present', 1, '1-1');
INSERT INTO attendance (student_roll_no, date, status, subject_id, semester) VALUES ('21CIVIL132', '2025-02-03', 'Present', 1, '1-1');
INSERT INTO attendance (student_roll_no, date, status, subject_id, semester) VALUES ('21CIVIL132', '2025-02-04', 'Present', 1, '1-1');
INSERT INTO attendance (student_roll_no, date, status, subject_id, semester) VALUES ('21CIVIL132', '2025-02-05', 'Present', 1, '1-1');
INSERT INTO attendance (student_roll_no, date, status, subject_id, semester) VALUES ('21CIVIL132', '2025-02-06', 'Present', 1, '1-1');
INSERT INTO attendance (student_roll_no, date, status, subject_id, semester) VALUES ('21CIVIL132', '2025-02-07', 'Present', 1, '1-1');
INSERT INTO attendance (student_roll_no, date, status, subject_id, semester) VALUES ('21CIVIL132', '2025-02-08', 'Present', 1, '1-1');
INSERT INTO attendance (student_roll_no, date, status, subject_id, semester) VALUES ('21CIVIL132', '2025-02-09', 'Present', 1, '1-1');
INSERT INTO attendance (student_roll_no, date, status, subject_id, semester) VALUES ('21CIVIL132', '2025-02-10', 'Present', 1, '1-1');
INSERT INTO attendance (student_roll_no, date, status, subject_id, semester) VALUES ('21CIVIL132', '2025-02-11', 'Absent', 1, '1-1');
INSERT INTO attendance (student_roll_no, date, status, subject_id, semester) VALUES ('21CIVIL132', '2025-02-12', 'Present', 1, '1-1');
INSERT INTO attendance (student_roll_no, date, status, subject_id, semester) VALUES ('21CIVIL132', '2025-02-13', 'Present', 1, '1-1');
INSERT INTO attendance (student_roll_no, date, status, subject_id, semester) VALUES ('21CIVIL132', '2025-02-14', 'Present', 1, '1-1');
INSERT INTO attendance (student_roll_no, date, status, subject_id, semester) VALUES ('21CIVIL132', '2025-02-15', 'Present', 1, '1-1');
INSERT INTO attendance (student_roll_no, date, status, subject_id, semester) VALUES ('21CIVIL132', '2025-02-16', 'Present', 1, '1-1');
INSERT INTO attendance (student_roll_no, date, status, subject_id, semester) VALUES ('21CIVIL132', '2025-02-17', 'Present', 1, '1-1');
INSERT INTO attendance (student_roll_no, date, status, subject_id, semester) VALUES ('21CIVIL132', '2025-02-18', 'Present', 1, '1-1');
INSERT INTO attendance (student_roll_no, date, status, subject_id, semester) VALUES ('21CIVIL132', '2025-02-19', 'Present', 1, '1-1');
INSERT INTO fees (student_roll_no, academic_year, tuition_fees, convener_fees, due_date, paid_fees) VALUES ('21CIVIL132', '2024-25', 50000, 15000, '2025-05-15', 30000);
INSERT INTO students (roll_no, admission_no, name, branch, section, year, gender, dob, religion, phone, email, aadhar, address, father_name, mother_name, parents_occupation, parents_mobile, annual_income, joining_date, photo_url, is_hosteller, password_hash) VALUES ('24CSE133', 'ADM24CSE133', 'Sanjana Gupta', 'CSE', 'A', 1, 'Female', '2005-01-15', 'Christian', '9848937007', '24cse133@nsrit.edu.in', '5760-6261-1633', 'H.No 480, Street 20, Visakhapatnam, AP', 'Yadav Divya', 'Kumar Reddy', 'Engineer', '9848937007', 174083, '2024-07-15', 'https://api.dicebear.com/7.x/avataaars/svg?seed=24CSE133', 0, 'scrypt:32768:8:1$ARD8iu2R30ZgOvjn$0c28fb2c347ac069a47026ad5d1f981cf505bbde11b1e3626b8a21147aa73e5d94d807b682b1299e2029c5c2f76884672524bbc1c3de85f345c28f406888dfe1');
INSERT INTO mentors (student_roll_no, teacher_id) VALUES ('24CSE133', 'TCH014');
INSERT INTO marks (student_roll_no, subject_id, grade, grade_point, credits) VALUES ('24CSE133', 1, 'A+', 9, 4);
INSERT INTO internal_marks (student_roll_no, subject_id, mid1, mid2, online_tests, assignments) VALUES ('24CSE133', 1, 25, 20, 10, 5);
INSERT INTO marks (student_roll_no, subject_id, grade, grade_point, credits) VALUES ('24CSE133', 2, 'A', 8, 4);
INSERT INTO internal_marks (student_roll_no, subject_id, mid1, mid2, online_tests, assignments) VALUES ('24CSE133', 2, 20, 23, 10, 5);
INSERT INTO marks (student_roll_no, subject_id, grade, grade_point, credits) VALUES ('24CSE133', 3, 'A+', 9, 4);
INSERT INTO internal_marks (student_roll_no, subject_id, mid1, mid2, online_tests, assignments) VALUES ('24CSE133', 3, 19, 15, 10, 5);
INSERT INTO semester_results (student_roll_no, semester, sgpa, cgpa, total_credits, percentage) VALUES ('24CSE133',  '1-1', 8.5, 8.5,  11,  80.0);
INSERT INTO cgpa (student_roll_no, cgpa, total_credits, total_percentage) VALUES ('24CSE133', 8.5, 11, 80.0);
INSERT INTO attendance (student_roll_no, date, status, subject_id, semester) VALUES ('24CSE133', '2025-02-01', 'Present', 1, '1-1');
INSERT INTO attendance (student_roll_no, date, status, subject_id, semester) VALUES ('24CSE133', '2025-02-02', 'Present', 1, '1-1');
INSERT INTO attendance (student_roll_no, date, status, subject_id, semester) VALUES ('24CSE133', '2025-02-03', 'Present', 1, '1-1');
INSERT INTO attendance (student_roll_no, date, status, subject_id, semester) VALUES ('24CSE133', '2025-02-04', 'Present', 1, '1-1');
INSERT INTO attendance (student_roll_no, date, status, subject_id, semester) VALUES ('24CSE133', '2025-02-05', 'Present', 1, '1-1');
INSERT INTO attendance (student_roll_no, date, status, subject_id, semester) VALUES ('24CSE133', '2025-02-06', 'Present', 1, '1-1');
INSERT INTO attendance (student_roll_no, date, status, subject_id, semester) VALUES ('24CSE133', '2025-02-07', 'Present', 1, '1-1');
INSERT INTO attendance (student_roll_no, date, status, subject_id, semester) VALUES ('24CSE133', '2025-02-08', 'Absent', 1, '1-1');
INSERT INTO attendance (student_roll_no, date, status, subject_id, semester) VALUES ('24CSE133', '2025-02-09', 'Present', 1, '1-1');
INSERT INTO attendance (student_roll_no, date, status, subject_id, semester) VALUES ('24CSE133', '2025-02-10', 'Present', 1, '1-1');
INSERT INTO attendance (student_roll_no, date, status, subject_id, semester) VALUES ('24CSE133', '2025-02-11', 'Present', 1, '1-1');
INSERT INTO attendance (student_roll_no, date, status, subject_id, semester) VALUES ('24CSE133', '2025-02-12', 'Present', 1, '1-1');
INSERT INTO attendance (student_roll_no, date, status, subject_id, semester) VALUES ('24CSE133', '2025-02-13', 'Present', 1, '1-1');
INSERT INTO attendance (student_roll_no, date, status, subject_id, semester) VALUES ('24CSE133', '2025-02-14', 'Present', 1, '1-1');
INSERT INTO attendance (student_roll_no, date, status, subject_id, semester) VALUES ('24CSE133', '2025-02-15', 'Present', 1, '1-1');
INSERT INTO attendance (student_roll_no, date, status, subject_id, semester) VALUES ('24CSE133', '2025-02-16', 'Present', 1, '1-1');
INSERT INTO attendance (student_roll_no, date, status, subject_id, semester) VALUES ('24CSE133', '2025-02-17', 'Present', 1, '1-1');
INSERT INTO attendance (student_roll_no, date, status, subject_id, semester) VALUES ('24CSE133', '2025-02-18', 'Present', 1, '1-1');
INSERT INTO attendance (student_roll_no, date, status, subject_id, semester) VALUES ('24CSE133', '2025-02-19', 'Present', 1, '1-1');
INSERT INTO fees (student_roll_no, academic_year, tuition_fees, convener_fees, due_date, paid_fees) VALUES ('24CSE133', '2024-25', 50000, 15000, '2025-05-15', 30000);
INSERT INTO students (roll_no, admission_no, name, branch, section, year, gender, dob, religion, phone, email, aadhar, address, father_name, mother_name, parents_occupation, parents_mobile, annual_income, joining_date, photo_url, is_hosteller, password_hash) VALUES ('21ECE134', 'ADM21ECE134', 'Prasad Yadav', 'ECE', 'B', 4, 'Male', '2005-03-09', 'Muslim', '9848247133', '21ece134@nsrit.edu.in', '1381-3409-5876', 'H.No 384, Street 10, Visakhapatnam, AP', 'Patel Rahul', 'Kumar Patel', 'Engineer', '9848247133', 202901, '2023-07-15', 'https://api.dicebear.com/7.x/avataaars/svg?seed=21ECE134', 0, 'scrypt:32768:8:1$ARD8iu2R30ZgOvjn$0c28fb2c347ac069a47026ad5d1f981cf505bbde11b1e3626b8a21147aa73e5d94d807b682b1299e2029c5c2f76884672524bbc1c3de85f345c28f406888dfe1');
INSERT INTO mentors (student_roll_no, teacher_id) VALUES ('21ECE134', 'TCH005');
INSERT INTO marks (student_roll_no, subject_id, grade, grade_point, credits) VALUES ('21ECE134', 1, 'A+', 9, 4);
INSERT INTO internal_marks (student_roll_no, subject_id, mid1, mid2, online_tests, assignments) VALUES ('21ECE134', 1, 21, 17, 10, 5);
INSERT INTO marks (student_roll_no, subject_id, grade, grade_point, credits) VALUES ('21ECE134', 2, 'B+', 7, 4);
INSERT INTO internal_marks (student_roll_no, subject_id, mid1, mid2, online_tests, assignments) VALUES ('21ECE134', 2, 18, 15, 10, 5);
INSERT INTO marks (student_roll_no, subject_id, grade, grade_point, credits) VALUES ('21ECE134', 3, 'B+', 7, 4);
INSERT INTO internal_marks (student_roll_no, subject_id, mid1, mid2, online_tests, assignments) VALUES ('21ECE134', 3, 23, 25, 10, 5);
INSERT INTO semester_results (student_roll_no, semester, sgpa, cgpa, total_credits, percentage) VALUES ('21ECE134',  '1-1', 8.5, 8.5,  11,  80.0);
INSERT INTO cgpa (student_roll_no, cgpa, total_credits, total_percentage) VALUES ('21ECE134', 8.5, 11, 80.0);
INSERT INTO attendance (student_roll_no, date, status, subject_id, semester) VALUES ('21ECE134', '2025-02-01', 'Present', 1, '1-1');
INSERT INTO attendance (student_roll_no, date, status, subject_id, semester) VALUES ('21ECE134', '2025-02-02', 'Present', 1, '1-1');
INSERT INTO attendance (student_roll_no, date, status, subject_id, semester) VALUES ('21ECE134', '2025-02-03', 'Present', 1, '1-1');
INSERT INTO attendance (student_roll_no, date, status, subject_id, semester) VALUES ('21ECE134', '2025-02-04', 'Present', 1, '1-1');
INSERT INTO attendance (student_roll_no, date, status, subject_id, semester) VALUES ('21ECE134', '2025-02-05', 'Present', 1, '1-1');
INSERT INTO attendance (student_roll_no, date, status, subject_id, semester) VALUES ('21ECE134', '2025-02-06', 'Present', 1, '1-1');
INSERT INTO attendance (student_roll_no, date, status, subject_id, semester) VALUES ('21ECE134', '2025-02-07', 'Present', 1, '1-1');
INSERT INTO attendance (student_roll_no, date, status, subject_id, semester) VALUES ('21ECE134', '2025-02-08', 'Present', 1, '1-1');
INSERT INTO attendance (student_roll_no, date, status, subject_id, semester) VALUES ('21ECE134', '2025-02-09', 'Present', 1, '1-1');
INSERT INTO attendance (student_roll_no, date, status, subject_id, semester) VALUES ('21ECE134', '2025-02-10', 'Present', 1, '1-1');
INSERT INTO attendance (student_roll_no, date, status, subject_id, semester) VALUES ('21ECE134', '2025-02-11', 'Absent', 1, '1-1');
INSERT INTO attendance (student_roll_no, date, status, subject_id, semester) VALUES ('21ECE134', '2025-02-12', 'Present', 1, '1-1');
INSERT INTO attendance (student_roll_no, date, status, subject_id, semester) VALUES ('21ECE134', '2025-02-13', 'Present', 1, '1-1');
INSERT INTO attendance (student_roll_no, date, status, subject_id, semester) VALUES ('21ECE134', '2025-02-14', 'Present', 1, '1-1');
INSERT INTO attendance (student_roll_no, date, status, subject_id, semester) VALUES ('21ECE134', '2025-02-15', 'Present', 1, '1-1');
INSERT INTO attendance (student_roll_no, date, status, subject_id, semester) VALUES ('21ECE134', '2025-02-16', 'Present', 1, '1-1');
INSERT INTO attendance (student_roll_no, date, status, subject_id, semester) VALUES ('21ECE134', '2025-02-17', 'Present', 1, '1-1');
INSERT INTO attendance (student_roll_no, date, status, subject_id, semester) VALUES ('21ECE134', '2025-02-18', 'Present', 1, '1-1');
INSERT INTO attendance (student_roll_no, date, status, subject_id, semester) VALUES ('21ECE134', '2025-02-19', 'Present', 1, '1-1');
INSERT INTO fees (student_roll_no, academic_year, tuition_fees, convener_fees, due_date, paid_fees) VALUES ('21ECE134', '2024-25', 50000, 15000, '2025-05-15', 30000);
INSERT INTO students (roll_no, admission_no, name, branch, section, year, gender, dob, religion, phone, email, aadhar, address, father_name, mother_name, parents_occupation, parents_mobile, annual_income, joining_date, photo_url, is_hosteller, password_hash) VALUES ('23CSE135', 'ADM23CSE135', 'Arjun Gupta', 'CSE', 'C', 2, 'Female', '2005-07-12', 'Hindu', '9848257632', '23cse135@nsrit.edu.in', '3172-5911-1754', 'H.No 365, Street 15, Visakhapatnam, AP', 'Rao Gayathri', 'Anil Kumar', 'Farmer', '9848257632', 799930, '2023-07-15', 'https://api.dicebear.com/7.x/avataaars/svg?seed=23CSE135', 1, 'scrypt:32768:8:1$ARD8iu2R30ZgOvjn$0c28fb2c347ac069a47026ad5d1f981cf505bbde11b1e3626b8a21147aa73e5d94d807b682b1299e2029c5c2f76884672524bbc1c3de85f345c28f406888dfe1');
INSERT INTO mentors (student_roll_no, teacher_id) VALUES ('23CSE135', 'TCH014');
INSERT INTO marks (student_roll_no, subject_id, grade, grade_point, credits) VALUES ('23CSE135', 1, 'A', 8, 4);
INSERT INTO internal_marks (student_roll_no, subject_id, mid1, mid2, online_tests, assignments) VALUES ('23CSE135', 1, 19, 19, 10, 5);
INSERT INTO marks (student_roll_no, subject_id, grade, grade_point, credits) VALUES ('23CSE135', 2, 'A', 8, 4);
INSERT INTO internal_marks (student_roll_no, subject_id, mid1, mid2, online_tests, assignments) VALUES ('23CSE135', 2, 19, 24, 10, 5);
INSERT INTO marks (student_roll_no, subject_id, grade, grade_point, credits) VALUES ('23CSE135', 3, 'A', 8, 4);
INSERT INTO internal_marks (student_roll_no, subject_id, mid1, mid2, online_tests, assignments) VALUES ('23CSE135', 3, 21, 15, 10, 5);
INSERT INTO semester_results (student_roll_no, semester, sgpa, cgpa, total_credits, percentage) VALUES ('23CSE135',  '1-1', 8.5, 8.5,  11,  80.0);
INSERT INTO cgpa (student_roll_no, cgpa, total_credits, total_percentage) VALUES ('23CSE135', 8.5, 11, 80.0);
INSERT INTO attendance (student_roll_no, date, status, subject_id, semester) VALUES ('23CSE135', '2025-02-01', 'Present', 1, '1-1');
INSERT INTO attendance (student_roll_no, date, status, subject_id, semester) VALUES ('23CSE135', '2025-02-02', 'Present', 1, '1-1');
INSERT INTO attendance (student_roll_no, date, status, subject_id, semester) VALUES ('23CSE135', '2025-02-03', 'Present', 1, '1-1');
INSERT INTO attendance (student_roll_no, date, status, subject_id, semester) VALUES ('23CSE135', '2025-02-04', 'Present', 1, '1-1');
INSERT INTO attendance (student_roll_no, date, status, subject_id, semester) VALUES ('23CSE135', '2025-02-05', 'Present', 1, '1-1');
INSERT INTO attendance (student_roll_no, date, status, subject_id, semester) VALUES ('23CSE135', '2025-02-06', 'Present', 1, '1-1');
INSERT INTO attendance (student_roll_no, date, status, subject_id, semester) VALUES ('23CSE135', '2025-02-07', 'Present', 1, '1-1');
INSERT INTO attendance (student_roll_no, date, status, subject_id, semester) VALUES ('23CSE135', '2025-02-08', 'Present', 1, '1-1');
INSERT INTO attendance (student_roll_no, date, status, subject_id, semester) VALUES ('23CSE135', '2025-02-09', 'Present', 1, '1-1');
INSERT INTO attendance (student_roll_no, date, status, subject_id, semester) VALUES ('23CSE135', '2025-02-10', 'Present', 1, '1-1');
INSERT INTO attendance (student_roll_no, date, status, subject_id, semester) VALUES ('23CSE135', '2025-02-11', 'Absent', 1, '1-1');
INSERT INTO attendance (student_roll_no, date, status, subject_id, semester) VALUES ('23CSE135', '2025-02-12', 'Present', 1, '1-1');
INSERT INTO attendance (student_roll_no, date, status, subject_id, semester) VALUES ('23CSE135', '2025-02-13', 'Present', 1, '1-1');
INSERT INTO attendance (student_roll_no, date, status, subject_id, semester) VALUES ('23CSE135', '2025-02-14', 'Present', 1, '1-1');
INSERT INTO attendance (student_roll_no, date, status, subject_id, semester) VALUES ('23CSE135', '2025-02-15', 'Present', 1, '1-1');
INSERT INTO attendance (student_roll_no, date, status, subject_id, semester) VALUES ('23CSE135', '2025-02-16', 'Present', 1, '1-1');
INSERT INTO attendance (student_roll_no, date, status, subject_id, semester) VALUES ('23CSE135', '2025-02-17', 'Present', 1, '1-1');
INSERT INTO attendance (student_roll_no, date, status, subject_id, semester) VALUES ('23CSE135', '2025-02-18', 'Present', 1, '1-1');
INSERT INTO attendance (student_roll_no, date, status, subject_id, semester) VALUES ('23CSE135', '2025-02-19', 'Present', 1, '1-1');
INSERT INTO fees (student_roll_no, academic_year, tuition_fees, convener_fees, due_date, paid_fees) VALUES ('23CSE135', '2024-25', 50000, 15000, '2025-05-15', 30000);
INSERT INTO outing_records (roll_number, date, reason) VALUES ('23CSE135', '2025-03-01', 'Weekend home');
INSERT INTO students (roll_no, admission_no, name, branch, section, year, gender, dob, religion, phone, email, aadhar, address, father_name, mother_name, parents_occupation, parents_mobile, annual_income, joining_date, photo_url, is_hosteller, password_hash) VALUES ('24EEE136', 'ADM24EEE136', 'Hari Chowdary', 'EEE', 'C', 1, 'Male', '2005-03-06', 'Sikh', '9848604271', '24eee136@nsrit.edu.in', '2094-6083-6091', 'H.No 181, Street 20, Visakhapatnam, AP', 'Mishra Kumar', 'Akhil Yadav', 'Teacher', '9848604271', 454948, '2024-07-15', 'https://api.dicebear.com/7.x/avataaars/svg?seed=24EEE136', 0, 'scrypt:32768:8:1$ARD8iu2R30ZgOvjn$0c28fb2c347ac069a47026ad5d1f981cf505bbde11b1e3626b8a21147aa73e5d94d807b682b1299e2029c5c2f76884672524bbc1c3de85f345c28f406888dfe1');
INSERT INTO mentors (student_roll_no, teacher_id) VALUES ('24EEE136', 'TCH014');
INSERT INTO marks (student_roll_no, subject_id, grade, grade_point, credits) VALUES ('24EEE136', 1, 'A', 8, 4);
INSERT INTO internal_marks (student_roll_no, subject_id, mid1, mid2, online_tests, assignments) VALUES ('24EEE136', 1, 18, 18, 10, 5);
INSERT INTO marks (student_roll_no, subject_id, grade, grade_point, credits) VALUES ('24EEE136', 2, 'O', 10, 4);
INSERT INTO internal_marks (student_roll_no, subject_id, mid1, mid2, online_tests, assignments) VALUES ('24EEE136', 2, 20, 15, 10, 5);
INSERT INTO marks (student_roll_no, subject_id, grade, grade_point, credits) VALUES ('24EEE136', 3, 'A+', 9, 4);
INSERT INTO internal_marks (student_roll_no, subject_id, mid1, mid2, online_tests, assignments) VALUES ('24EEE136', 3, 19, 22, 10, 5);
INSERT INTO semester_results (student_roll_no, semester, sgpa, cgpa, total_credits, percentage) VALUES ('24EEE136',  '1-1', 8.5, 8.5,  11,  80.0);
INSERT INTO cgpa (student_roll_no, cgpa, total_credits, total_percentage) VALUES ('24EEE136', 8.5, 11, 80.0);
INSERT INTO attendance (student_roll_no, date, status, subject_id, semester) VALUES ('24EEE136', '2025-02-01', 'Present', 1, '1-1');
INSERT INTO attendance (student_roll_no, date, status, subject_id, semester) VALUES ('24EEE136', '2025-02-02', 'Present', 1, '1-1');
INSERT INTO attendance (student_roll_no, date, status, subject_id, semester) VALUES ('24EEE136', '2025-02-03', 'Present', 1, '1-1');
INSERT INTO attendance (student_roll_no, date, status, subject_id, semester) VALUES ('24EEE136', '2025-02-04', 'Present', 1, '1-1');
INSERT INTO attendance (student_roll_no, date, status, subject_id, semester) VALUES ('24EEE136', '2025-02-05', 'Absent', 1, '1-1');
INSERT INTO attendance (student_roll_no, date, status, subject_id, semester) VALUES ('24EEE136', '2025-02-06', 'Present', 1, '1-1');
INSERT INTO attendance (student_roll_no, date, status, subject_id, semester) VALUES ('24EEE136', '2025-02-07', 'Absent', 1, '1-1');
INSERT INTO attendance (student_roll_no, date, status, subject_id, semester) VALUES ('24EEE136', '2025-02-08', 'Present', 1, '1-1');
INSERT INTO attendance (student_roll_no, date, status, subject_id, semester) VALUES ('24EEE136', '2025-02-09', 'Present', 1, '1-1');
INSERT INTO attendance (student_roll_no, date, status, subject_id, semester) VALUES ('24EEE136', '2025-02-10', 'Present', 1, '1-1');
INSERT INTO attendance (student_roll_no, date, status, subject_id, semester) VALUES ('24EEE136', '2025-02-11', 'Present', 1, '1-1');
INSERT INTO attendance (student_roll_no, date, status, subject_id, semester) VALUES ('24EEE136', '2025-02-12', 'Absent', 1, '1-1');
INSERT INTO attendance (student_roll_no, date, status, subject_id, semester) VALUES ('24EEE136', '2025-02-13', 'Present', 1, '1-1');
INSERT INTO attendance (student_roll_no, date, status, subject_id, semester) VALUES ('24EEE136', '2025-02-14', 'Present', 1, '1-1');
INSERT INTO attendance (student_roll_no, date, status, subject_id, semester) VALUES ('24EEE136', '2025-02-15', 'Present', 1, '1-1');
INSERT INTO attendance (student_roll_no, date, status, subject_id, semester) VALUES ('24EEE136', '2025-02-16', 'Present', 1, '1-1');
INSERT INTO attendance (student_roll_no, date, status, subject_id, semester) VALUES ('24EEE136', '2025-02-17', 'Present', 1, '1-1');
INSERT INTO attendance (student_roll_no, date, status, subject_id, semester) VALUES ('24EEE136', '2025-02-18', 'Present', 1, '1-1');
INSERT INTO attendance (student_roll_no, date, status, subject_id, semester) VALUES ('24EEE136', '2025-02-19', 'Absent', 1, '1-1');
INSERT INTO fees (student_roll_no, academic_year, tuition_fees, convener_fees, due_date, paid_fees) VALUES ('24EEE136', '2024-25', 50000, 15000, '2025-05-15', 30000);
INSERT INTO students (roll_no, admission_no, name, branch, section, year, gender, dob, religion, phone, email, aadhar, address, father_name, mother_name, parents_occupation, parents_mobile, annual_income, joining_date, photo_url, is_hosteller, password_hash) VALUES ('21IT137', 'ADM21IT137', 'Neha Kumar', 'IT', 'C', 4, 'Female', '2005-08-22', 'Sikh', '9848211468', '21it137@nsrit.edu.in', '1380-9964-4481', 'H.No 105, Street 16, Visakhapatnam, AP', 'Yadav Priya', 'Karthik Singh', 'Doctor', '9848211468', 227035, '2023-07-15', 'https://api.dicebear.com/7.x/avataaars/svg?seed=21IT137', 0, 'scrypt:32768:8:1$ARD8iu2R30ZgOvjn$0c28fb2c347ac069a47026ad5d1f981cf505bbde11b1e3626b8a21147aa73e5d94d807b682b1299e2029c5c2f76884672524bbc1c3de85f345c28f406888dfe1');
INSERT INTO mentors (student_roll_no, teacher_id) VALUES ('21IT137', 'TCH007');
INSERT INTO marks (student_roll_no, subject_id, grade, grade_point, credits) VALUES ('21IT137', 1, 'A', 8, 4);
INSERT INTO internal_marks (student_roll_no, subject_id, mid1, mid2, online_tests, assignments) VALUES ('21IT137', 1, 24, 17, 10, 5);
INSERT INTO marks (student_roll_no, subject_id, grade, grade_point, credits) VALUES ('21IT137', 2, 'B+', 7, 4);
INSERT INTO internal_marks (student_roll_no, subject_id, mid1, mid2, online_tests, assignments) VALUES ('21IT137', 2, 17, 22, 10, 5);
INSERT INTO marks (student_roll_no, subject_id, grade, grade_point, credits) VALUES ('21IT137', 3, 'B', 6, 4);
INSERT INTO internal_marks (student_roll_no, subject_id, mid1, mid2, online_tests, assignments) VALUES ('21IT137', 3, 23, 19, 10, 5);
INSERT INTO semester_results (student_roll_no, semester, sgpa, cgpa, total_credits, percentage) VALUES ('21IT137',  '1-1', 8.5, 8.5,  11,  80.0);
INSERT INTO cgpa (student_roll_no, cgpa, total_credits, total_percentage) VALUES ('21IT137', 8.5, 11, 80.0);
INSERT INTO attendance (student_roll_no, date, status, subject_id, semester) VALUES ('21IT137', '2025-02-01', 'Present', 1, '1-1');
INSERT INTO attendance (student_roll_no, date, status, subject_id, semester) VALUES ('21IT137', '2025-02-02', 'Present', 1, '1-1');
INSERT INTO attendance (student_roll_no, date, status, subject_id, semester) VALUES ('21IT137', '2025-02-03', 'Present', 1, '1-1');
INSERT INTO attendance (student_roll_no, date, status, subject_id, semester) VALUES ('21IT137', '2025-02-04', 'Present', 1, '1-1');
INSERT INTO attendance (student_roll_no, date, status, subject_id, semester) VALUES ('21IT137', '2025-02-05', 'Absent', 1, '1-1');
INSERT INTO attendance (student_roll_no, date, status, subject_id, semester) VALUES ('21IT137', '2025-02-06', 'Present', 1, '1-1');
INSERT INTO attendance (student_roll_no, date, status, subject_id, semester) VALUES ('21IT137', '2025-02-07', 'Present', 1, '1-1');
INSERT INTO attendance (student_roll_no, date, status, subject_id, semester) VALUES ('21IT137', '2025-02-08', 'Present', 1, '1-1');
INSERT INTO attendance (student_roll_no, date, status, subject_id, semester) VALUES ('21IT137', '2025-02-09', 'Present', 1, '1-1');
INSERT INTO attendance (student_roll_no, date, status, subject_id, semester) VALUES ('21IT137', '2025-02-10', 'Present', 1, '1-1');
INSERT INTO attendance (student_roll_no, date, status, subject_id, semester) VALUES ('21IT137', '2025-02-11', 'Present', 1, '1-1');
INSERT INTO attendance (student_roll_no, date, status, subject_id, semester) VALUES ('21IT137', '2025-02-12', 'Present', 1, '1-1');
INSERT INTO attendance (student_roll_no, date, status, subject_id, semester) VALUES ('21IT137', '2025-02-13', 'Absent', 1, '1-1');
INSERT INTO attendance (student_roll_no, date, status, subject_id, semester) VALUES ('21IT137', '2025-02-14', 'Present', 1, '1-1');
INSERT INTO attendance (student_roll_no, date, status, subject_id, semester) VALUES ('21IT137', '2025-02-15', 'Present', 1, '1-1');
INSERT INTO attendance (student_roll_no, date, status, subject_id, semester) VALUES ('21IT137', '2025-02-16', 'Present', 1, '1-1');
INSERT INTO attendance (student_roll_no, date, status, subject_id, semester) VALUES ('21IT137', '2025-02-17', 'Present', 1, '1-1');
INSERT INTO attendance (student_roll_no, date, status, subject_id, semester) VALUES ('21IT137', '2025-02-18', 'Present', 1, '1-1');
INSERT INTO attendance (student_roll_no, date, status, subject_id, semester) VALUES ('21IT137', '2025-02-19', 'Present', 1, '1-1');
INSERT INTO fees (student_roll_no, academic_year, tuition_fees, convener_fees, due_date, paid_fees) VALUES ('21IT137', '2024-25', 50000, 15000, '2025-05-15', 30000);
INSERT INTO students (roll_no, admission_no, name, branch, section, year, gender, dob, religion, phone, email, aadhar, address, father_name, mother_name, parents_occupation, parents_mobile, annual_income, joining_date, photo_url, is_hosteller, password_hash) VALUES ('24CIVIL138', 'ADM24CIVIL138', 'Naveen Sharma', 'CIVIL', 'C', 1, 'Female', '2005-03-08', 'Muslim', '9848599545', '24civil138@nsrit.edu.in', '4311-3498-1757', 'H.No 474, Street 8, Visakhapatnam, AP', 'Chowdary Neha', 'Ravi Rao', 'Engineer', '9848599545', 960691, '2024-07-15', 'https://api.dicebear.com/7.x/avataaars/svg?seed=24CIVIL138', 0, 'scrypt:32768:8:1$ARD8iu2R30ZgOvjn$0c28fb2c347ac069a47026ad5d1f981cf505bbde11b1e3626b8a21147aa73e5d94d807b682b1299e2029c5c2f76884672524bbc1c3de85f345c28f406888dfe1');
INSERT INTO mentors (student_roll_no, teacher_id) VALUES ('24CIVIL138', 'TCH005');
INSERT INTO marks (student_roll_no, subject_id, grade, grade_point, credits) VALUES ('24CIVIL138', 1, 'B+', 7, 4);
INSERT INTO internal_marks (student_roll_no, subject_id, mid1, mid2, online_tests, assignments) VALUES ('24CIVIL138', 1, 18, 15, 10, 5);
INSERT INTO marks (student_roll_no, subject_id, grade, grade_point, credits) VALUES ('24CIVIL138', 2, 'A', 8, 4);
INSERT INTO internal_marks (student_roll_no, subject_id, mid1, mid2, online_tests, assignments) VALUES ('24CIVIL138', 2, 22, 23, 10, 5);
INSERT INTO marks (student_roll_no, subject_id, grade, grade_point, credits) VALUES ('24CIVIL138', 3, 'B', 6, 4);
INSERT INTO internal_marks (student_roll_no, subject_id, mid1, mid2, online_tests, assignments) VALUES ('24CIVIL138', 3, 21, 24, 10, 5);
INSERT INTO semester_results (student_roll_no, semester, sgpa, cgpa, total_credits, percentage) VALUES ('24CIVIL138',  '1-1', 8.5, 8.5,  11,  80.0);
INSERT INTO cgpa (student_roll_no, cgpa, total_credits, total_percentage) VALUES ('24CIVIL138', 8.5, 11, 80.0);
INSERT INTO attendance (student_roll_no, date, status, subject_id, semester) VALUES ('24CIVIL138', '2025-02-01', 'Present', 1, '1-1');
INSERT INTO attendance (student_roll_no, date, status, subject_id, semester) VALUES ('24CIVIL138', '2025-02-02', 'Present', 1, '1-1');
INSERT INTO attendance (student_roll_no, date, status, subject_id, semester) VALUES ('24CIVIL138', '2025-02-03', 'Present', 1, '1-1');
INSERT INTO attendance (student_roll_no, date, status, subject_id, semester) VALUES ('24CIVIL138', '2025-02-04', 'Present', 1, '1-1');
INSERT INTO attendance (student_roll_no, date, status, subject_id, semester) VALUES ('24CIVIL138', '2025-02-05', 'Present', 1, '1-1');
INSERT INTO attendance (student_roll_no, date, status, subject_id, semester) VALUES ('24CIVIL138', '2025-02-06', 'Present', 1, '1-1');
INSERT INTO attendance (student_roll_no, date, status, subject_id, semester) VALUES ('24CIVIL138', '2025-02-07', 'Present', 1, '1-1');
INSERT INTO attendance (student_roll_no, date, status, subject_id, semester) VALUES ('24CIVIL138', '2025-02-08', 'Present', 1, '1-1');
INSERT INTO attendance (student_roll_no, date, status, subject_id, semester) VALUES ('24CIVIL138', '2025-02-09', 'Present', 1, '1-1');
INSERT INTO attendance (student_roll_no, date, status, subject_id, semester) VALUES ('24CIVIL138', '2025-02-10', 'Present', 1, '1-1');
INSERT INTO attendance (student_roll_no, date, status, subject_id, semester) VALUES ('24CIVIL138', '2025-02-11', 'Absent', 1, '1-1');
INSERT INTO attendance (student_roll_no, date, status, subject_id, semester) VALUES ('24CIVIL138', '2025-02-12', 'Present', 1, '1-1');
INSERT INTO attendance (student_roll_no, date, status, subject_id, semester) VALUES ('24CIVIL138', '2025-02-13', 'Present', 1, '1-1');
INSERT INTO attendance (student_roll_no, date, status, subject_id, semester) VALUES ('24CIVIL138', '2025-02-14', 'Present', 1, '1-1');
INSERT INTO attendance (student_roll_no, date, status, subject_id, semester) VALUES ('24CIVIL138', '2025-02-15', 'Present', 1, '1-1');
INSERT INTO attendance (student_roll_no, date, status, subject_id, semester) VALUES ('24CIVIL138', '2025-02-16', 'Present', 1, '1-1');
INSERT INTO attendance (student_roll_no, date, status, subject_id, semester) VALUES ('24CIVIL138', '2025-02-17', 'Present', 1, '1-1');
INSERT INTO attendance (student_roll_no, date, status, subject_id, semester) VALUES ('24CIVIL138', '2025-02-18', 'Present', 1, '1-1');
INSERT INTO attendance (student_roll_no, date, status, subject_id, semester) VALUES ('24CIVIL138', '2025-02-19', 'Present', 1, '1-1');
INSERT INTO fees (student_roll_no, academic_year, tuition_fees, convener_fees, due_date, paid_fees) VALUES ('24CIVIL138', '2024-25', 50000, 15000, '2025-05-15', 30000);
INSERT INTO students (roll_no, admission_no, name, branch, section, year, gender, dob, religion, phone, email, aadhar, address, father_name, mother_name, parents_occupation, parents_mobile, annual_income, joining_date, photo_url, is_hosteller, password_hash) VALUES ('23MECH139', 'ADM23MECH139', 'Arjun Yadav', 'MECH', 'C', 2, 'Male', '2005-04-14', 'Sikh', '9848532503', '23mech139@nsrit.edu.in', '8286-5724-6281', 'H.No 206, Street 4, Visakhapatnam, AP', 'Yadav Naveen', 'Akhil Gupta', 'Doctor', '9848532503', 419688, '2023-07-15', 'https://api.dicebear.com/7.x/avataaars/svg?seed=23MECH139', 0, 'scrypt:32768:8:1$ARD8iu2R30ZgOvjn$0c28fb2c347ac069a47026ad5d1f981cf505bbde11b1e3626b8a21147aa73e5d94d807b682b1299e2029c5c2f76884672524bbc1c3de85f345c28f406888dfe1');
INSERT INTO mentors (student_roll_no, teacher_id) VALUES ('23MECH139', 'TCH012');
INSERT INTO marks (student_roll_no, subject_id, grade, grade_point, credits) VALUES ('23MECH139', 1, 'O', 10, 4);
INSERT INTO internal_marks (student_roll_no, subject_id, mid1, mid2, online_tests, assignments) VALUES ('23MECH139', 1, 19, 20, 10, 5);
INSERT INTO marks (student_roll_no, subject_id, grade, grade_point, credits) VALUES ('23MECH139', 2, 'B', 6, 4);
INSERT INTO internal_marks (student_roll_no, subject_id, mid1, mid2, online_tests, assignments) VALUES ('23MECH139', 2, 19, 15, 10, 5);
INSERT INTO marks (student_roll_no, subject_id, grade, grade_point, credits) VALUES ('23MECH139', 3, 'A+', 9, 4);
INSERT INTO internal_marks (student_roll_no, subject_id, mid1, mid2, online_tests, assignments) VALUES ('23MECH139', 3, 16, 25, 10, 5);
INSERT INTO semester_results (student_roll_no, semester, sgpa, cgpa, total_credits, percentage) VALUES ('23MECH139',  '1-1', 8.5, 8.5,  11,  80.0);
INSERT INTO cgpa (student_roll_no, cgpa, total_credits, total_percentage) VALUES ('23MECH139', 8.5, 11, 80.0);
INSERT INTO attendance (student_roll_no, date, status, subject_id, semester) VALUES ('23MECH139', '2025-02-01', 'Present', 1, '1-1');
INSERT INTO attendance (student_roll_no, date, status, subject_id, semester) VALUES ('23MECH139', '2025-02-02', 'Present', 1, '1-1');
INSERT INTO attendance (student_roll_no, date, status, subject_id, semester) VALUES ('23MECH139', '2025-02-03', 'Present', 1, '1-1');
INSERT INTO attendance (student_roll_no, date, status, subject_id, semester) VALUES ('23MECH139', '2025-02-04', 'Present', 1, '1-1');
INSERT INTO attendance (student_roll_no, date, status, subject_id, semester) VALUES ('23MECH139', '2025-02-05', 'Absent', 1, '1-1');
INSERT INTO attendance (student_roll_no, date, status, subject_id, semester) VALUES ('23MECH139', '2025-02-06', 'Present', 1, '1-1');
INSERT INTO attendance (student_roll_no, date, status, subject_id, semester) VALUES ('23MECH139', '2025-02-07', 'Present', 1, '1-1');
INSERT INTO attendance (student_roll_no, date, status, subject_id, semester) VALUES ('23MECH139', '2025-02-08', 'Absent', 1, '1-1');
INSERT INTO attendance (student_roll_no, date, status, subject_id, semester) VALUES ('23MECH139', '2025-02-09', 'Present', 1, '1-1');
INSERT INTO attendance (student_roll_no, date, status, subject_id, semester) VALUES ('23MECH139', '2025-02-10', 'Present', 1, '1-1');
INSERT INTO attendance (student_roll_no, date, status, subject_id, semester) VALUES ('23MECH139', '2025-02-11', 'Present', 1, '1-1');
INSERT INTO attendance (student_roll_no, date, status, subject_id, semester) VALUES ('23MECH139', '2025-02-12', 'Present', 1, '1-1');
INSERT INTO attendance (student_roll_no, date, status, subject_id, semester) VALUES ('23MECH139', '2025-02-13', 'Present', 1, '1-1');
INSERT INTO attendance (student_roll_no, date, status, subject_id, semester) VALUES ('23MECH139', '2025-02-14', 'Present', 1, '1-1');
INSERT INTO attendance (student_roll_no, date, status, subject_id, semester) VALUES ('23MECH139', '2025-02-15', 'Present', 1, '1-1');
INSERT INTO attendance (student_roll_no, date, status, subject_id, semester) VALUES ('23MECH139', '2025-02-16', 'Present', 1, '1-1');
INSERT INTO attendance (student_roll_no, date, status, subject_id, semester) VALUES ('23MECH139', '2025-02-17', 'Present', 1, '1-1');
INSERT INTO attendance (student_roll_no, date, status, subject_id, semester) VALUES ('23MECH139', '2025-02-18', 'Absent', 1, '1-1');
INSERT INTO attendance (student_roll_no, date, status, subject_id, semester) VALUES ('23MECH139', '2025-02-19', 'Present', 1, '1-1');
INSERT INTO fees (student_roll_no, academic_year, tuition_fees, convener_fees, due_date, paid_fees) VALUES ('23MECH139', '2024-25', 50000, 15000, '2025-05-15', 30000);
INSERT INTO students (roll_no, admission_no, name, branch, section, year, gender, dob, religion, phone, email, aadhar, address, father_name, mother_name, parents_occupation, parents_mobile, annual_income, joining_date, photo_url, is_hosteller, password_hash) VALUES ('23CIVIL140', 'ADM23CIVIL140', 'Raja Varma', 'CIVIL', 'A', 2, 'Female', '2005-06-15', 'Christian', '9848870092', '23civil140@nsrit.edu.in', '9609-7820-2110', 'H.No 29, Street 7, Visakhapatnam, AP', 'Mishra Divya', 'Neha Varma', 'Business', '9848870092', 706873, '2023-07-15', 'https://api.dicebear.com/7.x/avataaars/svg?seed=23CIVIL140', 1, 'scrypt:32768:8:1$ARD8iu2R30ZgOvjn$0c28fb2c347ac069a47026ad5d1f981cf505bbde11b1e3626b8a21147aa73e5d94d807b682b1299e2029c5c2f76884672524bbc1c3de85f345c28f406888dfe1');
INSERT INTO mentors (student_roll_no, teacher_id) VALUES ('23CIVIL140', 'TCH006');
INSERT INTO marks (student_roll_no, subject_id, grade, grade_point, credits) VALUES ('23CIVIL140', 1, 'C', 5, 4);
INSERT INTO internal_marks (student_roll_no, subject_id, mid1, mid2, online_tests, assignments) VALUES ('23CIVIL140', 1, 21, 22, 10, 5);
INSERT INTO marks (student_roll_no, subject_id, grade, grade_point, credits) VALUES ('23CIVIL140', 2, 'B+', 7, 4);
INSERT INTO internal_marks (student_roll_no, subject_id, mid1, mid2, online_tests, assignments) VALUES ('23CIVIL140', 2, 20, 17, 10, 5);
INSERT INTO marks (student_roll_no, subject_id, grade, grade_point, credits) VALUES ('23CIVIL140', 3, 'B+', 7, 4);
INSERT INTO internal_marks (student_roll_no, subject_id, mid1, mid2, online_tests, assignments) VALUES ('23CIVIL140', 3, 15, 22, 10, 5);
INSERT INTO semester_results (student_roll_no, semester, sgpa, cgpa, total_credits, percentage) VALUES ('23CIVIL140',  '1-1', 8.5, 8.5,  11,  80.0);
INSERT INTO cgpa (student_roll_no, cgpa, total_credits, total_percentage) VALUES ('23CIVIL140', 8.5, 11, 80.0);
INSERT INTO attendance (student_roll_no, date, status, subject_id, semester) VALUES ('23CIVIL140', '2025-02-01', 'Present', 1, '1-1');
INSERT INTO attendance (student_roll_no, date, status, subject_id, semester) VALUES ('23CIVIL140', '2025-02-02', 'Present', 1, '1-1');
INSERT INTO attendance (student_roll_no, date, status, subject_id, semester) VALUES ('23CIVIL140', '2025-02-03', 'Absent', 1, '1-1');
INSERT INTO attendance (student_roll_no, date, status, subject_id, semester) VALUES ('23CIVIL140', '2025-02-04', 'Present', 1, '1-1');
INSERT INTO attendance (student_roll_no, date, status, subject_id, semester) VALUES ('23CIVIL140', '2025-02-05', 'Present', 1, '1-1');
INSERT INTO attendance (student_roll_no, date, status, subject_id, semester) VALUES ('23CIVIL140', '2025-02-06', 'Present', 1, '1-1');
INSERT INTO attendance (student_roll_no, date, status, subject_id, semester) VALUES ('23CIVIL140', '2025-02-07', 'Present', 1, '1-1');
INSERT INTO attendance (student_roll_no, date, status, subject_id, semester) VALUES ('23CIVIL140', '2025-02-08', 'Present', 1, '1-1');
INSERT INTO attendance (student_roll_no, date, status, subject_id, semester) VALUES ('23CIVIL140', '2025-02-09', 'Present', 1, '1-1');
INSERT INTO attendance (student_roll_no, date, status, subject_id, semester) VALUES ('23CIVIL140', '2025-02-10', 'Present', 1, '1-1');
INSERT INTO attendance (student_roll_no, date, status, subject_id, semester) VALUES ('23CIVIL140', '2025-02-11', 'Present', 1, '1-1');
INSERT INTO attendance (student_roll_no, date, status, subject_id, semester) VALUES ('23CIVIL140', '2025-02-12', 'Present', 1, '1-1');
INSERT INTO attendance (student_roll_no, date, status, subject_id, semester) VALUES ('23CIVIL140', '2025-02-13', 'Present', 1, '1-1');
INSERT INTO attendance (student_roll_no, date, status, subject_id, semester) VALUES ('23CIVIL140', '2025-02-14', 'Present', 1, '1-1');
INSERT INTO attendance (student_roll_no, date, status, subject_id, semester) VALUES ('23CIVIL140', '2025-02-15', 'Present', 1, '1-1');
INSERT INTO attendance (student_roll_no, date, status, subject_id, semester) VALUES ('23CIVIL140', '2025-02-16', 'Present', 1, '1-1');
INSERT INTO attendance (student_roll_no, date, status, subject_id, semester) VALUES ('23CIVIL140', '2025-02-17', 'Present', 1, '1-1');
INSERT INTO attendance (student_roll_no, date, status, subject_id, semester) VALUES ('23CIVIL140', '2025-02-18', 'Present', 1, '1-1');
INSERT INTO attendance (student_roll_no, date, status, subject_id, semester) VALUES ('23CIVIL140', '2025-02-19', 'Absent', 1, '1-1');
INSERT INTO fees (student_roll_no, academic_year, tuition_fees, convener_fees, due_date, paid_fees) VALUES ('23CIVIL140', '2024-25', 50000, 15000, '2025-05-15', 30000);
INSERT INTO outing_records (roll_number, date, reason) VALUES ('23CIVIL140', '2025-03-01', 'Weekend home');
INSERT INTO students (roll_no, admission_no, name, branch, section, year, gender, dob, religion, phone, email, aadhar, address, father_name, mother_name, parents_occupation, parents_mobile, annual_income, joining_date, photo_url, is_hosteller, password_hash) VALUES ('22MECH141', 'ADM22MECH141', 'Akhil Mishra', 'MECH', 'B', 3, 'Male', '2005-11-01', 'Christian', '9848928161', '22mech141@nsrit.edu.in', '7365-7386-1331', 'H.No 486, Street 8, Visakhapatnam, AP', 'Varma Sai', 'Prasad Mishra', 'Farmer', '9848928161', 373729, '2023-07-15', 'https://api.dicebear.com/7.x/avataaars/svg?seed=22MECH141', 0, 'scrypt:32768:8:1$ARD8iu2R30ZgOvjn$0c28fb2c347ac069a47026ad5d1f981cf505bbde11b1e3626b8a21147aa73e5d94d807b682b1299e2029c5c2f76884672524bbc1c3de85f345c28f406888dfe1');
INSERT INTO mentors (student_roll_no, teacher_id) VALUES ('22MECH141', 'TCH014');
INSERT INTO marks (student_roll_no, subject_id, grade, grade_point, credits) VALUES ('22MECH141', 1, 'B+', 7, 4);
INSERT INTO internal_marks (student_roll_no, subject_id, mid1, mid2, online_tests, assignments) VALUES ('22MECH141', 1, 23, 21, 10, 5);
INSERT INTO marks (student_roll_no, subject_id, grade, grade_point, credits) VALUES ('22MECH141', 2, 'A', 8, 4);
INSERT INTO internal_marks (student_roll_no, subject_id, mid1, mid2, online_tests, assignments) VALUES ('22MECH141', 2, 19, 22, 10, 5);
INSERT INTO marks (student_roll_no, subject_id, grade, grade_point, credits) VALUES ('22MECH141', 3, 'O', 10, 4);
INSERT INTO internal_marks (student_roll_no, subject_id, mid1, mid2, online_tests, assignments) VALUES ('22MECH141', 3, 20, 18, 10, 5);
INSERT INTO semester_results (student_roll_no, semester, sgpa, cgpa, total_credits, percentage) VALUES ('22MECH141',  '1-1', 8.5, 8.5,  11,  80.0);
INSERT INTO cgpa (student_roll_no, cgpa, total_credits, total_percentage) VALUES ('22MECH141', 8.5, 11, 80.0);
INSERT INTO attendance (student_roll_no, date, status, subject_id, semester) VALUES ('22MECH141', '2025-02-01', 'Present', 1, '1-1');
INSERT INTO attendance (student_roll_no, date, status, subject_id, semester) VALUES ('22MECH141', '2025-02-02', 'Present', 1, '1-1');
INSERT INTO attendance (student_roll_no, date, status, subject_id, semester) VALUES ('22MECH141', '2025-02-03', 'Present', 1, '1-1');
INSERT INTO attendance (student_roll_no, date, status, subject_id, semester) VALUES ('22MECH141', '2025-02-04', 'Present', 1, '1-1');
INSERT INTO attendance (student_roll_no, date, status, subject_id, semester) VALUES ('22MECH141', '2025-02-05', 'Present', 1, '1-1');
INSERT INTO attendance (student_roll_no, date, status, subject_id, semester) VALUES ('22MECH141', '2025-02-06', 'Present', 1, '1-1');
INSERT INTO attendance (student_roll_no, date, status, subject_id, semester) VALUES ('22MECH141', '2025-02-07', 'Absent', 1, '1-1');
INSERT INTO attendance (student_roll_no, date, status, subject_id, semester) VALUES ('22MECH141', '2025-02-08', 'Present', 1, '1-1');
INSERT INTO attendance (student_roll_no, date, status, subject_id, semester) VALUES ('22MECH141', '2025-02-09', 'Present', 1, '1-1');
INSERT INTO attendance (student_roll_no, date, status, subject_id, semester) VALUES ('22MECH141', '2025-02-10', 'Present', 1, '1-1');
INSERT INTO attendance (student_roll_no, date, status, subject_id, semester) VALUES ('22MECH141', '2025-02-11', 'Present', 1, '1-1');
INSERT INTO attendance (student_roll_no, date, status, subject_id, semester) VALUES ('22MECH141', '2025-02-12', 'Present', 1, '1-1');
INSERT INTO attendance (student_roll_no, date, status, subject_id, semester) VALUES ('22MECH141', '2025-02-13', 'Present', 1, '1-1');
INSERT INTO attendance (student_roll_no, date, status, subject_id, semester) VALUES ('22MECH141', '2025-02-14', 'Present', 1, '1-1');
INSERT INTO attendance (student_roll_no, date, status, subject_id, semester) VALUES ('22MECH141', '2025-02-15', 'Absent', 1, '1-1');
INSERT INTO attendance (student_roll_no, date, status, subject_id, semester) VALUES ('22MECH141', '2025-02-16', 'Present', 1, '1-1');
INSERT INTO attendance (student_roll_no, date, status, subject_id, semester) VALUES ('22MECH141', '2025-02-17', 'Present', 1, '1-1');
INSERT INTO attendance (student_roll_no, date, status, subject_id, semester) VALUES ('22MECH141', '2025-02-18', 'Present', 1, '1-1');
INSERT INTO attendance (student_roll_no, date, status, subject_id, semester) VALUES ('22MECH141', '2025-02-19', 'Present', 1, '1-1');
INSERT INTO fees (student_roll_no, academic_year, tuition_fees, convener_fees, due_date, paid_fees) VALUES ('22MECH141', '2024-25', 50000, 15000, '2025-05-15', 30000);
INSERT INTO students (roll_no, admission_no, name, branch, section, year, gender, dob, religion, phone, email, aadhar, address, father_name, mother_name, parents_occupation, parents_mobile, annual_income, joining_date, photo_url, is_hosteller, password_hash) VALUES ('24CSE142', 'ADM24CSE142', 'Anil Rao', 'CSE', 'A', 1, 'Male', '2005-03-06', 'Muslim', '9848865780', '24cse142@nsrit.edu.in', '8787-5680-5744', 'H.No 384, Street 5, Visakhapatnam, AP', 'Sharma Anil', 'Ravi Gupta', 'Farmer', '9848865780', 846508, '2024-07-15', 'https://api.dicebear.com/7.x/avataaars/svg?seed=24CSE142', 0, 'scrypt:32768:8:1$ARD8iu2R30ZgOvjn$0c28fb2c347ac069a47026ad5d1f981cf505bbde11b1e3626b8a21147aa73e5d94d807b682b1299e2029c5c2f76884672524bbc1c3de85f345c28f406888dfe1');
INSERT INTO mentors (student_roll_no, teacher_id) VALUES ('24CSE142', 'TCH002');
INSERT INTO marks (student_roll_no, subject_id, grade, grade_point, credits) VALUES ('24CSE142', 1, 'C', 5, 4);
INSERT INTO internal_marks (student_roll_no, subject_id, mid1, mid2, online_tests, assignments) VALUES ('24CSE142', 1, 20, 22, 10, 5);
INSERT INTO marks (student_roll_no, subject_id, grade, grade_point, credits) VALUES ('24CSE142', 2, 'O', 10, 4);
INSERT INTO internal_marks (student_roll_no, subject_id, mid1, mid2, online_tests, assignments) VALUES ('24CSE142', 2, 21, 16, 10, 5);
INSERT INTO marks (student_roll_no, subject_id, grade, grade_point, credits) VALUES ('24CSE142', 3, 'B+', 7, 4);
INSERT INTO internal_marks (student_roll_no, subject_id, mid1, mid2, online_tests, assignments) VALUES ('24CSE142', 3, 15, 22, 10, 5);
INSERT INTO semester_results (student_roll_no, semester, sgpa, cgpa, total_credits, percentage) VALUES ('24CSE142',  '1-1', 8.5, 8.5,  11,  80.0);
INSERT INTO cgpa (student_roll_no, cgpa, total_credits, total_percentage) VALUES ('24CSE142', 8.5, 11, 80.0);
INSERT INTO attendance (student_roll_no, date, status, subject_id, semester) VALUES ('24CSE142', '2025-02-01', 'Present', 1, '1-1');
INSERT INTO attendance (student_roll_no, date, status, subject_id, semester) VALUES ('24CSE142', '2025-02-02', 'Present', 1, '1-1');
INSERT INTO attendance (student_roll_no, date, status, subject_id, semester) VALUES ('24CSE142', '2025-02-03', 'Present', 1, '1-1');
INSERT INTO attendance (student_roll_no, date, status, subject_id, semester) VALUES ('24CSE142', '2025-02-04', 'Present', 1, '1-1');
INSERT INTO attendance (student_roll_no, date, status, subject_id, semester) VALUES ('24CSE142', '2025-02-05', 'Present', 1, '1-1');
INSERT INTO attendance (student_roll_no, date, status, subject_id, semester) VALUES ('24CSE142', '2025-02-06', 'Present', 1, '1-1');
INSERT INTO attendance (student_roll_no, date, status, subject_id, semester) VALUES ('24CSE142', '2025-02-07', 'Present', 1, '1-1');
INSERT INTO attendance (student_roll_no, date, status, subject_id, semester) VALUES ('24CSE142', '2025-02-08', 'Present', 1, '1-1');
INSERT INTO attendance (student_roll_no, date, status, subject_id, semester) VALUES ('24CSE142', '2025-02-09', 'Present', 1, '1-1');
INSERT INTO attendance (student_roll_no, date, status, subject_id, semester) VALUES ('24CSE142', '2025-02-10', 'Present', 1, '1-1');
INSERT INTO attendance (student_roll_no, date, status, subject_id, semester) VALUES ('24CSE142', '2025-02-11', 'Present', 1, '1-1');
INSERT INTO attendance (student_roll_no, date, status, subject_id, semester) VALUES ('24CSE142', '2025-02-12', 'Present', 1, '1-1');
INSERT INTO attendance (student_roll_no, date, status, subject_id, semester) VALUES ('24CSE142', '2025-02-13', 'Present', 1, '1-1');
INSERT INTO attendance (student_roll_no, date, status, subject_id, semester) VALUES ('24CSE142', '2025-02-14', 'Present', 1, '1-1');
INSERT INTO attendance (student_roll_no, date, status, subject_id, semester) VALUES ('24CSE142', '2025-02-15', 'Present', 1, '1-1');
INSERT INTO attendance (student_roll_no, date, status, subject_id, semester) VALUES ('24CSE142', '2025-02-16', 'Present', 1, '1-1');
INSERT INTO attendance (student_roll_no, date, status, subject_id, semester) VALUES ('24CSE142', '2025-02-17', 'Present', 1, '1-1');
INSERT INTO attendance (student_roll_no, date, status, subject_id, semester) VALUES ('24CSE142', '2025-02-18', 'Present', 1, '1-1');
INSERT INTO attendance (student_roll_no, date, status, subject_id, semester) VALUES ('24CSE142', '2025-02-19', 'Absent', 1, '1-1');
INSERT INTO fees (student_roll_no, academic_year, tuition_fees, convener_fees, due_date, paid_fees) VALUES ('24CSE142', '2024-25', 50000, 15000, '2025-05-15', 30000);
INSERT INTO students (roll_no, admission_no, name, branch, section, year, gender, dob, religion, phone, email, aadhar, address, father_name, mother_name, parents_occupation, parents_mobile, annual_income, joining_date, photo_url, is_hosteller, password_hash) VALUES ('21CSE143', 'ADM21CSE143', 'Divya Sharma', 'CSE', 'A', 4, 'Male', '2005-12-28', 'Hindu', '9848923214', '21cse143@nsrit.edu.in', '1735-6660-3451', 'H.No 307, Street 8, Visakhapatnam, AP', 'Rao Akhil', 'Sanjana Patel', 'Business', '9848923214', 605779, '2023-07-15', 'https://api.dicebear.com/7.x/avataaars/svg?seed=21CSE143', 0, 'scrypt:32768:8:1$ARD8iu2R30ZgOvjn$0c28fb2c347ac069a47026ad5d1f981cf505bbde11b1e3626b8a21147aa73e5d94d807b682b1299e2029c5c2f76884672524bbc1c3de85f345c28f406888dfe1');
INSERT INTO mentors (student_roll_no, teacher_id) VALUES ('21CSE143', 'TCH010');
INSERT INTO marks (student_roll_no, subject_id, grade, grade_point, credits) VALUES ('21CSE143', 1, 'C', 5, 4);
INSERT INTO internal_marks (student_roll_no, subject_id, mid1, mid2, online_tests, assignments) VALUES ('21CSE143', 1, 22, 18, 10, 5);
INSERT INTO marks (student_roll_no, subject_id, grade, grade_point, credits) VALUES ('21CSE143', 2, 'B', 6, 4);
INSERT INTO internal_marks (student_roll_no, subject_id, mid1, mid2, online_tests, assignments) VALUES ('21CSE143', 2, 25, 15, 10, 5);
INSERT INTO marks (student_roll_no, subject_id, grade, grade_point, credits) VALUES ('21CSE143', 3, 'C', 5, 4);
INSERT INTO internal_marks (student_roll_no, subject_id, mid1, mid2, online_tests, assignments) VALUES ('21CSE143', 3, 18, 19, 10, 5);
INSERT INTO semester_results (student_roll_no, semester, sgpa, cgpa, total_credits, percentage) VALUES ('21CSE143',  '1-1', 8.5, 8.5,  11,  80.0);
INSERT INTO cgpa (student_roll_no, cgpa, total_credits, total_percentage) VALUES ('21CSE143', 8.5, 11, 80.0);
INSERT INTO attendance (student_roll_no, date, status, subject_id, semester) VALUES ('21CSE143', '2025-02-01', 'Present', 1, '1-1');
INSERT INTO attendance (student_roll_no, date, status, subject_id, semester) VALUES ('21CSE143', '2025-02-02', 'Present', 1, '1-1');
INSERT INTO attendance (student_roll_no, date, status, subject_id, semester) VALUES ('21CSE143', '2025-02-03', 'Absent', 1, '1-1');
INSERT INTO attendance (student_roll_no, date, status, subject_id, semester) VALUES ('21CSE143', '2025-02-04', 'Present', 1, '1-1');
INSERT INTO attendance (student_roll_no, date, status, subject_id, semester) VALUES ('21CSE143', '2025-02-05', 'Present', 1, '1-1');
INSERT INTO attendance (student_roll_no, date, status, subject_id, semester) VALUES ('21CSE143', '2025-02-06', 'Present', 1, '1-1');
INSERT INTO attendance (student_roll_no, date, status, subject_id, semester) VALUES ('21CSE143', '2025-02-07', 'Present', 1, '1-1');
INSERT INTO attendance (student_roll_no, date, status, subject_id, semester) VALUES ('21CSE143', '2025-02-08', 'Present', 1, '1-1');
INSERT INTO attendance (student_roll_no, date, status, subject_id, semester) VALUES ('21CSE143', '2025-02-09', 'Present', 1, '1-1');
INSERT INTO attendance (student_roll_no, date, status, subject_id, semester) VALUES ('21CSE143', '2025-02-10', 'Present', 1, '1-1');
INSERT INTO attendance (student_roll_no, date, status, subject_id, semester) VALUES ('21CSE143', '2025-02-11', 'Present', 1, '1-1');
INSERT INTO attendance (student_roll_no, date, status, subject_id, semester) VALUES ('21CSE143', '2025-02-12', 'Absent', 1, '1-1');
INSERT INTO attendance (student_roll_no, date, status, subject_id, semester) VALUES ('21CSE143', '2025-02-13', 'Present', 1, '1-1');
INSERT INTO attendance (student_roll_no, date, status, subject_id, semester) VALUES ('21CSE143', '2025-02-14', 'Absent', 1, '1-1');
INSERT INTO attendance (student_roll_no, date, status, subject_id, semester) VALUES ('21CSE143', '2025-02-15', 'Present', 1, '1-1');
INSERT INTO attendance (student_roll_no, date, status, subject_id, semester) VALUES ('21CSE143', '2025-02-16', 'Present', 1, '1-1');
INSERT INTO attendance (student_roll_no, date, status, subject_id, semester) VALUES ('21CSE143', '2025-02-17', 'Present', 1, '1-1');
INSERT INTO attendance (student_roll_no, date, status, subject_id, semester) VALUES ('21CSE143', '2025-02-18', 'Present', 1, '1-1');
INSERT INTO attendance (student_roll_no, date, status, subject_id, semester) VALUES ('21CSE143', '2025-02-19', 'Present', 1, '1-1');
INSERT INTO fees (student_roll_no, academic_year, tuition_fees, convener_fees, due_date, paid_fees) VALUES ('21CSE143', '2024-25', 50000, 15000, '2025-05-15', 30000);
INSERT INTO students (roll_no, admission_no, name, branch, section, year, gender, dob, religion, phone, email, aadhar, address, father_name, mother_name, parents_occupation, parents_mobile, annual_income, joining_date, photo_url, is_hosteller, password_hash) VALUES ('22EEE144', 'ADM22EEE144', 'Priya Sharma', 'EEE', 'C', 3, 'Male', '2005-12-30', 'Muslim', '9848228599', '22eee144@nsrit.edu.in', '1693-8200-5246', 'H.No 239, Street 3, Visakhapatnam, AP', 'Kumar Gayathri', 'Raja Reddy', 'Farmer', '9848228599', 855389, '2023-07-15', 'https://api.dicebear.com/7.x/avataaars/svg?seed=22EEE144', 0, 'scrypt:32768:8:1$ARD8iu2R30ZgOvjn$0c28fb2c347ac069a47026ad5d1f981cf505bbde11b1e3626b8a21147aa73e5d94d807b682b1299e2029c5c2f76884672524bbc1c3de85f345c28f406888dfe1');
INSERT INTO mentors (student_roll_no, teacher_id) VALUES ('22EEE144', 'TCH012');
INSERT INTO marks (student_roll_no, subject_id, grade, grade_point, credits) VALUES ('22EEE144', 1, 'B', 6, 4);
INSERT INTO internal_marks (student_roll_no, subject_id, mid1, mid2, online_tests, assignments) VALUES ('22EEE144', 1, 18, 24, 10, 5);
INSERT INTO marks (student_roll_no, subject_id, grade, grade_point, credits) VALUES ('22EEE144', 2, 'B', 6, 4);
INSERT INTO internal_marks (student_roll_no, subject_id, mid1, mid2, online_tests, assignments) VALUES ('22EEE144', 2, 17, 21, 10, 5);
INSERT INTO marks (student_roll_no, subject_id, grade, grade_point, credits) VALUES ('22EEE144', 3, 'C', 5, 4);
INSERT INTO internal_marks (student_roll_no, subject_id, mid1, mid2, online_tests, assignments) VALUES ('22EEE144', 3, 19, 18, 10, 5);
INSERT INTO semester_results (student_roll_no, semester, sgpa, cgpa, total_credits, percentage) VALUES ('22EEE144',  '1-1', 8.5, 8.5,  11,  80.0);
INSERT INTO cgpa (student_roll_no, cgpa, total_credits, total_percentage) VALUES ('22EEE144', 8.5, 11, 80.0);
INSERT INTO attendance (student_roll_no, date, status, subject_id, semester) VALUES ('22EEE144', '2025-02-01', 'Present', 1, '1-1');
INSERT INTO attendance (student_roll_no, date, status, subject_id, semester) VALUES ('22EEE144', '2025-02-02', 'Present', 1, '1-1');
INSERT INTO attendance (student_roll_no, date, status, subject_id, semester) VALUES ('22EEE144', '2025-02-03', 'Present', 1, '1-1');
INSERT INTO attendance (student_roll_no, date, status, subject_id, semester) VALUES ('22EEE144', '2025-02-04', 'Present', 1, '1-1');
INSERT INTO attendance (student_roll_no, date, status, subject_id, semester) VALUES ('22EEE144', '2025-02-05', 'Present', 1, '1-1');
INSERT INTO attendance (student_roll_no, date, status, subject_id, semester) VALUES ('22EEE144', '2025-02-06', 'Present', 1, '1-1');
INSERT INTO attendance (student_roll_no, date, status, subject_id, semester) VALUES ('22EEE144', '2025-02-07', 'Present', 1, '1-1');
INSERT INTO attendance (student_roll_no, date, status, subject_id, semester) VALUES ('22EEE144', '2025-02-08', 'Present', 1, '1-1');
INSERT INTO attendance (student_roll_no, date, status, subject_id, semester) VALUES ('22EEE144', '2025-02-09', 'Present', 1, '1-1');
INSERT INTO attendance (student_roll_no, date, status, subject_id, semester) VALUES ('22EEE144', '2025-02-10', 'Present', 1, '1-1');
INSERT INTO attendance (student_roll_no, date, status, subject_id, semester) VALUES ('22EEE144', '2025-02-11', 'Present', 1, '1-1');
INSERT INTO attendance (student_roll_no, date, status, subject_id, semester) VALUES ('22EEE144', '2025-02-12', 'Present', 1, '1-1');
INSERT INTO attendance (student_roll_no, date, status, subject_id, semester) VALUES ('22EEE144', '2025-02-13', 'Present', 1, '1-1');
INSERT INTO attendance (student_roll_no, date, status, subject_id, semester) VALUES ('22EEE144', '2025-02-14', 'Present', 1, '1-1');
INSERT INTO attendance (student_roll_no, date, status, subject_id, semester) VALUES ('22EEE144', '2025-02-15', 'Present', 1, '1-1');
INSERT INTO attendance (student_roll_no, date, status, subject_id, semester) VALUES ('22EEE144', '2025-02-16', 'Absent', 1, '1-1');
INSERT INTO attendance (student_roll_no, date, status, subject_id, semester) VALUES ('22EEE144', '2025-02-17', 'Present', 1, '1-1');
INSERT INTO attendance (student_roll_no, date, status, subject_id, semester) VALUES ('22EEE144', '2025-02-18', 'Absent', 1, '1-1');
INSERT INTO attendance (student_roll_no, date, status, subject_id, semester) VALUES ('22EEE144', '2025-02-19', 'Present', 1, '1-1');
INSERT INTO fees (student_roll_no, academic_year, tuition_fees, convener_fees, due_date, paid_fees) VALUES ('22EEE144', '2024-25', 50000, 15000, '2025-05-15', 30000);
INSERT INTO students (roll_no, admission_no, name, branch, section, year, gender, dob, religion, phone, email, aadhar, address, father_name, mother_name, parents_occupation, parents_mobile, annual_income, joining_date, photo_url, is_hosteller, password_hash) VALUES ('22CIVIL145', 'ADM22CIVIL145', 'Raja Singh', 'CIVIL', 'C', 3, 'Male', '2005-08-09', 'Hindu', '9848330521', '22civil145@nsrit.edu.in', '9719-4078-9638', 'H.No 101, Street 1, Visakhapatnam, AP', 'Reddy Anil', 'Raja Reddy', 'Teacher', '9848330521', 425154, '2023-07-15', 'https://api.dicebear.com/7.x/avataaars/svg?seed=22CIVIL145', 1, 'scrypt:32768:8:1$ARD8iu2R30ZgOvjn$0c28fb2c347ac069a47026ad5d1f981cf505bbde11b1e3626b8a21147aa73e5d94d807b682b1299e2029c5c2f76884672524bbc1c3de85f345c28f406888dfe1');
INSERT INTO mentors (student_roll_no, teacher_id) VALUES ('22CIVIL145', 'TCH008');
INSERT INTO marks (student_roll_no, subject_id, grade, grade_point, credits) VALUES ('22CIVIL145', 1, 'A+', 9, 4);
INSERT INTO internal_marks (student_roll_no, subject_id, mid1, mid2, online_tests, assignments) VALUES ('22CIVIL145', 1, 24, 23, 10, 5);
INSERT INTO marks (student_roll_no, subject_id, grade, grade_point, credits) VALUES ('22CIVIL145', 2, 'C', 5, 4);
INSERT INTO internal_marks (student_roll_no, subject_id, mid1, mid2, online_tests, assignments) VALUES ('22CIVIL145', 2, 16, 15, 10, 5);
INSERT INTO marks (student_roll_no, subject_id, grade, grade_point, credits) VALUES ('22CIVIL145', 3, 'B', 6, 4);
INSERT INTO internal_marks (student_roll_no, subject_id, mid1, mid2, online_tests, assignments) VALUES ('22CIVIL145', 3, 25, 15, 10, 5);
INSERT INTO semester_results (student_roll_no, semester, sgpa, cgpa, total_credits, percentage) VALUES ('22CIVIL145',  '1-1', 8.5, 8.5,  11,  80.0);
INSERT INTO cgpa (student_roll_no, cgpa, total_credits, total_percentage) VALUES ('22CIVIL145', 8.5, 11, 80.0);
INSERT INTO attendance (student_roll_no, date, status, subject_id, semester) VALUES ('22CIVIL145', '2025-02-01', 'Present', 1, '1-1');
INSERT INTO attendance (student_roll_no, date, status, subject_id, semester) VALUES ('22CIVIL145', '2025-02-02', 'Present', 1, '1-1');
INSERT INTO attendance (student_roll_no, date, status, subject_id, semester) VALUES ('22CIVIL145', '2025-02-03', 'Present', 1, '1-1');
INSERT INTO attendance (student_roll_no, date, status, subject_id, semester) VALUES ('22CIVIL145', '2025-02-04', 'Present', 1, '1-1');
INSERT INTO attendance (student_roll_no, date, status, subject_id, semester) VALUES ('22CIVIL145', '2025-02-05', 'Present', 1, '1-1');
INSERT INTO attendance (student_roll_no, date, status, subject_id, semester) VALUES ('22CIVIL145', '2025-02-06', 'Present', 1, '1-1');
INSERT INTO attendance (student_roll_no, date, status, subject_id, semester) VALUES ('22CIVIL145', '2025-02-07', 'Present', 1, '1-1');
INSERT INTO attendance (student_roll_no, date, status, subject_id, semester) VALUES ('22CIVIL145', '2025-02-08', 'Present', 1, '1-1');
INSERT INTO attendance (student_roll_no, date, status, subject_id, semester) VALUES ('22CIVIL145', '2025-02-09', 'Present', 1, '1-1');
INSERT INTO attendance (student_roll_no, date, status, subject_id, semester) VALUES ('22CIVIL145', '2025-02-10', 'Present', 1, '1-1');
INSERT INTO attendance (student_roll_no, date, status, subject_id, semester) VALUES ('22CIVIL145', '2025-02-11', 'Present', 1, '1-1');
INSERT INTO attendance (student_roll_no, date, status, subject_id, semester) VALUES ('22CIVIL145', '2025-02-12', 'Present', 1, '1-1');
INSERT INTO attendance (student_roll_no, date, status, subject_id, semester) VALUES ('22CIVIL145', '2025-02-13', 'Present', 1, '1-1');
INSERT INTO attendance (student_roll_no, date, status, subject_id, semester) VALUES ('22CIVIL145', '2025-02-14', 'Present', 1, '1-1');
INSERT INTO attendance (student_roll_no, date, status, subject_id, semester) VALUES ('22CIVIL145', '2025-02-15', 'Present', 1, '1-1');
INSERT INTO attendance (student_roll_no, date, status, subject_id, semester) VALUES ('22CIVIL145', '2025-02-16', 'Present', 1, '1-1');
INSERT INTO attendance (student_roll_no, date, status, subject_id, semester) VALUES ('22CIVIL145', '2025-02-17', 'Present', 1, '1-1');
INSERT INTO attendance (student_roll_no, date, status, subject_id, semester) VALUES ('22CIVIL145', '2025-02-18', 'Present', 1, '1-1');
INSERT INTO attendance (student_roll_no, date, status, subject_id, semester) VALUES ('22CIVIL145', '2025-02-19', 'Present', 1, '1-1');
INSERT INTO fees (student_roll_no, academic_year, tuition_fees, convener_fees, due_date, paid_fees) VALUES ('22CIVIL145', '2024-25', 50000, 15000, '2025-05-15', 30000);
INSERT INTO outing_records (roll_number, date, reason) VALUES ('22CIVIL145', '2025-03-01', 'Weekend home');
INSERT INTO students (roll_no, admission_no, name, branch, section, year, gender, dob, religion, phone, email, aadhar, address, father_name, mother_name, parents_occupation, parents_mobile, annual_income, joining_date, photo_url, is_hosteller, password_hash) VALUES ('22ECE146', 'ADM22ECE146', 'Divya Mishra', 'ECE', 'B', 3, 'Female', '2005-07-04', 'Sikh', '9848828494', '22ece146@nsrit.edu.in', '7078-7309-2348', 'H.No 272, Street 1, Visakhapatnam, AP', 'Varma Gayathri', 'Kumar Singh', 'Doctor', '9848828494', 279742, '2023-07-15', 'https://api.dicebear.com/7.x/avataaars/svg?seed=22ECE146', 0, 'scrypt:32768:8:1$ARD8iu2R30ZgOvjn$0c28fb2c347ac069a47026ad5d1f981cf505bbde11b1e3626b8a21147aa73e5d94d807b682b1299e2029c5c2f76884672524bbc1c3de85f345c28f406888dfe1');
INSERT INTO mentors (student_roll_no, teacher_id) VALUES ('22ECE146', 'TCH011');
INSERT INTO marks (student_roll_no, subject_id, grade, grade_point, credits) VALUES ('22ECE146', 1, 'C', 5, 4);
INSERT INTO internal_marks (student_roll_no, subject_id, mid1, mid2, online_tests, assignments) VALUES ('22ECE146', 1, 21, 23, 10, 5);
INSERT INTO marks (student_roll_no, subject_id, grade, grade_point, credits) VALUES ('22ECE146', 2, 'B+', 7, 4);
INSERT INTO internal_marks (student_roll_no, subject_id, mid1, mid2, online_tests, assignments) VALUES ('22ECE146', 2, 15, 15, 10, 5);
INSERT INTO marks (student_roll_no, subject_id, grade, grade_point, credits) VALUES ('22ECE146', 3, 'A+', 9, 4);
INSERT INTO internal_marks (student_roll_no, subject_id, mid1, mid2, online_tests, assignments) VALUES ('22ECE146', 3, 16, 22, 10, 5);
INSERT INTO semester_results (student_roll_no, semester, sgpa, cgpa, total_credits, percentage) VALUES ('22ECE146',  '1-1', 8.5, 8.5,  11,  80.0);
INSERT INTO cgpa (student_roll_no, cgpa, total_credits, total_percentage) VALUES ('22ECE146', 8.5, 11, 80.0);
INSERT INTO attendance (student_roll_no, date, status, subject_id, semester) VALUES ('22ECE146', '2025-02-01', 'Present', 1, '1-1');
INSERT INTO attendance (student_roll_no, date, status, subject_id, semester) VALUES ('22ECE146', '2025-02-02', 'Present', 1, '1-1');
INSERT INTO attendance (student_roll_no, date, status, subject_id, semester) VALUES ('22ECE146', '2025-02-03', 'Absent', 1, '1-1');
INSERT INTO attendance (student_roll_no, date, status, subject_id, semester) VALUES ('22ECE146', '2025-02-04', 'Present', 1, '1-1');
INSERT INTO attendance (student_roll_no, date, status, subject_id, semester) VALUES ('22ECE146', '2025-02-05', 'Present', 1, '1-1');
INSERT INTO attendance (student_roll_no, date, status, subject_id, semester) VALUES ('22ECE146', '2025-02-06', 'Present', 1, '1-1');
INSERT INTO attendance (student_roll_no, date, status, subject_id, semester) VALUES ('22ECE146', '2025-02-07', 'Present', 1, '1-1');
INSERT INTO attendance (student_roll_no, date, status, subject_id, semester) VALUES ('22ECE146', '2025-02-08', 'Present', 1, '1-1');
INSERT INTO attendance (student_roll_no, date, status, subject_id, semester) VALUES ('22ECE146', '2025-02-09', 'Present', 1, '1-1');
INSERT INTO attendance (student_roll_no, date, status, subject_id, semester) VALUES ('22ECE146', '2025-02-10', 'Present', 1, '1-1');
INSERT INTO attendance (student_roll_no, date, status, subject_id, semester) VALUES ('22ECE146', '2025-02-11', 'Absent', 1, '1-1');
INSERT INTO attendance (student_roll_no, date, status, subject_id, semester) VALUES ('22ECE146', '2025-02-12', 'Present', 1, '1-1');
INSERT INTO attendance (student_roll_no, date, status, subject_id, semester) VALUES ('22ECE146', '2025-02-13', 'Absent', 1, '1-1');
INSERT INTO attendance (student_roll_no, date, status, subject_id, semester) VALUES ('22ECE146', '2025-02-14', 'Present', 1, '1-1');
INSERT INTO attendance (student_roll_no, date, status, subject_id, semester) VALUES ('22ECE146', '2025-02-15', 'Present', 1, '1-1');
INSERT INTO attendance (student_roll_no, date, status, subject_id, semester) VALUES ('22ECE146', '2025-02-16', 'Present', 1, '1-1');
INSERT INTO attendance (student_roll_no, date, status, subject_id, semester) VALUES ('22ECE146', '2025-02-17', 'Absent', 1, '1-1');
INSERT INTO attendance (student_roll_no, date, status, subject_id, semester) VALUES ('22ECE146', '2025-02-18', 'Present', 1, '1-1');
INSERT INTO attendance (student_roll_no, date, status, subject_id, semester) VALUES ('22ECE146', '2025-02-19', 'Present', 1, '1-1');
INSERT INTO fees (student_roll_no, academic_year, tuition_fees, convener_fees, due_date, paid_fees) VALUES ('22ECE146', '2024-25', 50000, 15000, '2025-05-15', 30000);
INSERT INTO students (roll_no, admission_no, name, branch, section, year, gender, dob, religion, phone, email, aadhar, address, father_name, mother_name, parents_occupation, parents_mobile, annual_income, joining_date, photo_url, is_hosteller, password_hash) VALUES ('21EEE147', 'ADM21EEE147', 'Akhil Goud', 'EEE', 'C', 4, 'Male', '2005-09-16', 'Hindu', '9848880575', '21eee147@nsrit.edu.in', '9760-9768-4292', 'H.No 187, Street 10, Visakhapatnam, AP', 'Sharma Neha', 'Naveen Varma', 'Business', '9848880575', 835872, '2023-07-15', 'https://api.dicebear.com/7.x/avataaars/svg?seed=21EEE147', 0, 'scrypt:32768:8:1$ARD8iu2R30ZgOvjn$0c28fb2c347ac069a47026ad5d1f981cf505bbde11b1e3626b8a21147aa73e5d94d807b682b1299e2029c5c2f76884672524bbc1c3de85f345c28f406888dfe1');
INSERT INTO mentors (student_roll_no, teacher_id) VALUES ('21EEE147', 'TCH002');
INSERT INTO marks (student_roll_no, subject_id, grade, grade_point, credits) VALUES ('21EEE147', 1, 'O', 10, 4);
INSERT INTO internal_marks (student_roll_no, subject_id, mid1, mid2, online_tests, assignments) VALUES ('21EEE147', 1, 22, 22, 10, 5);
INSERT INTO marks (student_roll_no, subject_id, grade, grade_point, credits) VALUES ('21EEE147', 2, 'B+', 7, 4);
INSERT INTO internal_marks (student_roll_no, subject_id, mid1, mid2, online_tests, assignments) VALUES ('21EEE147', 2, 20, 23, 10, 5);
INSERT INTO marks (student_roll_no, subject_id, grade, grade_point, credits) VALUES ('21EEE147', 3, 'C', 5, 4);
INSERT INTO internal_marks (student_roll_no, subject_id, mid1, mid2, online_tests, assignments) VALUES ('21EEE147', 3, 20, 18, 10, 5);
INSERT INTO semester_results (student_roll_no, semester, sgpa, cgpa, total_credits, percentage) VALUES ('21EEE147',  '1-1', 8.5, 8.5,  11,  80.0);
INSERT INTO cgpa (student_roll_no, cgpa, total_credits, total_percentage) VALUES ('21EEE147', 8.5, 11, 80.0);
INSERT INTO attendance (student_roll_no, date, status, subject_id, semester) VALUES ('21EEE147', '2025-02-01', 'Absent', 1, '1-1');
INSERT INTO attendance (student_roll_no, date, status, subject_id, semester) VALUES ('21EEE147', '2025-02-02', 'Present', 1, '1-1');
INSERT INTO attendance (student_roll_no, date, status, subject_id, semester) VALUES ('21EEE147', '2025-02-03', 'Present', 1, '1-1');
INSERT INTO attendance (student_roll_no, date, status, subject_id, semester) VALUES ('21EEE147', '2025-02-04', 'Present', 1, '1-1');
INSERT INTO attendance (student_roll_no, date, status, subject_id, semester) VALUES ('21EEE147', '2025-02-05', 'Present', 1, '1-1');
INSERT INTO attendance (student_roll_no, date, status, subject_id, semester) VALUES ('21EEE147', '2025-02-06', 'Present', 1, '1-1');
INSERT INTO attendance (student_roll_no, date, status, subject_id, semester) VALUES ('21EEE147', '2025-02-07', 'Present', 1, '1-1');
INSERT INTO attendance (student_roll_no, date, status, subject_id, semester) VALUES ('21EEE147', '2025-02-08', 'Present', 1, '1-1');
INSERT INTO attendance (student_roll_no, date, status, subject_id, semester) VALUES ('21EEE147', '2025-02-09', 'Present', 1, '1-1');
INSERT INTO attendance (student_roll_no, date, status, subject_id, semester) VALUES ('21EEE147', '2025-02-10', 'Present', 1, '1-1');
INSERT INTO attendance (student_roll_no, date, status, subject_id, semester) VALUES ('21EEE147', '2025-02-11', 'Present', 1, '1-1');
INSERT INTO attendance (student_roll_no, date, status, subject_id, semester) VALUES ('21EEE147', '2025-02-12', 'Absent', 1, '1-1');
INSERT INTO attendance (student_roll_no, date, status, subject_id, semester) VALUES ('21EEE147', '2025-02-13', 'Present', 1, '1-1');
INSERT INTO attendance (student_roll_no, date, status, subject_id, semester) VALUES ('21EEE147', '2025-02-14', 'Absent', 1, '1-1');
INSERT INTO attendance (student_roll_no, date, status, subject_id, semester) VALUES ('21EEE147', '2025-02-15', 'Present', 1, '1-1');
INSERT INTO attendance (student_roll_no, date, status, subject_id, semester) VALUES ('21EEE147', '2025-02-16', 'Present', 1, '1-1');
INSERT INTO attendance (student_roll_no, date, status, subject_id, semester) VALUES ('21EEE147', '2025-02-17', 'Present', 1, '1-1');
INSERT INTO attendance (student_roll_no, date, status, subject_id, semester) VALUES ('21EEE147', '2025-02-18', 'Present', 1, '1-1');
INSERT INTO attendance (student_roll_no, date, status, subject_id, semester) VALUES ('21EEE147', '2025-02-19', 'Present', 1, '1-1');
INSERT INTO fees (student_roll_no, academic_year, tuition_fees, convener_fees, due_date, paid_fees) VALUES ('21EEE147', '2024-25', 50000, 15000, '2025-05-15', 30000);
INSERT INTO students (roll_no, admission_no, name, branch, section, year, gender, dob, religion, phone, email, aadhar, address, father_name, mother_name, parents_occupation, parents_mobile, annual_income, joining_date, photo_url, is_hosteller, password_hash) VALUES ('24MECH148', 'ADM24MECH148', 'Raja Yadav', 'MECH', 'A', 1, 'Female', '2005-02-10', 'Muslim', '9848181441', '24mech148@nsrit.edu.in', '8288-4631-9887', 'H.No 101, Street 14, Visakhapatnam, AP', 'Gupta Prasad', 'Rahul Singh', 'Teacher', '9848181441', 804597, '2024-07-15', 'https://api.dicebear.com/7.x/avataaars/svg?seed=24MECH148', 0, 'scrypt:32768:8:1$ARD8iu2R30ZgOvjn$0c28fb2c347ac069a47026ad5d1f981cf505bbde11b1e3626b8a21147aa73e5d94d807b682b1299e2029c5c2f76884672524bbc1c3de85f345c28f406888dfe1');
INSERT INTO mentors (student_roll_no, teacher_id) VALUES ('24MECH148', 'TCH001');
INSERT INTO marks (student_roll_no, subject_id, grade, grade_point, credits) VALUES ('24MECH148', 1, 'A', 8, 4);
INSERT INTO internal_marks (student_roll_no, subject_id, mid1, mid2, online_tests, assignments) VALUES ('24MECH148', 1, 20, 15, 10, 5);
INSERT INTO marks (student_roll_no, subject_id, grade, grade_point, credits) VALUES ('24MECH148', 2, 'A', 8, 4);
INSERT INTO internal_marks (student_roll_no, subject_id, mid1, mid2, online_tests, assignments) VALUES ('24MECH148', 2, 24, 15, 10, 5);
INSERT INTO marks (student_roll_no, subject_id, grade, grade_point, credits) VALUES ('24MECH148', 3, 'A+', 9, 4);
INSERT INTO internal_marks (student_roll_no, subject_id, mid1, mid2, online_tests, assignments) VALUES ('24MECH148', 3, 16, 23, 10, 5);
INSERT INTO semester_results (student_roll_no, semester, sgpa, cgpa, total_credits, percentage) VALUES ('24MECH148',  '1-1', 8.5, 8.5,  11,  80.0);
INSERT INTO cgpa (student_roll_no, cgpa, total_credits, total_percentage) VALUES ('24MECH148', 8.5, 11, 80.0);
INSERT INTO attendance (student_roll_no, date, status, subject_id, semester) VALUES ('24MECH148', '2025-02-01', 'Present', 1, '1-1');
INSERT INTO attendance (student_roll_no, date, status, subject_id, semester) VALUES ('24MECH148', '2025-02-02', 'Present', 1, '1-1');
INSERT INTO attendance (student_roll_no, date, status, subject_id, semester) VALUES ('24MECH148', '2025-02-03', 'Present', 1, '1-1');
INSERT INTO attendance (student_roll_no, date, status, subject_id, semester) VALUES ('24MECH148', '2025-02-04', 'Present', 1, '1-1');
INSERT INTO attendance (student_roll_no, date, status, subject_id, semester) VALUES ('24MECH148', '2025-02-05', 'Present', 1, '1-1');
INSERT INTO attendance (student_roll_no, date, status, subject_id, semester) VALUES ('24MECH148', '2025-02-06', 'Present', 1, '1-1');
INSERT INTO attendance (student_roll_no, date, status, subject_id, semester) VALUES ('24MECH148', '2025-02-07', 'Absent', 1, '1-1');
INSERT INTO attendance (student_roll_no, date, status, subject_id, semester) VALUES ('24MECH148', '2025-02-08', 'Present', 1, '1-1');
INSERT INTO attendance (student_roll_no, date, status, subject_id, semester) VALUES ('24MECH148', '2025-02-09', 'Present', 1, '1-1');
INSERT INTO attendance (student_roll_no, date, status, subject_id, semester) VALUES ('24MECH148', '2025-02-10', 'Absent', 1, '1-1');
INSERT INTO attendance (student_roll_no, date, status, subject_id, semester) VALUES ('24MECH148', '2025-02-11', 'Present', 1, '1-1');
INSERT INTO attendance (student_roll_no, date, status, subject_id, semester) VALUES ('24MECH148', '2025-02-12', 'Present', 1, '1-1');
INSERT INTO attendance (student_roll_no, date, status, subject_id, semester) VALUES ('24MECH148', '2025-02-13', 'Present', 1, '1-1');
INSERT INTO attendance (student_roll_no, date, status, subject_id, semester) VALUES ('24MECH148', '2025-02-14', 'Present', 1, '1-1');
INSERT INTO attendance (student_roll_no, date, status, subject_id, semester) VALUES ('24MECH148', '2025-02-15', 'Present', 1, '1-1');
INSERT INTO attendance (student_roll_no, date, status, subject_id, semester) VALUES ('24MECH148', '2025-02-16', 'Absent', 1, '1-1');
INSERT INTO attendance (student_roll_no, date, status, subject_id, semester) VALUES ('24MECH148', '2025-02-17', 'Present', 1, '1-1');
INSERT INTO attendance (student_roll_no, date, status, subject_id, semester) VALUES ('24MECH148', '2025-02-18', 'Absent', 1, '1-1');
INSERT INTO attendance (student_roll_no, date, status, subject_id, semester) VALUES ('24MECH148', '2025-02-19', 'Present', 1, '1-1');
INSERT INTO fees (student_roll_no, academic_year, tuition_fees, convener_fees, due_date, paid_fees) VALUES ('24MECH148', '2024-25', 50000, 15000, '2025-05-15', 30000);
INSERT INTO students (roll_no, admission_no, name, branch, section, year, gender, dob, religion, phone, email, aadhar, address, father_name, mother_name, parents_occupation, parents_mobile, annual_income, joining_date, photo_url, is_hosteller, password_hash) VALUES ('24MECH149', 'ADM24MECH149', 'Rahul Yadav', 'MECH', 'A', 1, 'Male', '2005-04-13', 'Christian', '9848941242', '24mech149@nsrit.edu.in', '6405-4978-5963', 'H.No 387, Street 3, Visakhapatnam, AP', 'Goud Venkata', 'Akhil Naidu', 'Engineer', '9848941242', 488249, '2024-07-15', 'https://api.dicebear.com/7.x/avataaars/svg?seed=24MECH149', 0, 'scrypt:32768:8:1$ARD8iu2R30ZgOvjn$0c28fb2c347ac069a47026ad5d1f981cf505bbde11b1e3626b8a21147aa73e5d94d807b682b1299e2029c5c2f76884672524bbc1c3de85f345c28f406888dfe1');
INSERT INTO mentors (student_roll_no, teacher_id) VALUES ('24MECH149', 'TCH004');
INSERT INTO marks (student_roll_no, subject_id, grade, grade_point, credits) VALUES ('24MECH149', 1, 'C', 5, 4);
INSERT INTO internal_marks (student_roll_no, subject_id, mid1, mid2, online_tests, assignments) VALUES ('24MECH149', 1, 23, 21, 10, 5);
INSERT INTO marks (student_roll_no, subject_id, grade, grade_point, credits) VALUES ('24MECH149', 2, 'C', 5, 4);
INSERT INTO internal_marks (student_roll_no, subject_id, mid1, mid2, online_tests, assignments) VALUES ('24MECH149', 2, 15, 23, 10, 5);
INSERT INTO marks (student_roll_no, subject_id, grade, grade_point, credits) VALUES ('24MECH149', 3, 'B+', 7, 4);
INSERT INTO internal_marks (student_roll_no, subject_id, mid1, mid2, online_tests, assignments) VALUES ('24MECH149', 3, 18, 22, 10, 5);
INSERT INTO semester_results (student_roll_no, semester, sgpa, cgpa, total_credits, percentage) VALUES ('24MECH149',  '1-1', 8.5, 8.5,  11,  80.0);
INSERT INTO cgpa (student_roll_no, cgpa, total_credits, total_percentage) VALUES ('24MECH149', 8.5, 11, 80.0);
INSERT INTO attendance (student_roll_no, date, status, subject_id, semester) VALUES ('24MECH149', '2025-02-01', 'Present', 1, '1-1');
INSERT INTO attendance (student_roll_no, date, status, subject_id, semester) VALUES ('24MECH149', '2025-02-02', 'Present', 1, '1-1');
INSERT INTO attendance (student_roll_no, date, status, subject_id, semester) VALUES ('24MECH149', '2025-02-03', 'Present', 1, '1-1');
INSERT INTO attendance (student_roll_no, date, status, subject_id, semester) VALUES ('24MECH149', '2025-02-04', 'Present', 1, '1-1');
INSERT INTO attendance (student_roll_no, date, status, subject_id, semester) VALUES ('24MECH149', '2025-02-05', 'Present', 1, '1-1');
INSERT INTO attendance (student_roll_no, date, status, subject_id, semester) VALUES ('24MECH149', '2025-02-06', 'Present', 1, '1-1');
INSERT INTO attendance (student_roll_no, date, status, subject_id, semester) VALUES ('24MECH149', '2025-02-07', 'Present', 1, '1-1');
INSERT INTO attendance (student_roll_no, date, status, subject_id, semester) VALUES ('24MECH149', '2025-02-08', 'Present', 1, '1-1');
INSERT INTO attendance (student_roll_no, date, status, subject_id, semester) VALUES ('24MECH149', '2025-02-09', 'Present', 1, '1-1');
INSERT INTO attendance (student_roll_no, date, status, subject_id, semester) VALUES ('24MECH149', '2025-02-10', 'Present', 1, '1-1');
INSERT INTO attendance (student_roll_no, date, status, subject_id, semester) VALUES ('24MECH149', '2025-02-11', 'Present', 1, '1-1');
INSERT INTO attendance (student_roll_no, date, status, subject_id, semester) VALUES ('24MECH149', '2025-02-12', 'Present', 1, '1-1');
INSERT INTO attendance (student_roll_no, date, status, subject_id, semester) VALUES ('24MECH149', '2025-02-13', 'Present', 1, '1-1');
INSERT INTO attendance (student_roll_no, date, status, subject_id, semester) VALUES ('24MECH149', '2025-02-14', 'Present', 1, '1-1');
INSERT INTO attendance (student_roll_no, date, status, subject_id, semester) VALUES ('24MECH149', '2025-02-15', 'Present', 1, '1-1');
INSERT INTO attendance (student_roll_no, date, status, subject_id, semester) VALUES ('24MECH149', '2025-02-16', 'Present', 1, '1-1');
INSERT INTO attendance (student_roll_no, date, status, subject_id, semester) VALUES ('24MECH149', '2025-02-17', 'Present', 1, '1-1');
INSERT INTO attendance (student_roll_no, date, status, subject_id, semester) VALUES ('24MECH149', '2025-02-18', 'Present', 1, '1-1');
INSERT INTO attendance (student_roll_no, date, status, subject_id, semester) VALUES ('24MECH149', '2025-02-19', 'Absent', 1, '1-1');
INSERT INTO fees (student_roll_no, academic_year, tuition_fees, convener_fees, due_date, paid_fees) VALUES ('24MECH149', '2024-25', 50000, 15000, '2025-05-15', 30000);
INSERT INTO students (roll_no, admission_no, name, branch, section, year, gender, dob, religion, phone, email, aadhar, address, father_name, mother_name, parents_occupation, parents_mobile, annual_income, joining_date, photo_url, is_hosteller, password_hash) VALUES ('22MECH150', 'ADM22MECH150', 'Akhil Patel', 'MECH', 'A', 3, 'Male', '2005-10-06', 'Hindu', '9848247177', '22mech150@nsrit.edu.in', '5237-6153-5104', 'H.No 84, Street 15, Visakhapatnam, AP', 'Goud Raja', 'Suresh Singh', 'Doctor', '9848247177', 501151, '2023-07-15', 'https://api.dicebear.com/7.x/avataaars/svg?seed=22MECH150', 1, 'scrypt:32768:8:1$ARD8iu2R30ZgOvjn$0c28fb2c347ac069a47026ad5d1f981cf505bbde11b1e3626b8a21147aa73e5d94d807b682b1299e2029c5c2f76884672524bbc1c3de85f345c28f406888dfe1');
INSERT INTO mentors (student_roll_no, teacher_id) VALUES ('22MECH150', 'TCH009');
INSERT INTO marks (student_roll_no, subject_id, grade, grade_point, credits) VALUES ('22MECH150', 1, 'A+', 9, 4);
INSERT INTO internal_marks (student_roll_no, subject_id, mid1, mid2, online_tests, assignments) VALUES ('22MECH150', 1, 21, 20, 10, 5);
INSERT INTO marks (student_roll_no, subject_id, grade, grade_point, credits) VALUES ('22MECH150', 2, 'A', 8, 4);
INSERT INTO internal_marks (student_roll_no, subject_id, mid1, mid2, online_tests, assignments) VALUES ('22MECH150', 2, 21, 15, 10, 5);
INSERT INTO marks (student_roll_no, subject_id, grade, grade_point, credits) VALUES ('22MECH150', 3, 'O', 10, 4);
INSERT INTO internal_marks (student_roll_no, subject_id, mid1, mid2, online_tests, assignments) VALUES ('22MECH150', 3, 15, 22, 10, 5);
INSERT INTO semester_results (student_roll_no, semester, sgpa, cgpa, total_credits, percentage) VALUES ('22MECH150',  '1-1', 8.5, 8.5,  11,  80.0);
INSERT INTO cgpa (student_roll_no, cgpa, total_credits, total_percentage) VALUES ('22MECH150', 8.5, 11, 80.0);
INSERT INTO attendance (student_roll_no, date, status, subject_id, semester) VALUES ('22MECH150', '2025-02-01', 'Present', 1, '1-1');
INSERT INTO attendance (student_roll_no, date, status, subject_id, semester) VALUES ('22MECH150', '2025-02-02', 'Present', 1, '1-1');
INSERT INTO attendance (student_roll_no, date, status, subject_id, semester) VALUES ('22MECH150', '2025-02-03', 'Present', 1, '1-1');
INSERT INTO attendance (student_roll_no, date, status, subject_id, semester) VALUES ('22MECH150', '2025-02-04', 'Present', 1, '1-1');
INSERT INTO attendance (student_roll_no, date, status, subject_id, semester) VALUES ('22MECH150', '2025-02-05', 'Present', 1, '1-1');
INSERT INTO attendance (student_roll_no, date, status, subject_id, semester) VALUES ('22MECH150', '2025-02-06', 'Present', 1, '1-1');
INSERT INTO attendance (student_roll_no, date, status, subject_id, semester) VALUES ('22MECH150', '2025-02-07', 'Present', 1, '1-1');
INSERT INTO attendance (student_roll_no, date, status, subject_id, semester) VALUES ('22MECH150', '2025-02-08', 'Present', 1, '1-1');
INSERT INTO attendance (student_roll_no, date, status, subject_id, semester) VALUES ('22MECH150', '2025-02-09', 'Present', 1, '1-1');
INSERT INTO attendance (student_roll_no, date, status, subject_id, semester) VALUES ('22MECH150', '2025-02-10', 'Present', 1, '1-1');
INSERT INTO attendance (student_roll_no, date, status, subject_id, semester) VALUES ('22MECH150', '2025-02-11', 'Present', 1, '1-1');
INSERT INTO attendance (student_roll_no, date, status, subject_id, semester) VALUES ('22MECH150', '2025-02-12', 'Present', 1, '1-1');
INSERT INTO attendance (student_roll_no, date, status, subject_id, semester) VALUES ('22MECH150', '2025-02-13', 'Present', 1, '1-1');
INSERT INTO attendance (student_roll_no, date, status, subject_id, semester) VALUES ('22MECH150', '2025-02-14', 'Present', 1, '1-1');
INSERT INTO attendance (student_roll_no, date, status, subject_id, semester) VALUES ('22MECH150', '2025-02-15', 'Present', 1, '1-1');
INSERT INTO attendance (student_roll_no, date, status, subject_id, semester) VALUES ('22MECH150', '2025-02-16', 'Present', 1, '1-1');
INSERT INTO attendance (student_roll_no, date, status, subject_id, semester) VALUES ('22MECH150', '2025-02-17', 'Present', 1, '1-1');
INSERT INTO attendance (student_roll_no, date, status, subject_id, semester) VALUES ('22MECH150', '2025-02-18', 'Present', 1, '1-1');
INSERT INTO attendance (student_roll_no, date, status, subject_id, semester) VALUES ('22MECH150', '2025-02-19', 'Absent', 1, '1-1');
INSERT INTO fees (student_roll_no, academic_year, tuition_fees, convener_fees, due_date, paid_fees) VALUES ('22MECH150', '2024-25', 50000, 15000, '2025-05-15', 30000);
INSERT INTO outing_records (roll_number, date, reason) VALUES ('22MECH150', '2025-03-01', 'Weekend home');
INSERT INTO students (roll_no, admission_no, name, branch, section, year, gender, dob, religion, phone, email, aadhar, address, father_name, mother_name, parents_occupation, parents_mobile, annual_income, joining_date, photo_url, is_hosteller, password_hash) VALUES ('24CSE151', 'ADM24CSE151', 'Rahul Kumar', 'CSE', 'A', 1, 'Female', '2005-01-17', 'Muslim', '9848459831', '24cse151@nsrit.edu.in', '4179-9629-1078', 'H.No 305, Street 15, Visakhapatnam, AP', 'Singh Anil', 'Kumar Chowdary', 'Engineer', '9848459831', 637773, '2024-07-15', 'https://api.dicebear.com/7.x/avataaars/svg?seed=24CSE151', 0, 'scrypt:32768:8:1$ARD8iu2R30ZgOvjn$0c28fb2c347ac069a47026ad5d1f981cf505bbde11b1e3626b8a21147aa73e5d94d807b682b1299e2029c5c2f76884672524bbc1c3de85f345c28f406888dfe1');
INSERT INTO mentors (student_roll_no, teacher_id) VALUES ('24CSE151', 'TCH008');
INSERT INTO marks (student_roll_no, subject_id, grade, grade_point, credits) VALUES ('24CSE151', 1, 'O', 10, 4);
INSERT INTO internal_marks (student_roll_no, subject_id, mid1, mid2, online_tests, assignments) VALUES ('24CSE151', 1, 17, 22, 10, 5);
INSERT INTO marks (student_roll_no, subject_id, grade, grade_point, credits) VALUES ('24CSE151', 2, 'A', 8, 4);
INSERT INTO internal_marks (student_roll_no, subject_id, mid1, mid2, online_tests, assignments) VALUES ('24CSE151', 2, 17, 21, 10, 5);
INSERT INTO marks (student_roll_no, subject_id, grade, grade_point, credits) VALUES ('24CSE151', 3, 'A', 8, 4);
INSERT INTO internal_marks (student_roll_no, subject_id, mid1, mid2, online_tests, assignments) VALUES ('24CSE151', 3, 17, 20, 10, 5);
INSERT INTO semester_results (student_roll_no, semester, sgpa, cgpa, total_credits, percentage) VALUES ('24CSE151',  '1-1', 8.5, 8.5,  11,  80.0);
INSERT INTO cgpa (student_roll_no, cgpa, total_credits, total_percentage) VALUES ('24CSE151', 8.5, 11, 80.0);
INSERT INTO attendance (student_roll_no, date, status, subject_id, semester) VALUES ('24CSE151', '2025-02-01', 'Present', 1, '1-1');
INSERT INTO attendance (student_roll_no, date, status, subject_id, semester) VALUES ('24CSE151', '2025-02-02', 'Present', 1, '1-1');
INSERT INTO attendance (student_roll_no, date, status, subject_id, semester) VALUES ('24CSE151', '2025-02-03', 'Present', 1, '1-1');
INSERT INTO attendance (student_roll_no, date, status, subject_id, semester) VALUES ('24CSE151', '2025-02-04', 'Absent', 1, '1-1');
INSERT INTO attendance (student_roll_no, date, status, subject_id, semester) VALUES ('24CSE151', '2025-02-05', 'Present', 1, '1-1');
INSERT INTO attendance (student_roll_no, date, status, subject_id, semester) VALUES ('24CSE151', '2025-02-06', 'Present', 1, '1-1');
INSERT INTO attendance (student_roll_no, date, status, subject_id, semester) VALUES ('24CSE151', '2025-02-07', 'Present', 1, '1-1');
INSERT INTO attendance (student_roll_no, date, status, subject_id, semester) VALUES ('24CSE151', '2025-02-08', 'Present', 1, '1-1');
INSERT INTO attendance (student_roll_no, date, status, subject_id, semester) VALUES ('24CSE151', '2025-02-09', 'Present', 1, '1-1');
INSERT INTO attendance (student_roll_no, date, status, subject_id, semester) VALUES ('24CSE151', '2025-02-10', 'Absent', 1, '1-1');
INSERT INTO attendance (student_roll_no, date, status, subject_id, semester) VALUES ('24CSE151', '2025-02-11', 'Present', 1, '1-1');
INSERT INTO attendance (student_roll_no, date, status, subject_id, semester) VALUES ('24CSE151', '2025-02-12', 'Present', 1, '1-1');
INSERT INTO attendance (student_roll_no, date, status, subject_id, semester) VALUES ('24CSE151', '2025-02-13', 'Present', 1, '1-1');
INSERT INTO attendance (student_roll_no, date, status, subject_id, semester) VALUES ('24CSE151', '2025-02-14', 'Present', 1, '1-1');
INSERT INTO attendance (student_roll_no, date, status, subject_id, semester) VALUES ('24CSE151', '2025-02-15', 'Present', 1, '1-1');
INSERT INTO attendance (student_roll_no, date, status, subject_id, semester) VALUES ('24CSE151', '2025-02-16', 'Present', 1, '1-1');
INSERT INTO attendance (student_roll_no, date, status, subject_id, semester) VALUES ('24CSE151', '2025-02-17', 'Present', 1, '1-1');
INSERT INTO attendance (student_roll_no, date, status, subject_id, semester) VALUES ('24CSE151', '2025-02-18', 'Present', 1, '1-1');
INSERT INTO attendance (student_roll_no, date, status, subject_id, semester) VALUES ('24CSE151', '2025-02-19', 'Present', 1, '1-1');
INSERT INTO fees (student_roll_no, academic_year, tuition_fees, convener_fees, due_date, paid_fees) VALUES ('24CSE151', '2024-25', 50000, 15000, '2025-05-15', 30000);
INSERT INTO students (roll_no, admission_no, name, branch, section, year, gender, dob, religion, phone, email, aadhar, address, father_name, mother_name, parents_occupation, parents_mobile, annual_income, joining_date, photo_url, is_hosteller, password_hash) VALUES ('24CIVIL152', 'ADM24CIVIL152', 'Arjun Varma', 'CIVIL', 'B', 1, 'Male', '2005-01-20', 'Hindu', '9848225026', '24civil152@nsrit.edu.in', '9342-9572-5586', 'H.No 453, Street 16, Visakhapatnam, AP', 'Kumar Venkata', 'Arjun Das', 'Business', '9848225026', 538836, '2024-07-15', 'https://api.dicebear.com/7.x/avataaars/svg?seed=24CIVIL152', 0, 'scrypt:32768:8:1$ARD8iu2R30ZgOvjn$0c28fb2c347ac069a47026ad5d1f981cf505bbde11b1e3626b8a21147aa73e5d94d807b682b1299e2029c5c2f76884672524bbc1c3de85f345c28f406888dfe1');
INSERT INTO mentors (student_roll_no, teacher_id) VALUES ('24CIVIL152', 'TCH013');
INSERT INTO marks (student_roll_no, subject_id, grade, grade_point, credits) VALUES ('24CIVIL152', 1, 'C', 5, 4);
INSERT INTO internal_marks (student_roll_no, subject_id, mid1, mid2, online_tests, assignments) VALUES ('24CIVIL152', 1, 18, 16, 10, 5);
INSERT INTO marks (student_roll_no, subject_id, grade, grade_point, credits) VALUES ('24CIVIL152', 2, 'A', 8, 4);
INSERT INTO internal_marks (student_roll_no, subject_id, mid1, mid2, online_tests, assignments) VALUES ('24CIVIL152', 2, 18, 17, 10, 5);
INSERT INTO marks (student_roll_no, subject_id, grade, grade_point, credits) VALUES ('24CIVIL152', 3, 'O', 10, 4);
INSERT INTO internal_marks (student_roll_no, subject_id, mid1, mid2, online_tests, assignments) VALUES ('24CIVIL152', 3, 20, 23, 10, 5);
INSERT INTO semester_results (student_roll_no, semester, sgpa, cgpa, total_credits, percentage) VALUES ('24CIVIL152',  '1-1', 8.5, 8.5,  11,  80.0);
INSERT INTO cgpa (student_roll_no, cgpa, total_credits, total_percentage) VALUES ('24CIVIL152', 8.5, 11, 80.0);
INSERT INTO attendance (student_roll_no, date, status, subject_id, semester) VALUES ('24CIVIL152', '2025-02-01', 'Present', 1, '1-1');
INSERT INTO attendance (student_roll_no, date, status, subject_id, semester) VALUES ('24CIVIL152', '2025-02-02', 'Present', 1, '1-1');
INSERT INTO attendance (student_roll_no, date, status, subject_id, semester) VALUES ('24CIVIL152', '2025-02-03', 'Present', 1, '1-1');
INSERT INTO attendance (student_roll_no, date, status, subject_id, semester) VALUES ('24CIVIL152', '2025-02-04', 'Present', 1, '1-1');
INSERT INTO attendance (student_roll_no, date, status, subject_id, semester) VALUES ('24CIVIL152', '2025-02-05', 'Present', 1, '1-1');
INSERT INTO attendance (student_roll_no, date, status, subject_id, semester) VALUES ('24CIVIL152', '2025-02-06', 'Present', 1, '1-1');
INSERT INTO attendance (student_roll_no, date, status, subject_id, semester) VALUES ('24CIVIL152', '2025-02-07', 'Present', 1, '1-1');
INSERT INTO attendance (student_roll_no, date, status, subject_id, semester) VALUES ('24CIVIL152', '2025-02-08', 'Absent', 1, '1-1');
INSERT INTO attendance (student_roll_no, date, status, subject_id, semester) VALUES ('24CIVIL152', '2025-02-09', 'Present', 1, '1-1');
INSERT INTO attendance (student_roll_no, date, status, subject_id, semester) VALUES ('24CIVIL152', '2025-02-10', 'Present', 1, '1-1');
INSERT INTO attendance (student_roll_no, date, status, subject_id, semester) VALUES ('24CIVIL152', '2025-02-11', 'Present', 1, '1-1');
INSERT INTO attendance (student_roll_no, date, status, subject_id, semester) VALUES ('24CIVIL152', '2025-02-12', 'Present', 1, '1-1');
INSERT INTO attendance (student_roll_no, date, status, subject_id, semester) VALUES ('24CIVIL152', '2025-02-13', 'Absent', 1, '1-1');
INSERT INTO attendance (student_roll_no, date, status, subject_id, semester) VALUES ('24CIVIL152', '2025-02-14', 'Present', 1, '1-1');
INSERT INTO attendance (student_roll_no, date, status, subject_id, semester) VALUES ('24CIVIL152', '2025-02-15', 'Present', 1, '1-1');
INSERT INTO attendance (student_roll_no, date, status, subject_id, semester) VALUES ('24CIVIL152', '2025-02-16', 'Present', 1, '1-1');
INSERT INTO attendance (student_roll_no, date, status, subject_id, semester) VALUES ('24CIVIL152', '2025-02-17', 'Present', 1, '1-1');
INSERT INTO attendance (student_roll_no, date, status, subject_id, semester) VALUES ('24CIVIL152', '2025-02-18', 'Present', 1, '1-1');
INSERT INTO attendance (student_roll_no, date, status, subject_id, semester) VALUES ('24CIVIL152', '2025-02-19', 'Present', 1, '1-1');
INSERT INTO fees (student_roll_no, academic_year, tuition_fees, convener_fees, due_date, paid_fees) VALUES ('24CIVIL152', '2024-25', 50000, 15000, '2025-05-15', 30000);
INSERT INTO students (roll_no, admission_no, name, branch, section, year, gender, dob, religion, phone, email, aadhar, address, father_name, mother_name, parents_occupation, parents_mobile, annual_income, joining_date, photo_url, is_hosteller, password_hash) VALUES ('24MECH153', 'ADM24MECH153', 'Lakshmi Patel', 'MECH', 'B', 1, 'Female', '2005-08-26', 'Sikh', '9848859105', '24mech153@nsrit.edu.in', '5449-5841-5180', 'H.No 436, Street 16, Visakhapatnam, AP', 'Das Rakesh', 'Swathi Patel', 'Farmer', '9848859105', 454940, '2024-07-15', 'https://api.dicebear.com/7.x/avataaars/svg?seed=24MECH153', 0, 'scrypt:32768:8:1$ARD8iu2R30ZgOvjn$0c28fb2c347ac069a47026ad5d1f981cf505bbde11b1e3626b8a21147aa73e5d94d807b682b1299e2029c5c2f76884672524bbc1c3de85f345c28f406888dfe1');
INSERT INTO mentors (student_roll_no, teacher_id) VALUES ('24MECH153', 'TCH014');
INSERT INTO marks (student_roll_no, subject_id, grade, grade_point, credits) VALUES ('24MECH153', 1, 'O', 10, 4);
INSERT INTO internal_marks (student_roll_no, subject_id, mid1, mid2, online_tests, assignments) VALUES ('24MECH153', 1, 16, 21, 10, 5);
INSERT INTO marks (student_roll_no, subject_id, grade, grade_point, credits) VALUES ('24MECH153', 2, 'A+', 9, 4);
INSERT INTO internal_marks (student_roll_no, subject_id, mid1, mid2, online_tests, assignments) VALUES ('24MECH153', 2, 23, 19, 10, 5);
INSERT INTO marks (student_roll_no, subject_id, grade, grade_point, credits) VALUES ('24MECH153', 3, 'A+', 9, 4);
INSERT INTO internal_marks (student_roll_no, subject_id, mid1, mid2, online_tests, assignments) VALUES ('24MECH153', 3, 21, 17, 10, 5);
INSERT INTO semester_results (student_roll_no, semester, sgpa, cgpa, total_credits, percentage) VALUES ('24MECH153',  '1-1', 8.5, 8.5,  11,  80.0);
INSERT INTO cgpa (student_roll_no, cgpa, total_credits, total_percentage) VALUES ('24MECH153', 8.5, 11, 80.0);
INSERT INTO attendance (student_roll_no, date, status, subject_id, semester) VALUES ('24MECH153', '2025-02-01', 'Absent', 1, '1-1');
INSERT INTO attendance (student_roll_no, date, status, subject_id, semester) VALUES ('24MECH153', '2025-02-02', 'Present', 1, '1-1');
INSERT INTO attendance (student_roll_no, date, status, subject_id, semester) VALUES ('24MECH153', '2025-02-03', 'Absent', 1, '1-1');
INSERT INTO attendance (student_roll_no, date, status, subject_id, semester) VALUES ('24MECH153', '2025-02-04', 'Present', 1, '1-1');
INSERT INTO attendance (student_roll_no, date, status, subject_id, semester) VALUES ('24MECH153', '2025-02-05', 'Present', 1, '1-1');
INSERT INTO attendance (student_roll_no, date, status, subject_id, semester) VALUES ('24MECH153', '2025-02-06', 'Absent', 1, '1-1');
INSERT INTO attendance (student_roll_no, date, status, subject_id, semester) VALUES ('24MECH153', '2025-02-07', 'Present', 1, '1-1');
INSERT INTO attendance (student_roll_no, date, status, subject_id, semester) VALUES ('24MECH153', '2025-02-08', 'Present', 1, '1-1');
INSERT INTO attendance (student_roll_no, date, status, subject_id, semester) VALUES ('24MECH153', '2025-02-09', 'Absent', 1, '1-1');
INSERT INTO attendance (student_roll_no, date, status, subject_id, semester) VALUES ('24MECH153', '2025-02-10', 'Present', 1, '1-1');
INSERT INTO attendance (student_roll_no, date, status, subject_id, semester) VALUES ('24MECH153', '2025-02-11', 'Absent', 1, '1-1');
INSERT INTO attendance (student_roll_no, date, status, subject_id, semester) VALUES ('24MECH153', '2025-02-12', 'Present', 1, '1-1');
INSERT INTO attendance (student_roll_no, date, status, subject_id, semester) VALUES ('24MECH153', '2025-02-13', 'Absent', 1, '1-1');
INSERT INTO attendance (student_roll_no, date, status, subject_id, semester) VALUES ('24MECH153', '2025-02-14', 'Present', 1, '1-1');
INSERT INTO attendance (student_roll_no, date, status, subject_id, semester) VALUES ('24MECH153', '2025-02-15', 'Present', 1, '1-1');
INSERT INTO attendance (student_roll_no, date, status, subject_id, semester) VALUES ('24MECH153', '2025-02-16', 'Present', 1, '1-1');
INSERT INTO attendance (student_roll_no, date, status, subject_id, semester) VALUES ('24MECH153', '2025-02-17', 'Absent', 1, '1-1');
INSERT INTO attendance (student_roll_no, date, status, subject_id, semester) VALUES ('24MECH153', '2025-02-18', 'Present', 1, '1-1');
INSERT INTO attendance (student_roll_no, date, status, subject_id, semester) VALUES ('24MECH153', '2025-02-19', 'Present', 1, '1-1');
INSERT INTO fees (student_roll_no, academic_year, tuition_fees, convener_fees, due_date, paid_fees) VALUES ('24MECH153', '2024-25', 50000, 15000, '2025-05-15', 30000);
INSERT INTO students (roll_no, admission_no, name, branch, section, year, gender, dob, religion, phone, email, aadhar, address, father_name, mother_name, parents_occupation, parents_mobile, annual_income, joining_date, photo_url, is_hosteller, password_hash) VALUES ('24ECE154', 'ADM24ECE154', 'Divya Sharma', 'ECE', 'B', 1, 'Male', '2005-08-05', 'Sikh', '9848192973', '24ece154@nsrit.edu.in', '7527-7891-9428', 'H.No 341, Street 5, Visakhapatnam, AP', 'Goud Rakesh', 'Raja Gupta', 'Doctor', '9848192973', 530810, '2024-07-15', 'https://api.dicebear.com/7.x/avataaars/svg?seed=24ECE154', 0, 'scrypt:32768:8:1$ARD8iu2R30ZgOvjn$0c28fb2c347ac069a47026ad5d1f981cf505bbde11b1e3626b8a21147aa73e5d94d807b682b1299e2029c5c2f76884672524bbc1c3de85f345c28f406888dfe1');
INSERT INTO mentors (student_roll_no, teacher_id) VALUES ('24ECE154', 'TCH008');
INSERT INTO marks (student_roll_no, subject_id, grade, grade_point, credits) VALUES ('24ECE154', 1, 'B+', 7, 4);
INSERT INTO internal_marks (student_roll_no, subject_id, mid1, mid2, online_tests, assignments) VALUES ('24ECE154', 1, 21, 24, 10, 5);
INSERT INTO marks (student_roll_no, subject_id, grade, grade_point, credits) VALUES ('24ECE154', 2, 'O', 10, 4);
INSERT INTO internal_marks (student_roll_no, subject_id, mid1, mid2, online_tests, assignments) VALUES ('24ECE154', 2, 18, 16, 10, 5);
INSERT INTO marks (student_roll_no, subject_id, grade, grade_point, credits) VALUES ('24ECE154', 3, 'A', 8, 4);
INSERT INTO internal_marks (student_roll_no, subject_id, mid1, mid2, online_tests, assignments) VALUES ('24ECE154', 3, 18, 23, 10, 5);
INSERT INTO semester_results (student_roll_no, semester, sgpa, cgpa, total_credits, percentage) VALUES ('24ECE154',  '1-1', 8.5, 8.5,  11,  80.0);
INSERT INTO cgpa (student_roll_no, cgpa, total_credits, total_percentage) VALUES ('24ECE154', 8.5, 11, 80.0);
INSERT INTO attendance (student_roll_no, date, status, subject_id, semester) VALUES ('24ECE154', '2025-02-01', 'Present', 1, '1-1');
INSERT INTO attendance (student_roll_no, date, status, subject_id, semester) VALUES ('24ECE154', '2025-02-02', 'Present', 1, '1-1');
INSERT INTO attendance (student_roll_no, date, status, subject_id, semester) VALUES ('24ECE154', '2025-02-03', 'Present', 1, '1-1');
INSERT INTO attendance (student_roll_no, date, status, subject_id, semester) VALUES ('24ECE154', '2025-02-04', 'Present', 1, '1-1');
INSERT INTO attendance (student_roll_no, date, status, subject_id, semester) VALUES ('24ECE154', '2025-02-05', 'Present', 1, '1-1');
INSERT INTO attendance (student_roll_no, date, status, subject_id, semester) VALUES ('24ECE154', '2025-02-06', 'Present', 1, '1-1');
INSERT INTO attendance (student_roll_no, date, status, subject_id, semester) VALUES ('24ECE154', '2025-02-07', 'Present', 1, '1-1');
INSERT INTO attendance (student_roll_no, date, status, subject_id, semester) VALUES ('24ECE154', '2025-02-08', 'Present', 1, '1-1');
INSERT INTO attendance (student_roll_no, date, status, subject_id, semester) VALUES ('24ECE154', '2025-02-09', 'Present', 1, '1-1');
INSERT INTO attendance (student_roll_no, date, status, subject_id, semester) VALUES ('24ECE154', '2025-02-10', 'Present', 1, '1-1');
INSERT INTO attendance (student_roll_no, date, status, subject_id, semester) VALUES ('24ECE154', '2025-02-11', 'Present', 1, '1-1');
INSERT INTO attendance (student_roll_no, date, status, subject_id, semester) VALUES ('24ECE154', '2025-02-12', 'Present', 1, '1-1');
INSERT INTO attendance (student_roll_no, date, status, subject_id, semester) VALUES ('24ECE154', '2025-02-13', 'Present', 1, '1-1');
INSERT INTO attendance (student_roll_no, date, status, subject_id, semester) VALUES ('24ECE154', '2025-02-14', 'Present', 1, '1-1');
INSERT INTO attendance (student_roll_no, date, status, subject_id, semester) VALUES ('24ECE154', '2025-02-15', 'Present', 1, '1-1');
INSERT INTO attendance (student_roll_no, date, status, subject_id, semester) VALUES ('24ECE154', '2025-02-16', 'Present', 1, '1-1');
INSERT INTO attendance (student_roll_no, date, status, subject_id, semester) VALUES ('24ECE154', '2025-02-17', 'Present', 1, '1-1');
INSERT INTO attendance (student_roll_no, date, status, subject_id, semester) VALUES ('24ECE154', '2025-02-18', 'Present', 1, '1-1');
INSERT INTO attendance (student_roll_no, date, status, subject_id, semester) VALUES ('24ECE154', '2025-02-19', 'Present', 1, '1-1');
INSERT INTO fees (student_roll_no, academic_year, tuition_fees, convener_fees, due_date, paid_fees) VALUES ('24ECE154', '2024-25', 50000, 15000, '2025-05-15', 30000);
INSERT INTO students (roll_no, admission_no, name, branch, section, year, gender, dob, religion, phone, email, aadhar, address, father_name, mother_name, parents_occupation, parents_mobile, annual_income, joining_date, photo_url, is_hosteller, password_hash) VALUES ('21MECH155', 'ADM21MECH155', 'Venkata Reddy', 'MECH', 'C', 4, 'Male', '2005-06-14', 'Sikh', '9848631965', '21mech155@nsrit.edu.in', '2770-5682-5854', 'H.No 325, Street 16, Visakhapatnam, AP', 'Mishra Lakshmi', 'Prasad Yadav', 'Teacher', '9848631965', 974956, '2023-07-15', 'https://api.dicebear.com/7.x/avataaars/svg?seed=21MECH155', 1, 'scrypt:32768:8:1$ARD8iu2R30ZgOvjn$0c28fb2c347ac069a47026ad5d1f981cf505bbde11b1e3626b8a21147aa73e5d94d807b682b1299e2029c5c2f76884672524bbc1c3de85f345c28f406888dfe1');
INSERT INTO mentors (student_roll_no, teacher_id) VALUES ('21MECH155', 'TCH004');
INSERT INTO marks (student_roll_no, subject_id, grade, grade_point, credits) VALUES ('21MECH155', 1, 'A', 8, 4);
INSERT INTO internal_marks (student_roll_no, subject_id, mid1, mid2, online_tests, assignments) VALUES ('21MECH155', 1, 24, 19, 10, 5);
INSERT INTO marks (student_roll_no, subject_id, grade, grade_point, credits) VALUES ('21MECH155', 2, 'B', 6, 4);
INSERT INTO internal_marks (student_roll_no, subject_id, mid1, mid2, online_tests, assignments) VALUES ('21MECH155', 2, 16, 24, 10, 5);
INSERT INTO marks (student_roll_no, subject_id, grade, grade_point, credits) VALUES ('21MECH155', 3, 'O', 10, 4);
INSERT INTO internal_marks (student_roll_no, subject_id, mid1, mid2, online_tests, assignments) VALUES ('21MECH155', 3, 21, 18, 10, 5);
INSERT INTO semester_results (student_roll_no, semester, sgpa, cgpa, total_credits, percentage) VALUES ('21MECH155',  '1-1', 8.5, 8.5,  11,  80.0);
INSERT INTO cgpa (student_roll_no, cgpa, total_credits, total_percentage) VALUES ('21MECH155', 8.5, 11, 80.0);
INSERT INTO attendance (student_roll_no, date, status, subject_id, semester) VALUES ('21MECH155', '2025-02-01', 'Absent', 1, '1-1');
INSERT INTO attendance (student_roll_no, date, status, subject_id, semester) VALUES ('21MECH155', '2025-02-02', 'Present', 1, '1-1');
INSERT INTO attendance (student_roll_no, date, status, subject_id, semester) VALUES ('21MECH155', '2025-02-03', 'Present', 1, '1-1');
INSERT INTO attendance (student_roll_no, date, status, subject_id, semester) VALUES ('21MECH155', '2025-02-04', 'Present', 1, '1-1');
INSERT INTO attendance (student_roll_no, date, status, subject_id, semester) VALUES ('21MECH155', '2025-02-05', 'Present', 1, '1-1');
INSERT INTO attendance (student_roll_no, date, status, subject_id, semester) VALUES ('21MECH155', '2025-02-06', 'Present', 1, '1-1');
INSERT INTO attendance (student_roll_no, date, status, subject_id, semester) VALUES ('21MECH155', '2025-02-07', 'Present', 1, '1-1');
INSERT INTO attendance (student_roll_no, date, status, subject_id, semester) VALUES ('21MECH155', '2025-02-08', 'Present', 1, '1-1');
INSERT INTO attendance (student_roll_no, date, status, subject_id, semester) VALUES ('21MECH155', '2025-02-09', 'Absent', 1, '1-1');
INSERT INTO attendance (student_roll_no, date, status, subject_id, semester) VALUES ('21MECH155', '2025-02-10', 'Present', 1, '1-1');
INSERT INTO attendance (student_roll_no, date, status, subject_id, semester) VALUES ('21MECH155', '2025-02-11', 'Present', 1, '1-1');
INSERT INTO attendance (student_roll_no, date, status, subject_id, semester) VALUES ('21MECH155', '2025-02-12', 'Present', 1, '1-1');
INSERT INTO attendance (student_roll_no, date, status, subject_id, semester) VALUES ('21MECH155', '2025-02-13', 'Present', 1, '1-1');
INSERT INTO attendance (student_roll_no, date, status, subject_id, semester) VALUES ('21MECH155', '2025-02-14', 'Present', 1, '1-1');
INSERT INTO attendance (student_roll_no, date, status, subject_id, semester) VALUES ('21MECH155', '2025-02-15', 'Present', 1, '1-1');
INSERT INTO attendance (student_roll_no, date, status, subject_id, semester) VALUES ('21MECH155', '2025-02-16', 'Present', 1, '1-1');
INSERT INTO attendance (student_roll_no, date, status, subject_id, semester) VALUES ('21MECH155', '2025-02-17', 'Present', 1, '1-1');
INSERT INTO attendance (student_roll_no, date, status, subject_id, semester) VALUES ('21MECH155', '2025-02-18', 'Absent', 1, '1-1');
INSERT INTO attendance (student_roll_no, date, status, subject_id, semester) VALUES ('21MECH155', '2025-02-19', 'Absent', 1, '1-1');
INSERT INTO fees (student_roll_no, academic_year, tuition_fees, convener_fees, due_date, paid_fees) VALUES ('21MECH155', '2024-25', 50000, 15000, '2025-05-15', 30000);
INSERT INTO outing_records (roll_number, date, reason) VALUES ('21MECH155', '2025-03-01', 'Weekend home');
INSERT INTO students (roll_no, admission_no, name, branch, section, year, gender, dob, religion, phone, email, aadhar, address, father_name, mother_name, parents_occupation, parents_mobile, annual_income, joining_date, photo_url, is_hosteller, password_hash) VALUES ('22IT156', 'ADM22IT156', 'Rakesh Gupta', 'IT', 'C', 3, 'Male', '2005-05-27', 'Sikh', '9848303194', '22it156@nsrit.edu.in', '3662-5856-9592', 'H.No 297, Street 7, Visakhapatnam, AP', 'Sharma Divya', 'Sai Patel', 'Doctor', '9848303194', 842167, '2023-07-15', 'https://api.dicebear.com/7.x/avataaars/svg?seed=22IT156', 0, 'scrypt:32768:8:1$ARD8iu2R30ZgOvjn$0c28fb2c347ac069a47026ad5d1f981cf505bbde11b1e3626b8a21147aa73e5d94d807b682b1299e2029c5c2f76884672524bbc1c3de85f345c28f406888dfe1');
INSERT INTO mentors (student_roll_no, teacher_id) VALUES ('22IT156', 'TCH005');
INSERT INTO marks (student_roll_no, subject_id, grade, grade_point, credits) VALUES ('22IT156', 1, 'C', 5, 4);
INSERT INTO internal_marks (student_roll_no, subject_id, mid1, mid2, online_tests, assignments) VALUES ('22IT156', 1, 19, 21, 10, 5);
INSERT INTO marks (student_roll_no, subject_id, grade, grade_point, credits) VALUES ('22IT156', 2, 'B+', 7, 4);
INSERT INTO internal_marks (student_roll_no, subject_id, mid1, mid2, online_tests, assignments) VALUES ('22IT156', 2, 18, 21, 10, 5);
INSERT INTO marks (student_roll_no, subject_id, grade, grade_point, credits) VALUES ('22IT156', 3, 'B+', 7, 4);
INSERT INTO internal_marks (student_roll_no, subject_id, mid1, mid2, online_tests, assignments) VALUES ('22IT156', 3, 24, 25, 10, 5);
INSERT INTO semester_results (student_roll_no, semester, sgpa, cgpa, total_credits, percentage) VALUES ('22IT156',  '1-1', 8.5, 8.5,  11,  80.0);
INSERT INTO cgpa (student_roll_no, cgpa, total_credits, total_percentage) VALUES ('22IT156', 8.5, 11, 80.0);
INSERT INTO attendance (student_roll_no, date, status, subject_id, semester) VALUES ('22IT156', '2025-02-01', 'Present', 1, '1-1');
INSERT INTO attendance (student_roll_no, date, status, subject_id, semester) VALUES ('22IT156', '2025-02-02', 'Present', 1, '1-1');
INSERT INTO attendance (student_roll_no, date, status, subject_id, semester) VALUES ('22IT156', '2025-02-03', 'Present', 1, '1-1');
INSERT INTO attendance (student_roll_no, date, status, subject_id, semester) VALUES ('22IT156', '2025-02-04', 'Present', 1, '1-1');
INSERT INTO attendance (student_roll_no, date, status, subject_id, semester) VALUES ('22IT156', '2025-02-05', 'Present', 1, '1-1');
INSERT INTO attendance (student_roll_no, date, status, subject_id, semester) VALUES ('22IT156', '2025-02-06', 'Present', 1, '1-1');
INSERT INTO attendance (student_roll_no, date, status, subject_id, semester) VALUES ('22IT156', '2025-02-07', 'Absent', 1, '1-1');
INSERT INTO attendance (student_roll_no, date, status, subject_id, semester) VALUES ('22IT156', '2025-02-08', 'Present', 1, '1-1');
INSERT INTO attendance (student_roll_no, date, status, subject_id, semester) VALUES ('22IT156', '2025-02-09', 'Present', 1, '1-1');
INSERT INTO attendance (student_roll_no, date, status, subject_id, semester) VALUES ('22IT156', '2025-02-10', 'Present', 1, '1-1');
INSERT INTO attendance (student_roll_no, date, status, subject_id, semester) VALUES ('22IT156', '2025-02-11', 'Present', 1, '1-1');
INSERT INTO attendance (student_roll_no, date, status, subject_id, semester) VALUES ('22IT156', '2025-02-12', 'Present', 1, '1-1');
INSERT INTO attendance (student_roll_no, date, status, subject_id, semester) VALUES ('22IT156', '2025-02-13', 'Present', 1, '1-1');
INSERT INTO attendance (student_roll_no, date, status, subject_id, semester) VALUES ('22IT156', '2025-02-14', 'Absent', 1, '1-1');
INSERT INTO attendance (student_roll_no, date, status, subject_id, semester) VALUES ('22IT156', '2025-02-15', 'Present', 1, '1-1');
INSERT INTO attendance (student_roll_no, date, status, subject_id, semester) VALUES ('22IT156', '2025-02-16', 'Present', 1, '1-1');
INSERT INTO attendance (student_roll_no, date, status, subject_id, semester) VALUES ('22IT156', '2025-02-17', 'Present', 1, '1-1');
INSERT INTO attendance (student_roll_no, date, status, subject_id, semester) VALUES ('22IT156', '2025-02-18', 'Present', 1, '1-1');
INSERT INTO attendance (student_roll_no, date, status, subject_id, semester) VALUES ('22IT156', '2025-02-19', 'Present', 1, '1-1');
INSERT INTO fees (student_roll_no, academic_year, tuition_fees, convener_fees, due_date, paid_fees) VALUES ('22IT156', '2024-25', 50000, 15000, '2025-05-15', 30000);
INSERT INTO students (roll_no, admission_no, name, branch, section, year, gender, dob, religion, phone, email, aadhar, address, father_name, mother_name, parents_occupation, parents_mobile, annual_income, joining_date, photo_url, is_hosteller, password_hash) VALUES ('21CSE157', 'ADM21CSE157', 'Anil Chowdary', 'CSE', 'B', 4, 'Male', '2005-07-31', 'Sikh', '9848609358', '21cse157@nsrit.edu.in', '5795-5257-6126', 'H.No 65, Street 8, Visakhapatnam, AP', 'Goud Rakesh', 'Lakshmi Reddy', 'Business', '9848609358', 623172, '2023-07-15', 'https://api.dicebear.com/7.x/avataaars/svg?seed=21CSE157', 0, 'scrypt:32768:8:1$ARD8iu2R30ZgOvjn$0c28fb2c347ac069a47026ad5d1f981cf505bbde11b1e3626b8a21147aa73e5d94d807b682b1299e2029c5c2f76884672524bbc1c3de85f345c28f406888dfe1');
INSERT INTO mentors (student_roll_no, teacher_id) VALUES ('21CSE157', 'TCH014');
INSERT INTO marks (student_roll_no, subject_id, grade, grade_point, credits) VALUES ('21CSE157', 1, 'A+', 9, 4);
INSERT INTO internal_marks (student_roll_no, subject_id, mid1, mid2, online_tests, assignments) VALUES ('21CSE157', 1, 25, 18, 10, 5);
INSERT INTO marks (student_roll_no, subject_id, grade, grade_point, credits) VALUES ('21CSE157', 2, 'C', 5, 4);
INSERT INTO internal_marks (student_roll_no, subject_id, mid1, mid2, online_tests, assignments) VALUES ('21CSE157', 2, 18, 17, 10, 5);
INSERT INTO marks (student_roll_no, subject_id, grade, grade_point, credits) VALUES ('21CSE157', 3, 'C', 5, 4);
INSERT INTO internal_marks (student_roll_no, subject_id, mid1, mid2, online_tests, assignments) VALUES ('21CSE157', 3, 16, 20, 10, 5);
INSERT INTO semester_results (student_roll_no, semester, sgpa, cgpa, total_credits, percentage) VALUES ('21CSE157',  '1-1', 8.5, 8.5,  11,  80.0);
INSERT INTO cgpa (student_roll_no, cgpa, total_credits, total_percentage) VALUES ('21CSE157', 8.5, 11, 80.0);
INSERT INTO attendance (student_roll_no, date, status, subject_id, semester) VALUES ('21CSE157', '2025-02-01', 'Present', 1, '1-1');
INSERT INTO attendance (student_roll_no, date, status, subject_id, semester) VALUES ('21CSE157', '2025-02-02', 'Present', 1, '1-1');
INSERT INTO attendance (student_roll_no, date, status, subject_id, semester) VALUES ('21CSE157', '2025-02-03', 'Present', 1, '1-1');
INSERT INTO attendance (student_roll_no, date, status, subject_id, semester) VALUES ('21CSE157', '2025-02-04', 'Present', 1, '1-1');
INSERT INTO attendance (student_roll_no, date, status, subject_id, semester) VALUES ('21CSE157', '2025-02-05', 'Present', 1, '1-1');
INSERT INTO attendance (student_roll_no, date, status, subject_id, semester) VALUES ('21CSE157', '2025-02-06', 'Present', 1, '1-1');
INSERT INTO attendance (student_roll_no, date, status, subject_id, semester) VALUES ('21CSE157', '2025-02-07', 'Absent', 1, '1-1');
INSERT INTO attendance (student_roll_no, date, status, subject_id, semester) VALUES ('21CSE157', '2025-02-08', 'Present', 1, '1-1');
INSERT INTO attendance (student_roll_no, date, status, subject_id, semester) VALUES ('21CSE157', '2025-02-09', 'Present', 1, '1-1');
INSERT INTO attendance (student_roll_no, date, status, subject_id, semester) VALUES ('21CSE157', '2025-02-10', 'Present', 1, '1-1');
INSERT INTO attendance (student_roll_no, date, status, subject_id, semester) VALUES ('21CSE157', '2025-02-11', 'Present', 1, '1-1');
INSERT INTO attendance (student_roll_no, date, status, subject_id, semester) VALUES ('21CSE157', '2025-02-12', 'Present', 1, '1-1');
INSERT INTO attendance (student_roll_no, date, status, subject_id, semester) VALUES ('21CSE157', '2025-02-13', 'Present', 1, '1-1');
INSERT INTO attendance (student_roll_no, date, status, subject_id, semester) VALUES ('21CSE157', '2025-02-14', 'Present', 1, '1-1');
INSERT INTO attendance (student_roll_no, date, status, subject_id, semester) VALUES ('21CSE157', '2025-02-15', 'Present', 1, '1-1');
INSERT INTO attendance (student_roll_no, date, status, subject_id, semester) VALUES ('21CSE157', '2025-02-16', 'Present', 1, '1-1');
INSERT INTO attendance (student_roll_no, date, status, subject_id, semester) VALUES ('21CSE157', '2025-02-17', 'Present', 1, '1-1');
INSERT INTO attendance (student_roll_no, date, status, subject_id, semester) VALUES ('21CSE157', '2025-02-18', 'Present', 1, '1-1');
INSERT INTO attendance (student_roll_no, date, status, subject_id, semester) VALUES ('21CSE157', '2025-02-19', 'Present', 1, '1-1');
INSERT INTO fees (student_roll_no, academic_year, tuition_fees, convener_fees, due_date, paid_fees) VALUES ('21CSE157', '2024-25', 50000, 15000, '2025-05-15', 30000);
INSERT INTO students (roll_no, admission_no, name, branch, section, year, gender, dob, religion, phone, email, aadhar, address, father_name, mother_name, parents_occupation, parents_mobile, annual_income, joining_date, photo_url, is_hosteller, password_hash) VALUES ('21IT158', 'ADM21IT158', 'Karthik Das', 'IT', 'A', 4, 'Male', '2005-06-25', 'Sikh', '9848787835', '21it158@nsrit.edu.in', '3665-3390-8839', 'H.No 486, Street 3, Visakhapatnam, AP', 'Yadav Sowmya', 'Ramesh Gupta', 'Engineer', '9848787835', 350299, '2023-07-15', 'https://api.dicebear.com/7.x/avataaars/svg?seed=21IT158', 0, 'scrypt:32768:8:1$ARD8iu2R30ZgOvjn$0c28fb2c347ac069a47026ad5d1f981cf505bbde11b1e3626b8a21147aa73e5d94d807b682b1299e2029c5c2f76884672524bbc1c3de85f345c28f406888dfe1');
INSERT INTO mentors (student_roll_no, teacher_id) VALUES ('21IT158', 'TCH006');
INSERT INTO marks (student_roll_no, subject_id, grade, grade_point, credits) VALUES ('21IT158', 1, 'C', 5, 4);
INSERT INTO internal_marks (student_roll_no, subject_id, mid1, mid2, online_tests, assignments) VALUES ('21IT158', 1, 15, 20, 10, 5);
INSERT INTO marks (student_roll_no, subject_id, grade, grade_point, credits) VALUES ('21IT158', 2, 'A+', 9, 4);
INSERT INTO internal_marks (student_roll_no, subject_id, mid1, mid2, online_tests, assignments) VALUES ('21IT158', 2, 21, 17, 10, 5);
INSERT INTO marks (student_roll_no, subject_id, grade, grade_point, credits) VALUES ('21IT158', 3, 'A', 8, 4);
INSERT INTO internal_marks (student_roll_no, subject_id, mid1, mid2, online_tests, assignments) VALUES ('21IT158', 3, 19, 22, 10, 5);
INSERT INTO semester_results (student_roll_no, semester, sgpa, cgpa, total_credits, percentage) VALUES ('21IT158',  '1-1', 8.5, 8.5,  11,  80.0);
INSERT INTO cgpa (student_roll_no, cgpa, total_credits, total_percentage) VALUES ('21IT158', 8.5, 11, 80.0);
INSERT INTO attendance (student_roll_no, date, status, subject_id, semester) VALUES ('21IT158', '2025-02-01', 'Present', 1, '1-1');
INSERT INTO attendance (student_roll_no, date, status, subject_id, semester) VALUES ('21IT158', '2025-02-02', 'Present', 1, '1-1');
INSERT INTO attendance (student_roll_no, date, status, subject_id, semester) VALUES ('21IT158', '2025-02-03', 'Present', 1, '1-1');
INSERT INTO attendance (student_roll_no, date, status, subject_id, semester) VALUES ('21IT158', '2025-02-04', 'Present', 1, '1-1');
INSERT INTO attendance (student_roll_no, date, status, subject_id, semester) VALUES ('21IT158', '2025-02-05', 'Present', 1, '1-1');
INSERT INTO attendance (student_roll_no, date, status, subject_id, semester) VALUES ('21IT158', '2025-02-06', 'Present', 1, '1-1');
INSERT INTO attendance (student_roll_no, date, status, subject_id, semester) VALUES ('21IT158', '2025-02-07', 'Present', 1, '1-1');
INSERT INTO attendance (student_roll_no, date, status, subject_id, semester) VALUES ('21IT158', '2025-02-08', 'Present', 1, '1-1');
INSERT INTO attendance (student_roll_no, date, status, subject_id, semester) VALUES ('21IT158', '2025-02-09', 'Present', 1, '1-1');
INSERT INTO attendance (student_roll_no, date, status, subject_id, semester) VALUES ('21IT158', '2025-02-10', 'Present', 1, '1-1');
INSERT INTO attendance (student_roll_no, date, status, subject_id, semester) VALUES ('21IT158', '2025-02-11', 'Present', 1, '1-1');
INSERT INTO attendance (student_roll_no, date, status, subject_id, semester) VALUES ('21IT158', '2025-02-12', 'Present', 1, '1-1');
INSERT INTO attendance (student_roll_no, date, status, subject_id, semester) VALUES ('21IT158', '2025-02-13', 'Present', 1, '1-1');
INSERT INTO attendance (student_roll_no, date, status, subject_id, semester) VALUES ('21IT158', '2025-02-14', 'Present', 1, '1-1');
INSERT INTO attendance (student_roll_no, date, status, subject_id, semester) VALUES ('21IT158', '2025-02-15', 'Present', 1, '1-1');
INSERT INTO attendance (student_roll_no, date, status, subject_id, semester) VALUES ('21IT158', '2025-02-16', 'Absent', 1, '1-1');
INSERT INTO attendance (student_roll_no, date, status, subject_id, semester) VALUES ('21IT158', '2025-02-17', 'Absent', 1, '1-1');
INSERT INTO attendance (student_roll_no, date, status, subject_id, semester) VALUES ('21IT158', '2025-02-18', 'Present', 1, '1-1');
INSERT INTO attendance (student_roll_no, date, status, subject_id, semester) VALUES ('21IT158', '2025-02-19', 'Present', 1, '1-1');
INSERT INTO fees (student_roll_no, academic_year, tuition_fees, convener_fees, due_date, paid_fees) VALUES ('21IT158', '2024-25', 50000, 15000, '2025-05-15', 30000);
INSERT INTO students (roll_no, admission_no, name, branch, section, year, gender, dob, religion, phone, email, aadhar, address, father_name, mother_name, parents_occupation, parents_mobile, annual_income, joining_date, photo_url, is_hosteller, password_hash) VALUES ('22CSE159', 'ADM22CSE159', 'Prasad Mishra', 'CSE', 'C', 3, 'Female', '2005-08-21', 'Christian', '9848532837', '22cse159@nsrit.edu.in', '7395-3225-6843', 'H.No 323, Street 2, Visakhapatnam, AP', 'Das Karthik', 'Anil Chowdary', 'Teacher', '9848532837', 411575, '2023-07-15', 'https://api.dicebear.com/7.x/avataaars/svg?seed=22CSE159', 0, 'scrypt:32768:8:1$ARD8iu2R30ZgOvjn$0c28fb2c347ac069a47026ad5d1f981cf505bbde11b1e3626b8a21147aa73e5d94d807b682b1299e2029c5c2f76884672524bbc1c3de85f345c28f406888dfe1');
INSERT INTO mentors (student_roll_no, teacher_id) VALUES ('22CSE159', 'TCH012');
INSERT INTO marks (student_roll_no, subject_id, grade, grade_point, credits) VALUES ('22CSE159', 1, 'B+', 7, 4);
INSERT INTO internal_marks (student_roll_no, subject_id, mid1, mid2, online_tests, assignments) VALUES ('22CSE159', 1, 23, 25, 10, 5);
INSERT INTO marks (student_roll_no, subject_id, grade, grade_point, credits) VALUES ('22CSE159', 2, 'A+', 9, 4);
INSERT INTO internal_marks (student_roll_no, subject_id, mid1, mid2, online_tests, assignments) VALUES ('22CSE159', 2, 17, 20, 10, 5);
INSERT INTO marks (student_roll_no, subject_id, grade, grade_point, credits) VALUES ('22CSE159', 3, 'B+', 7, 4);
INSERT INTO internal_marks (student_roll_no, subject_id, mid1, mid2, online_tests, assignments) VALUES ('22CSE159', 3, 18, 25, 10, 5);
INSERT INTO semester_results (student_roll_no, semester, sgpa, cgpa, total_credits, percentage) VALUES ('22CSE159',  '1-1', 8.5, 8.5,  11,  80.0);
INSERT INTO cgpa (student_roll_no, cgpa, total_credits, total_percentage) VALUES ('22CSE159', 8.5, 11, 80.0);
INSERT INTO attendance (student_roll_no, date, status, subject_id, semester) VALUES ('22CSE159', '2025-02-01', 'Present', 1, '1-1');
INSERT INTO attendance (student_roll_no, date, status, subject_id, semester) VALUES ('22CSE159', '2025-02-02', 'Present', 1, '1-1');
INSERT INTO attendance (student_roll_no, date, status, subject_id, semester) VALUES ('22CSE159', '2025-02-03', 'Present', 1, '1-1');
INSERT INTO attendance (student_roll_no, date, status, subject_id, semester) VALUES ('22CSE159', '2025-02-04', 'Present', 1, '1-1');
INSERT INTO attendance (student_roll_no, date, status, subject_id, semester) VALUES ('22CSE159', '2025-02-05', 'Present', 1, '1-1');
INSERT INTO attendance (student_roll_no, date, status, subject_id, semester) VALUES ('22CSE159', '2025-02-06', 'Present', 1, '1-1');
INSERT INTO attendance (student_roll_no, date, status, subject_id, semester) VALUES ('22CSE159', '2025-02-07', 'Present', 1, '1-1');
INSERT INTO attendance (student_roll_no, date, status, subject_id, semester) VALUES ('22CSE159', '2025-02-08', 'Absent', 1, '1-1');
INSERT INTO attendance (student_roll_no, date, status, subject_id, semester) VALUES ('22CSE159', '2025-02-09', 'Present', 1, '1-1');
INSERT INTO attendance (student_roll_no, date, status, subject_id, semester) VALUES ('22CSE159', '2025-02-10', 'Absent', 1, '1-1');
INSERT INTO attendance (student_roll_no, date, status, subject_id, semester) VALUES ('22CSE159', '2025-02-11', 'Present', 1, '1-1');
INSERT INTO attendance (student_roll_no, date, status, subject_id, semester) VALUES ('22CSE159', '2025-02-12', 'Present', 1, '1-1');
INSERT INTO attendance (student_roll_no, date, status, subject_id, semester) VALUES ('22CSE159', '2025-02-13', 'Present', 1, '1-1');
INSERT INTO attendance (student_roll_no, date, status, subject_id, semester) VALUES ('22CSE159', '2025-02-14', 'Present', 1, '1-1');
INSERT INTO attendance (student_roll_no, date, status, subject_id, semester) VALUES ('22CSE159', '2025-02-15', 'Present', 1, '1-1');
INSERT INTO attendance (student_roll_no, date, status, subject_id, semester) VALUES ('22CSE159', '2025-02-16', 'Present', 1, '1-1');
INSERT INTO attendance (student_roll_no, date, status, subject_id, semester) VALUES ('22CSE159', '2025-02-17', 'Present', 1, '1-1');
INSERT INTO attendance (student_roll_no, date, status, subject_id, semester) VALUES ('22CSE159', '2025-02-18', 'Present', 1, '1-1');
INSERT INTO attendance (student_roll_no, date, status, subject_id, semester) VALUES ('22CSE159', '2025-02-19', 'Present', 1, '1-1');
INSERT INTO fees (student_roll_no, academic_year, tuition_fees, convener_fees, due_date, paid_fees) VALUES ('22CSE159', '2024-25', 50000, 15000, '2025-05-15', 30000);
INSERT INTO students (roll_no, admission_no, name, branch, section, year, gender, dob, religion, phone, email, aadhar, address, father_name, mother_name, parents_occupation, parents_mobile, annual_income, joining_date, photo_url, is_hosteller, password_hash) VALUES ('22ECE160', 'ADM22ECE160', 'Gayathri Rao', 'ECE', 'A', 3, 'Male', '2005-02-26', 'Sikh', '9848788556', '22ece160@nsrit.edu.in', '8482-5630-3080', 'H.No 369, Street 5, Visakhapatnam, AP', 'Yadav Gayathri', 'Ravi Gupta', 'Engineer', '9848788556', 918779, '2023-07-15', 'https://api.dicebear.com/7.x/avataaars/svg?seed=22ECE160', 1, 'scrypt:32768:8:1$ARD8iu2R30ZgOvjn$0c28fb2c347ac069a47026ad5d1f981cf505bbde11b1e3626b8a21147aa73e5d94d807b682b1299e2029c5c2f76884672524bbc1c3de85f345c28f406888dfe1');
INSERT INTO mentors (student_roll_no, teacher_id) VALUES ('22ECE160', 'TCH008');
INSERT INTO marks (student_roll_no, subject_id, grade, grade_point, credits) VALUES ('22ECE160', 1, 'O', 10, 4);
INSERT INTO internal_marks (student_roll_no, subject_id, mid1, mid2, online_tests, assignments) VALUES ('22ECE160', 1, 17, 15, 10, 5);
INSERT INTO marks (student_roll_no, subject_id, grade, grade_point, credits) VALUES ('22ECE160', 2, 'O', 10, 4);
INSERT INTO internal_marks (student_roll_no, subject_id, mid1, mid2, online_tests, assignments) VALUES ('22ECE160', 2, 16, 20, 10, 5);
INSERT INTO marks (student_roll_no, subject_id, grade, grade_point, credits) VALUES ('22ECE160', 3, 'B', 6, 4);
INSERT INTO internal_marks (student_roll_no, subject_id, mid1, mid2, online_tests, assignments) VALUES ('22ECE160', 3, 21, 16, 10, 5);
INSERT INTO semester_results (student_roll_no, semester, sgpa, cgpa, total_credits, percentage) VALUES ('22ECE160',  '1-1', 8.5, 8.5,  11,  80.0);
INSERT INTO cgpa (student_roll_no, cgpa, total_credits, total_percentage) VALUES ('22ECE160', 8.5, 11, 80.0);
INSERT INTO attendance (student_roll_no, date, status, subject_id, semester) VALUES ('22ECE160', '2025-02-01', 'Present', 1, '1-1');
INSERT INTO attendance (student_roll_no, date, status, subject_id, semester) VALUES ('22ECE160', '2025-02-02', 'Present', 1, '1-1');
INSERT INTO attendance (student_roll_no, date, status, subject_id, semester) VALUES ('22ECE160', '2025-02-03', 'Present', 1, '1-1');
INSERT INTO attendance (student_roll_no, date, status, subject_id, semester) VALUES ('22ECE160', '2025-02-04', 'Absent', 1, '1-1');
INSERT INTO attendance (student_roll_no, date, status, subject_id, semester) VALUES ('22ECE160', '2025-02-05', 'Present', 1, '1-1');
INSERT INTO attendance (student_roll_no, date, status, subject_id, semester) VALUES ('22ECE160', '2025-02-06', 'Present', 1, '1-1');
INSERT INTO attendance (student_roll_no, date, status, subject_id, semester) VALUES ('22ECE160', '2025-02-07', 'Present', 1, '1-1');
INSERT INTO attendance (student_roll_no, date, status, subject_id, semester) VALUES ('22ECE160', '2025-02-08', 'Absent', 1, '1-1');
INSERT INTO attendance (student_roll_no, date, status, subject_id, semester) VALUES ('22ECE160', '2025-02-09', 'Present', 1, '1-1');
INSERT INTO attendance (student_roll_no, date, status, subject_id, semester) VALUES ('22ECE160', '2025-02-10', 'Present', 1, '1-1');
INSERT INTO attendance (student_roll_no, date, status, subject_id, semester) VALUES ('22ECE160', '2025-02-11', 'Present', 1, '1-1');
INSERT INTO attendance (student_roll_no, date, status, subject_id, semester) VALUES ('22ECE160', '2025-02-12', 'Present', 1, '1-1');
INSERT INTO attendance (student_roll_no, date, status, subject_id, semester) VALUES ('22ECE160', '2025-02-13', 'Present', 1, '1-1');
INSERT INTO attendance (student_roll_no, date, status, subject_id, semester) VALUES ('22ECE160', '2025-02-14', 'Present', 1, '1-1');
INSERT INTO attendance (student_roll_no, date, status, subject_id, semester) VALUES ('22ECE160', '2025-02-15', 'Present', 1, '1-1');
INSERT INTO attendance (student_roll_no, date, status, subject_id, semester) VALUES ('22ECE160', '2025-02-16', 'Present', 1, '1-1');
INSERT INTO attendance (student_roll_no, date, status, subject_id, semester) VALUES ('22ECE160', '2025-02-17', 'Present', 1, '1-1');
INSERT INTO attendance (student_roll_no, date, status, subject_id, semester) VALUES ('22ECE160', '2025-02-18', 'Present', 1, '1-1');
INSERT INTO attendance (student_roll_no, date, status, subject_id, semester) VALUES ('22ECE160', '2025-02-19', 'Present', 1, '1-1');
INSERT INTO fees (student_roll_no, academic_year, tuition_fees, convener_fees, due_date, paid_fees) VALUES ('22ECE160', '2024-25', 50000, 15000, '2025-05-15', 30000);
INSERT INTO outing_records (roll_number, date, reason) VALUES ('22ECE160', '2025-03-01', 'Weekend home');
INSERT INTO students (roll_no, admission_no, name, branch, section, year, gender, dob, religion, phone, email, aadhar, address, father_name, mother_name, parents_occupation, parents_mobile, annual_income, joining_date, photo_url, is_hosteller, password_hash) VALUES ('24CIVIL161', 'ADM24CIVIL161', 'Anil Kumar', 'CIVIL', 'C', 1, 'Male', '2005-10-25', 'Christian', '9848676212', '24civil161@nsrit.edu.in', '8910-5082-2540', 'H.No 288, Street 13, Visakhapatnam, AP', 'Mishra Praveen', 'Sai Das', 'Doctor', '9848676212', 684007, '2024-07-15', 'https://api.dicebear.com/7.x/avataaars/svg?seed=24CIVIL161', 0, 'scrypt:32768:8:1$ARD8iu2R30ZgOvjn$0c28fb2c347ac069a47026ad5d1f981cf505bbde11b1e3626b8a21147aa73e5d94d807b682b1299e2029c5c2f76884672524bbc1c3de85f345c28f406888dfe1');
INSERT INTO mentors (student_roll_no, teacher_id) VALUES ('24CIVIL161', 'TCH004');
INSERT INTO marks (student_roll_no, subject_id, grade, grade_point, credits) VALUES ('24CIVIL161', 1, 'O', 10, 4);
INSERT INTO internal_marks (student_roll_no, subject_id, mid1, mid2, online_tests, assignments) VALUES ('24CIVIL161', 1, 16, 18, 10, 5);
INSERT INTO marks (student_roll_no, subject_id, grade, grade_point, credits) VALUES ('24CIVIL161', 2, 'B', 6, 4);
INSERT INTO internal_marks (student_roll_no, subject_id, mid1, mid2, online_tests, assignments) VALUES ('24CIVIL161', 2, 17, 24, 10, 5);
INSERT INTO marks (student_roll_no, subject_id, grade, grade_point, credits) VALUES ('24CIVIL161', 3, 'B+', 7, 4);
INSERT INTO internal_marks (student_roll_no, subject_id, mid1, mid2, online_tests, assignments) VALUES ('24CIVIL161', 3, 22, 20, 10, 5);
INSERT INTO semester_results (student_roll_no, semester, sgpa, cgpa, total_credits, percentage) VALUES ('24CIVIL161',  '1-1', 8.5, 8.5,  11,  80.0);
INSERT INTO cgpa (student_roll_no, cgpa, total_credits, total_percentage) VALUES ('24CIVIL161', 8.5, 11, 80.0);
INSERT INTO attendance (student_roll_no, date, status, subject_id, semester) VALUES ('24CIVIL161', '2025-02-01', 'Present', 1, '1-1');
INSERT INTO attendance (student_roll_no, date, status, subject_id, semester) VALUES ('24CIVIL161', '2025-02-02', 'Present', 1, '1-1');
INSERT INTO attendance (student_roll_no, date, status, subject_id, semester) VALUES ('24CIVIL161', '2025-02-03', 'Present', 1, '1-1');
INSERT INTO attendance (student_roll_no, date, status, subject_id, semester) VALUES ('24CIVIL161', '2025-02-04', 'Present', 1, '1-1');
INSERT INTO attendance (student_roll_no, date, status, subject_id, semester) VALUES ('24CIVIL161', '2025-02-05', 'Present', 1, '1-1');
INSERT INTO attendance (student_roll_no, date, status, subject_id, semester) VALUES ('24CIVIL161', '2025-02-06', 'Absent', 1, '1-1');
INSERT INTO attendance (student_roll_no, date, status, subject_id, semester) VALUES ('24CIVIL161', '2025-02-07', 'Present', 1, '1-1');
INSERT INTO attendance (student_roll_no, date, status, subject_id, semester) VALUES ('24CIVIL161', '2025-02-08', 'Present', 1, '1-1');
INSERT INTO attendance (student_roll_no, date, status, subject_id, semester) VALUES ('24CIVIL161', '2025-02-09', 'Present', 1, '1-1');
INSERT INTO attendance (student_roll_no, date, status, subject_id, semester) VALUES ('24CIVIL161', '2025-02-10', 'Present', 1, '1-1');
INSERT INTO attendance (student_roll_no, date, status, subject_id, semester) VALUES ('24CIVIL161', '2025-02-11', 'Present', 1, '1-1');
INSERT INTO attendance (student_roll_no, date, status, subject_id, semester) VALUES ('24CIVIL161', '2025-02-12', 'Present', 1, '1-1');
INSERT INTO attendance (student_roll_no, date, status, subject_id, semester) VALUES ('24CIVIL161', '2025-02-13', 'Present', 1, '1-1');
INSERT INTO attendance (student_roll_no, date, status, subject_id, semester) VALUES ('24CIVIL161', '2025-02-14', 'Present', 1, '1-1');
INSERT INTO attendance (student_roll_no, date, status, subject_id, semester) VALUES ('24CIVIL161', '2025-02-15', 'Absent', 1, '1-1');
INSERT INTO attendance (student_roll_no, date, status, subject_id, semester) VALUES ('24CIVIL161', '2025-02-16', 'Present', 1, '1-1');
INSERT INTO attendance (student_roll_no, date, status, subject_id, semester) VALUES ('24CIVIL161', '2025-02-17', 'Present', 1, '1-1');
INSERT INTO attendance (student_roll_no, date, status, subject_id, semester) VALUES ('24CIVIL161', '2025-02-18', 'Absent', 1, '1-1');
INSERT INTO attendance (student_roll_no, date, status, subject_id, semester) VALUES ('24CIVIL161', '2025-02-19', 'Present', 1, '1-1');
INSERT INTO fees (student_roll_no, academic_year, tuition_fees, convener_fees, due_date, paid_fees) VALUES ('24CIVIL161', '2024-25', 50000, 15000, '2025-05-15', 30000);
INSERT INTO students (roll_no, admission_no, name, branch, section, year, gender, dob, religion, phone, email, aadhar, address, father_name, mother_name, parents_occupation, parents_mobile, annual_income, joining_date, photo_url, is_hosteller, password_hash) VALUES ('23ECE162', 'ADM23ECE162', 'Sanjana Reddy', 'ECE', 'C', 2, 'Male', '2005-02-05', 'Muslim', '9848218632', '23ece162@nsrit.edu.in', '7032-6726-7318', 'H.No 74, Street 8, Visakhapatnam, AP', 'Yadav Sai', 'Rakesh Yadav', 'Business', '9848218632', 872243, '2023-07-15', 'https://api.dicebear.com/7.x/avataaars/svg?seed=23ECE162', 0, 'scrypt:32768:8:1$ARD8iu2R30ZgOvjn$0c28fb2c347ac069a47026ad5d1f981cf505bbde11b1e3626b8a21147aa73e5d94d807b682b1299e2029c5c2f76884672524bbc1c3de85f345c28f406888dfe1');
INSERT INTO mentors (student_roll_no, teacher_id) VALUES ('23ECE162', 'TCH008');
INSERT INTO marks (student_roll_no, subject_id, grade, grade_point, credits) VALUES ('23ECE162', 1, 'B', 6, 4);
INSERT INTO internal_marks (student_roll_no, subject_id, mid1, mid2, online_tests, assignments) VALUES ('23ECE162', 1, 15, 25, 10, 5);
INSERT INTO marks (student_roll_no, subject_id, grade, grade_point, credits) VALUES ('23ECE162', 2, 'B+', 7, 4);
INSERT INTO internal_marks (student_roll_no, subject_id, mid1, mid2, online_tests, assignments) VALUES ('23ECE162', 2, 22, 19, 10, 5);
INSERT INTO marks (student_roll_no, subject_id, grade, grade_point, credits) VALUES ('23ECE162', 3, 'A', 8, 4);
INSERT INTO internal_marks (student_roll_no, subject_id, mid1, mid2, online_tests, assignments) VALUES ('23ECE162', 3, 20, 15, 10, 5);
INSERT INTO semester_results (student_roll_no, semester, sgpa, cgpa, total_credits, percentage) VALUES ('23ECE162',  '1-1', 8.5, 8.5,  11,  80.0);
INSERT INTO cgpa (student_roll_no, cgpa, total_credits, total_percentage) VALUES ('23ECE162', 8.5, 11, 80.0);
INSERT INTO attendance (student_roll_no, date, status, subject_id, semester) VALUES ('23ECE162', '2025-02-01', 'Present', 1, '1-1');
INSERT INTO attendance (student_roll_no, date, status, subject_id, semester) VALUES ('23ECE162', '2025-02-02', 'Present', 1, '1-1');
INSERT INTO attendance (student_roll_no, date, status, subject_id, semester) VALUES ('23ECE162', '2025-02-03', 'Present', 1, '1-1');
INSERT INTO attendance (student_roll_no, date, status, subject_id, semester) VALUES ('23ECE162', '2025-02-04', 'Present', 1, '1-1');
INSERT INTO attendance (student_roll_no, date, status, subject_id, semester) VALUES ('23ECE162', '2025-02-05', 'Present', 1, '1-1');
INSERT INTO attendance (student_roll_no, date, status, subject_id, semester) VALUES ('23ECE162', '2025-02-06', 'Present', 1, '1-1');
INSERT INTO attendance (student_roll_no, date, status, subject_id, semester) VALUES ('23ECE162', '2025-02-07', 'Absent', 1, '1-1');
INSERT INTO attendance (student_roll_no, date, status, subject_id, semester) VALUES ('23ECE162', '2025-02-08', 'Present', 1, '1-1');
INSERT INTO attendance (student_roll_no, date, status, subject_id, semester) VALUES ('23ECE162', '2025-02-09', 'Present', 1, '1-1');
INSERT INTO attendance (student_roll_no, date, status, subject_id, semester) VALUES ('23ECE162', '2025-02-10', 'Absent', 1, '1-1');
INSERT INTO attendance (student_roll_no, date, status, subject_id, semester) VALUES ('23ECE162', '2025-02-11', 'Present', 1, '1-1');
INSERT INTO attendance (student_roll_no, date, status, subject_id, semester) VALUES ('23ECE162', '2025-02-12', 'Present', 1, '1-1');
INSERT INTO attendance (student_roll_no, date, status, subject_id, semester) VALUES ('23ECE162', '2025-02-13', 'Present', 1, '1-1');
INSERT INTO attendance (student_roll_no, date, status, subject_id, semester) VALUES ('23ECE162', '2025-02-14', 'Present', 1, '1-1');
INSERT INTO attendance (student_roll_no, date, status, subject_id, semester) VALUES ('23ECE162', '2025-02-15', 'Present', 1, '1-1');
INSERT INTO attendance (student_roll_no, date, status, subject_id, semester) VALUES ('23ECE162', '2025-02-16', 'Present', 1, '1-1');
INSERT INTO attendance (student_roll_no, date, status, subject_id, semester) VALUES ('23ECE162', '2025-02-17', 'Absent', 1, '1-1');
INSERT INTO attendance (student_roll_no, date, status, subject_id, semester) VALUES ('23ECE162', '2025-02-18', 'Present', 1, '1-1');
INSERT INTO attendance (student_roll_no, date, status, subject_id, semester) VALUES ('23ECE162', '2025-02-19', 'Present', 1, '1-1');
INSERT INTO fees (student_roll_no, academic_year, tuition_fees, convener_fees, due_date, paid_fees) VALUES ('23ECE162', '2024-25', 50000, 15000, '2025-05-15', 30000);
INSERT INTO students (roll_no, admission_no, name, branch, section, year, gender, dob, religion, phone, email, aadhar, address, father_name, mother_name, parents_occupation, parents_mobile, annual_income, joining_date, photo_url, is_hosteller, password_hash) VALUES ('23ECE163', 'ADM23ECE163', 'Priya Sharma', 'ECE', 'C', 2, 'Male', '2005-06-26', 'Christian', '9848459821', '23ece163@nsrit.edu.in', '5696-9639-5208', 'H.No 465, Street 6, Visakhapatnam, AP', 'Kumar Sai', 'Sowmya Goud', 'Teacher', '9848459821', 667280, '2023-07-15', 'https://api.dicebear.com/7.x/avataaars/svg?seed=23ECE163', 0, 'scrypt:32768:8:1$ARD8iu2R30ZgOvjn$0c28fb2c347ac069a47026ad5d1f981cf505bbde11b1e3626b8a21147aa73e5d94d807b682b1299e2029c5c2f76884672524bbc1c3de85f345c28f406888dfe1');
INSERT INTO mentors (student_roll_no, teacher_id) VALUES ('23ECE163', 'TCH014');
INSERT INTO marks (student_roll_no, subject_id, grade, grade_point, credits) VALUES ('23ECE163', 1, 'A', 8, 4);
INSERT INTO internal_marks (student_roll_no, subject_id, mid1, mid2, online_tests, assignments) VALUES ('23ECE163', 1, 15, 20, 10, 5);
INSERT INTO marks (student_roll_no, subject_id, grade, grade_point, credits) VALUES ('23ECE163', 2, 'O', 10, 4);
INSERT INTO internal_marks (student_roll_no, subject_id, mid1, mid2, online_tests, assignments) VALUES ('23ECE163', 2, 16, 22, 10, 5);
INSERT INTO marks (student_roll_no, subject_id, grade, grade_point, credits) VALUES ('23ECE163', 3, 'B', 6, 4);
INSERT INTO internal_marks (student_roll_no, subject_id, mid1, mid2, online_tests, assignments) VALUES ('23ECE163', 3, 25, 25, 10, 5);
INSERT INTO semester_results (student_roll_no, semester, sgpa, cgpa, total_credits, percentage) VALUES ('23ECE163',  '1-1', 8.5, 8.5,  11,  80.0);
INSERT INTO cgpa (student_roll_no, cgpa, total_credits, total_percentage) VALUES ('23ECE163', 8.5, 11, 80.0);
INSERT INTO attendance (student_roll_no, date, status, subject_id, semester) VALUES ('23ECE163', '2025-02-01', 'Present', 1, '1-1');
INSERT INTO attendance (student_roll_no, date, status, subject_id, semester) VALUES ('23ECE163', '2025-02-02', 'Present', 1, '1-1');
INSERT INTO attendance (student_roll_no, date, status, subject_id, semester) VALUES ('23ECE163', '2025-02-03', 'Present', 1, '1-1');
INSERT INTO attendance (student_roll_no, date, status, subject_id, semester) VALUES ('23ECE163', '2025-02-04', 'Present', 1, '1-1');
INSERT INTO attendance (student_roll_no, date, status, subject_id, semester) VALUES ('23ECE163', '2025-02-05', 'Present', 1, '1-1');
INSERT INTO attendance (student_roll_no, date, status, subject_id, semester) VALUES ('23ECE163', '2025-02-06', 'Present', 1, '1-1');
INSERT INTO attendance (student_roll_no, date, status, subject_id, semester) VALUES ('23ECE163', '2025-02-07', 'Present', 1, '1-1');
INSERT INTO attendance (student_roll_no, date, status, subject_id, semester) VALUES ('23ECE163', '2025-02-08', 'Present', 1, '1-1');
INSERT INTO attendance (student_roll_no, date, status, subject_id, semester) VALUES ('23ECE163', '2025-02-09', 'Present', 1, '1-1');
INSERT INTO attendance (student_roll_no, date, status, subject_id, semester) VALUES ('23ECE163', '2025-02-10', 'Present', 1, '1-1');
INSERT INTO attendance (student_roll_no, date, status, subject_id, semester) VALUES ('23ECE163', '2025-02-11', 'Present', 1, '1-1');
INSERT INTO attendance (student_roll_no, date, status, subject_id, semester) VALUES ('23ECE163', '2025-02-12', 'Present', 1, '1-1');
INSERT INTO attendance (student_roll_no, date, status, subject_id, semester) VALUES ('23ECE163', '2025-02-13', 'Present', 1, '1-1');
INSERT INTO attendance (student_roll_no, date, status, subject_id, semester) VALUES ('23ECE163', '2025-02-14', 'Absent', 1, '1-1');
INSERT INTO attendance (student_roll_no, date, status, subject_id, semester) VALUES ('23ECE163', '2025-02-15', 'Present', 1, '1-1');
INSERT INTO attendance (student_roll_no, date, status, subject_id, semester) VALUES ('23ECE163', '2025-02-16', 'Present', 1, '1-1');
INSERT INTO attendance (student_roll_no, date, status, subject_id, semester) VALUES ('23ECE163', '2025-02-17', 'Present', 1, '1-1');
INSERT INTO attendance (student_roll_no, date, status, subject_id, semester) VALUES ('23ECE163', '2025-02-18', 'Present', 1, '1-1');
INSERT INTO attendance (student_roll_no, date, status, subject_id, semester) VALUES ('23ECE163', '2025-02-19', 'Present', 1, '1-1');
INSERT INTO fees (student_roll_no, academic_year, tuition_fees, convener_fees, due_date, paid_fees) VALUES ('23ECE163', '2024-25', 50000, 15000, '2025-05-15', 30000);
INSERT INTO students (roll_no, admission_no, name, branch, section, year, gender, dob, religion, phone, email, aadhar, address, father_name, mother_name, parents_occupation, parents_mobile, annual_income, joining_date, photo_url, is_hosteller, password_hash) VALUES ('22MECH164', 'ADM22MECH164', 'Sanjana Naidu', 'MECH', 'C', 3, 'Male', '2005-09-01', 'Sikh', '9848761338', '22mech164@nsrit.edu.in', '4881-8149-1184', 'H.No 102, Street 16, Visakhapatnam, AP', 'Yadav Akhil', 'Praveen Singh', 'Business', '9848761338', 691773, '2023-07-15', 'https://api.dicebear.com/7.x/avataaars/svg?seed=22MECH164', 0, 'scrypt:32768:8:1$ARD8iu2R30ZgOvjn$0c28fb2c347ac069a47026ad5d1f981cf505bbde11b1e3626b8a21147aa73e5d94d807b682b1299e2029c5c2f76884672524bbc1c3de85f345c28f406888dfe1');
INSERT INTO mentors (student_roll_no, teacher_id) VALUES ('22MECH164', 'TCH011');
INSERT INTO marks (student_roll_no, subject_id, grade, grade_point, credits) VALUES ('22MECH164', 1, 'O', 10, 4);
INSERT INTO internal_marks (student_roll_no, subject_id, mid1, mid2, online_tests, assignments) VALUES ('22MECH164', 1, 25, 19, 10, 5);
INSERT INTO marks (student_roll_no, subject_id, grade, grade_point, credits) VALUES ('22MECH164', 2, 'B', 6, 4);
INSERT INTO internal_marks (student_roll_no, subject_id, mid1, mid2, online_tests, assignments) VALUES ('22MECH164', 2, 17, 22, 10, 5);
INSERT INTO marks (student_roll_no, subject_id, grade, grade_point, credits) VALUES ('22MECH164', 3, 'B', 6, 4);
INSERT INTO internal_marks (student_roll_no, subject_id, mid1, mid2, online_tests, assignments) VALUES ('22MECH164', 3, 18, 22, 10, 5);
INSERT INTO semester_results (student_roll_no, semester, sgpa, cgpa, total_credits, percentage) VALUES ('22MECH164',  '1-1', 8.5, 8.5,  11,  80.0);
INSERT INTO cgpa (student_roll_no, cgpa, total_credits, total_percentage) VALUES ('22MECH164', 8.5, 11, 80.0);
INSERT INTO attendance (student_roll_no, date, status, subject_id, semester) VALUES ('22MECH164', '2025-02-01', 'Present', 1, '1-1');
INSERT INTO attendance (student_roll_no, date, status, subject_id, semester) VALUES ('22MECH164', '2025-02-02', 'Present', 1, '1-1');
INSERT INTO attendance (student_roll_no, date, status, subject_id, semester) VALUES ('22MECH164', '2025-02-03', 'Present', 1, '1-1');
INSERT INTO attendance (student_roll_no, date, status, subject_id, semester) VALUES ('22MECH164', '2025-02-04', 'Present', 1, '1-1');
INSERT INTO attendance (student_roll_no, date, status, subject_id, semester) VALUES ('22MECH164', '2025-02-05', 'Present', 1, '1-1');
INSERT INTO attendance (student_roll_no, date, status, subject_id, semester) VALUES ('22MECH164', '2025-02-06', 'Present', 1, '1-1');
INSERT INTO attendance (student_roll_no, date, status, subject_id, semester) VALUES ('22MECH164', '2025-02-07', 'Present', 1, '1-1');
INSERT INTO attendance (student_roll_no, date, status, subject_id, semester) VALUES ('22MECH164', '2025-02-08', 'Present', 1, '1-1');
INSERT INTO attendance (student_roll_no, date, status, subject_id, semester) VALUES ('22MECH164', '2025-02-09', 'Present', 1, '1-1');
INSERT INTO attendance (student_roll_no, date, status, subject_id, semester) VALUES ('22MECH164', '2025-02-10', 'Present', 1, '1-1');
INSERT INTO attendance (student_roll_no, date, status, subject_id, semester) VALUES ('22MECH164', '2025-02-11', 'Present', 1, '1-1');
INSERT INTO attendance (student_roll_no, date, status, subject_id, semester) VALUES ('22MECH164', '2025-02-12', 'Present', 1, '1-1');
INSERT INTO attendance (student_roll_no, date, status, subject_id, semester) VALUES ('22MECH164', '2025-02-13', 'Absent', 1, '1-1');
INSERT INTO attendance (student_roll_no, date, status, subject_id, semester) VALUES ('22MECH164', '2025-02-14', 'Present', 1, '1-1');
INSERT INTO attendance (student_roll_no, date, status, subject_id, semester) VALUES ('22MECH164', '2025-02-15', 'Present', 1, '1-1');
INSERT INTO attendance (student_roll_no, date, status, subject_id, semester) VALUES ('22MECH164', '2025-02-16', 'Present', 1, '1-1');
INSERT INTO attendance (student_roll_no, date, status, subject_id, semester) VALUES ('22MECH164', '2025-02-17', 'Present', 1, '1-1');
INSERT INTO attendance (student_roll_no, date, status, subject_id, semester) VALUES ('22MECH164', '2025-02-18', 'Present', 1, '1-1');
INSERT INTO attendance (student_roll_no, date, status, subject_id, semester) VALUES ('22MECH164', '2025-02-19', 'Present', 1, '1-1');
INSERT INTO fees (student_roll_no, academic_year, tuition_fees, convener_fees, due_date, paid_fees) VALUES ('22MECH164', '2024-25', 50000, 15000, '2025-05-15', 30000);
INSERT INTO students (roll_no, admission_no, name, branch, section, year, gender, dob, religion, phone, email, aadhar, address, father_name, mother_name, parents_occupation, parents_mobile, annual_income, joining_date, photo_url, is_hosteller, password_hash) VALUES ('22IT165', 'ADM22IT165', 'Hari Singh', 'IT', 'A', 3, 'Male', '2005-02-21', 'Muslim', '9848560544', '22it165@nsrit.edu.in', '3246-8359-6535', 'H.No 253, Street 10, Visakhapatnam, AP', 'Goud Rakesh', 'Sowmya Sharma', 'Business', '9848560544', 570368, '2023-07-15', 'https://api.dicebear.com/7.x/avataaars/svg?seed=22IT165', 1, 'scrypt:32768:8:1$ARD8iu2R30ZgOvjn$0c28fb2c347ac069a47026ad5d1f981cf505bbde11b1e3626b8a21147aa73e5d94d807b682b1299e2029c5c2f76884672524bbc1c3de85f345c28f406888dfe1');
INSERT INTO mentors (student_roll_no, teacher_id) VALUES ('22IT165', 'TCH001');
INSERT INTO marks (student_roll_no, subject_id, grade, grade_point, credits) VALUES ('22IT165', 1, 'B', 6, 4);
INSERT INTO internal_marks (student_roll_no, subject_id, mid1, mid2, online_tests, assignments) VALUES ('22IT165', 1, 21, 25, 10, 5);
INSERT INTO marks (student_roll_no, subject_id, grade, grade_point, credits) VALUES ('22IT165', 2, 'A', 8, 4);
INSERT INTO internal_marks (student_roll_no, subject_id, mid1, mid2, online_tests, assignments) VALUES ('22IT165', 2, 18, 19, 10, 5);
INSERT INTO marks (student_roll_no, subject_id, grade, grade_point, credits) VALUES ('22IT165', 3, 'C', 5, 4);
INSERT INTO internal_marks (student_roll_no, subject_id, mid1, mid2, online_tests, assignments) VALUES ('22IT165', 3, 22, 15, 10, 5);
INSERT INTO semester_results (student_roll_no, semester, sgpa, cgpa, total_credits, percentage) VALUES ('22IT165',  '1-1', 8.5, 8.5,  11,  80.0);
INSERT INTO cgpa (student_roll_no, cgpa, total_credits, total_percentage) VALUES ('22IT165', 8.5, 11, 80.0);
INSERT INTO attendance (student_roll_no, date, status, subject_id, semester) VALUES ('22IT165', '2025-02-01', 'Absent', 1, '1-1');
INSERT INTO attendance (student_roll_no, date, status, subject_id, semester) VALUES ('22IT165', '2025-02-02', 'Present', 1, '1-1');
INSERT INTO attendance (student_roll_no, date, status, subject_id, semester) VALUES ('22IT165', '2025-02-03', 'Present', 1, '1-1');
INSERT INTO attendance (student_roll_no, date, status, subject_id, semester) VALUES ('22IT165', '2025-02-04', 'Present', 1, '1-1');
INSERT INTO attendance (student_roll_no, date, status, subject_id, semester) VALUES ('22IT165', '2025-02-05', 'Present', 1, '1-1');
INSERT INTO attendance (student_roll_no, date, status, subject_id, semester) VALUES ('22IT165', '2025-02-06', 'Present', 1, '1-1');
INSERT INTO attendance (student_roll_no, date, status, subject_id, semester) VALUES ('22IT165', '2025-02-07', 'Present', 1, '1-1');
INSERT INTO attendance (student_roll_no, date, status, subject_id, semester) VALUES ('22IT165', '2025-02-08', 'Absent', 1, '1-1');
INSERT INTO attendance (student_roll_no, date, status, subject_id, semester) VALUES ('22IT165', '2025-02-09', 'Present', 1, '1-1');
INSERT INTO attendance (student_roll_no, date, status, subject_id, semester) VALUES ('22IT165', '2025-02-10', 'Present', 1, '1-1');
INSERT INTO attendance (student_roll_no, date, status, subject_id, semester) VALUES ('22IT165', '2025-02-11', 'Present', 1, '1-1');
INSERT INTO attendance (student_roll_no, date, status, subject_id, semester) VALUES ('22IT165', '2025-02-12', 'Absent', 1, '1-1');
INSERT INTO attendance (student_roll_no, date, status, subject_id, semester) VALUES ('22IT165', '2025-02-13', 'Present', 1, '1-1');
INSERT INTO attendance (student_roll_no, date, status, subject_id, semester) VALUES ('22IT165', '2025-02-14', 'Present', 1, '1-1');
INSERT INTO attendance (student_roll_no, date, status, subject_id, semester) VALUES ('22IT165', '2025-02-15', 'Present', 1, '1-1');
INSERT INTO attendance (student_roll_no, date, status, subject_id, semester) VALUES ('22IT165', '2025-02-16', 'Present', 1, '1-1');
INSERT INTO attendance (student_roll_no, date, status, subject_id, semester) VALUES ('22IT165', '2025-02-17', 'Present', 1, '1-1');
INSERT INTO attendance (student_roll_no, date, status, subject_id, semester) VALUES ('22IT165', '2025-02-18', 'Present', 1, '1-1');
INSERT INTO attendance (student_roll_no, date, status, subject_id, semester) VALUES ('22IT165', '2025-02-19', 'Present', 1, '1-1');
INSERT INTO fees (student_roll_no, academic_year, tuition_fees, convener_fees, due_date, paid_fees) VALUES ('22IT165', '2024-25', 50000, 15000, '2025-05-15', 30000);
INSERT INTO outing_records (roll_number, date, reason) VALUES ('22IT165', '2025-03-01', 'Weekend home');
INSERT INTO students (roll_no, admission_no, name, branch, section, year, gender, dob, religion, phone, email, aadhar, address, father_name, mother_name, parents_occupation, parents_mobile, annual_income, joining_date, photo_url, is_hosteller, password_hash) VALUES ('23MECH166', 'ADM23MECH166', 'Prasad Chowdary', 'MECH', 'C', 2, 'Female', '2005-10-10', 'Sikh', '9848565757', '23mech166@nsrit.edu.in', '2753-2577-3968', 'H.No 493, Street 20, Visakhapatnam, AP', 'Kumar Arjun', 'Sai Goud', 'Doctor', '9848565757', 785080, '2023-07-15', 'https://api.dicebear.com/7.x/avataaars/svg?seed=23MECH166', 0, 'scrypt:32768:8:1$ARD8iu2R30ZgOvjn$0c28fb2c347ac069a47026ad5d1f981cf505bbde11b1e3626b8a21147aa73e5d94d807b682b1299e2029c5c2f76884672524bbc1c3de85f345c28f406888dfe1');
INSERT INTO mentors (student_roll_no, teacher_id) VALUES ('23MECH166', 'TCH009');
INSERT INTO marks (student_roll_no, subject_id, grade, grade_point, credits) VALUES ('23MECH166', 1, 'A', 8, 4);
INSERT INTO internal_marks (student_roll_no, subject_id, mid1, mid2, online_tests, assignments) VALUES ('23MECH166', 1, 16, 22, 10, 5);
INSERT INTO marks (student_roll_no, subject_id, grade, grade_point, credits) VALUES ('23MECH166', 2, 'A+', 9, 4);
INSERT INTO internal_marks (student_roll_no, subject_id, mid1, mid2, online_tests, assignments) VALUES ('23MECH166', 2, 22, 16, 10, 5);
INSERT INTO marks (student_roll_no, subject_id, grade, grade_point, credits) VALUES ('23MECH166', 3, 'B', 6, 4);
INSERT INTO internal_marks (student_roll_no, subject_id, mid1, mid2, online_tests, assignments) VALUES ('23MECH166', 3, 17, 18, 10, 5);
INSERT INTO semester_results (student_roll_no, semester, sgpa, cgpa, total_credits, percentage) VALUES ('23MECH166',  '1-1', 8.5, 8.5,  11,  80.0);
INSERT INTO cgpa (student_roll_no, cgpa, total_credits, total_percentage) VALUES ('23MECH166', 8.5, 11, 80.0);
INSERT INTO attendance (student_roll_no, date, status, subject_id, semester) VALUES ('23MECH166', '2025-02-01', 'Present', 1, '1-1');
INSERT INTO attendance (student_roll_no, date, status, subject_id, semester) VALUES ('23MECH166', '2025-02-02', 'Present', 1, '1-1');
INSERT INTO attendance (student_roll_no, date, status, subject_id, semester) VALUES ('23MECH166', '2025-02-03', 'Present', 1, '1-1');
INSERT INTO attendance (student_roll_no, date, status, subject_id, semester) VALUES ('23MECH166', '2025-02-04', 'Present', 1, '1-1');
INSERT INTO attendance (student_roll_no, date, status, subject_id, semester) VALUES ('23MECH166', '2025-02-05', 'Absent', 1, '1-1');
INSERT INTO attendance (student_roll_no, date, status, subject_id, semester) VALUES ('23MECH166', '2025-02-06', 'Present', 1, '1-1');
INSERT INTO attendance (student_roll_no, date, status, subject_id, semester) VALUES ('23MECH166', '2025-02-07', 'Present', 1, '1-1');
INSERT INTO attendance (student_roll_no, date, status, subject_id, semester) VALUES ('23MECH166', '2025-02-08', 'Present', 1, '1-1');
INSERT INTO attendance (student_roll_no, date, status, subject_id, semester) VALUES ('23MECH166', '2025-02-09', 'Present', 1, '1-1');
INSERT INTO attendance (student_roll_no, date, status, subject_id, semester) VALUES ('23MECH166', '2025-02-10', 'Absent', 1, '1-1');
INSERT INTO attendance (student_roll_no, date, status, subject_id, semester) VALUES ('23MECH166', '2025-02-11', 'Present', 1, '1-1');
INSERT INTO attendance (student_roll_no, date, status, subject_id, semester) VALUES ('23MECH166', '2025-02-12', 'Present', 1, '1-1');
INSERT INTO attendance (student_roll_no, date, status, subject_id, semester) VALUES ('23MECH166', '2025-02-13', 'Present', 1, '1-1');
INSERT INTO attendance (student_roll_no, date, status, subject_id, semester) VALUES ('23MECH166', '2025-02-14', 'Present', 1, '1-1');
INSERT INTO attendance (student_roll_no, date, status, subject_id, semester) VALUES ('23MECH166', '2025-02-15', 'Present', 1, '1-1');
INSERT INTO attendance (student_roll_no, date, status, subject_id, semester) VALUES ('23MECH166', '2025-02-16', 'Absent', 1, '1-1');
INSERT INTO attendance (student_roll_no, date, status, subject_id, semester) VALUES ('23MECH166', '2025-02-17', 'Present', 1, '1-1');
INSERT INTO attendance (student_roll_no, date, status, subject_id, semester) VALUES ('23MECH166', '2025-02-18', 'Present', 1, '1-1');
INSERT INTO attendance (student_roll_no, date, status, subject_id, semester) VALUES ('23MECH166', '2025-02-19', 'Absent', 1, '1-1');
INSERT INTO fees (student_roll_no, academic_year, tuition_fees, convener_fees, due_date, paid_fees) VALUES ('23MECH166', '2024-25', 50000, 15000, '2025-05-15', 30000);
INSERT INTO students (roll_no, admission_no, name, branch, section, year, gender, dob, religion, phone, email, aadhar, address, father_name, mother_name, parents_occupation, parents_mobile, annual_income, joining_date, photo_url, is_hosteller, password_hash) VALUES ('23ECE167', 'ADM23ECE167', 'Lakshmi Rao', 'ECE', 'A', 2, 'Female', '2005-01-20', 'Christian', '9848991595', '23ece167@nsrit.edu.in', '8696-4983-5216', 'H.No 333, Street 20, Visakhapatnam, AP', 'Gupta Kumar', 'Sanjana Singh', 'Teacher', '9848991595', 448052, '2023-07-15', 'https://api.dicebear.com/7.x/avataaars/svg?seed=23ECE167', 0, 'scrypt:32768:8:1$ARD8iu2R30ZgOvjn$0c28fb2c347ac069a47026ad5d1f981cf505bbde11b1e3626b8a21147aa73e5d94d807b682b1299e2029c5c2f76884672524bbc1c3de85f345c28f406888dfe1');
INSERT INTO mentors (student_roll_no, teacher_id) VALUES ('23ECE167', 'TCH009');
INSERT INTO marks (student_roll_no, subject_id, grade, grade_point, credits) VALUES ('23ECE167', 1, 'A', 8, 4);
INSERT INTO internal_marks (student_roll_no, subject_id, mid1, mid2, online_tests, assignments) VALUES ('23ECE167', 1, 15, 16, 10, 5);
INSERT INTO marks (student_roll_no, subject_id, grade, grade_point, credits) VALUES ('23ECE167', 2, 'O', 10, 4);
INSERT INTO internal_marks (student_roll_no, subject_id, mid1, mid2, online_tests, assignments) VALUES ('23ECE167', 2, 25, 17, 10, 5);
INSERT INTO marks (student_roll_no, subject_id, grade, grade_point, credits) VALUES ('23ECE167', 3, 'A+', 9, 4);
INSERT INTO internal_marks (student_roll_no, subject_id, mid1, mid2, online_tests, assignments) VALUES ('23ECE167', 3, 21, 23, 10, 5);
INSERT INTO semester_results (student_roll_no, semester, sgpa, cgpa, total_credits, percentage) VALUES ('23ECE167',  '1-1', 8.5, 8.5,  11,  80.0);
INSERT INTO cgpa (student_roll_no, cgpa, total_credits, total_percentage) VALUES ('23ECE167', 8.5, 11, 80.0);
INSERT INTO attendance (student_roll_no, date, status, subject_id, semester) VALUES ('23ECE167', '2025-02-01', 'Present', 1, '1-1');
INSERT INTO attendance (student_roll_no, date, status, subject_id, semester) VALUES ('23ECE167', '2025-02-02', 'Present', 1, '1-1');
INSERT INTO attendance (student_roll_no, date, status, subject_id, semester) VALUES ('23ECE167', '2025-02-03', 'Present', 1, '1-1');
INSERT INTO attendance (student_roll_no, date, status, subject_id, semester) VALUES ('23ECE167', '2025-02-04', 'Present', 1, '1-1');
INSERT INTO attendance (student_roll_no, date, status, subject_id, semester) VALUES ('23ECE167', '2025-02-05', 'Present', 1, '1-1');
INSERT INTO attendance (student_roll_no, date, status, subject_id, semester) VALUES ('23ECE167', '2025-02-06', 'Present', 1, '1-1');
INSERT INTO attendance (student_roll_no, date, status, subject_id, semester) VALUES ('23ECE167', '2025-02-07', 'Present', 1, '1-1');
INSERT INTO attendance (student_roll_no, date, status, subject_id, semester) VALUES ('23ECE167', '2025-02-08', 'Present', 1, '1-1');
INSERT INTO attendance (student_roll_no, date, status, subject_id, semester) VALUES ('23ECE167', '2025-02-09', 'Present', 1, '1-1');
INSERT INTO attendance (student_roll_no, date, status, subject_id, semester) VALUES ('23ECE167', '2025-02-10', 'Present', 1, '1-1');
INSERT INTO attendance (student_roll_no, date, status, subject_id, semester) VALUES ('23ECE167', '2025-02-11', 'Present', 1, '1-1');
INSERT INTO attendance (student_roll_no, date, status, subject_id, semester) VALUES ('23ECE167', '2025-02-12', 'Present', 1, '1-1');
INSERT INTO attendance (student_roll_no, date, status, subject_id, semester) VALUES ('23ECE167', '2025-02-13', 'Present', 1, '1-1');
INSERT INTO attendance (student_roll_no, date, status, subject_id, semester) VALUES ('23ECE167', '2025-02-14', 'Present', 1, '1-1');
INSERT INTO attendance (student_roll_no, date, status, subject_id, semester) VALUES ('23ECE167', '2025-02-15', 'Absent', 1, '1-1');
INSERT INTO attendance (student_roll_no, date, status, subject_id, semester) VALUES ('23ECE167', '2025-02-16', 'Absent', 1, '1-1');
INSERT INTO attendance (student_roll_no, date, status, subject_id, semester) VALUES ('23ECE167', '2025-02-17', 'Present', 1, '1-1');
INSERT INTO attendance (student_roll_no, date, status, subject_id, semester) VALUES ('23ECE167', '2025-02-18', 'Present', 1, '1-1');
INSERT INTO attendance (student_roll_no, date, status, subject_id, semester) VALUES ('23ECE167', '2025-02-19', 'Present', 1, '1-1');
INSERT INTO fees (student_roll_no, academic_year, tuition_fees, convener_fees, due_date, paid_fees) VALUES ('23ECE167', '2024-25', 50000, 15000, '2025-05-15', 30000);
INSERT INTO students (roll_no, admission_no, name, branch, section, year, gender, dob, religion, phone, email, aadhar, address, father_name, mother_name, parents_occupation, parents_mobile, annual_income, joining_date, photo_url, is_hosteller, password_hash) VALUES ('23CSE168', 'ADM23CSE168', 'Hari Reddy', 'CSE', 'B', 2, 'Male', '2005-06-11', 'Muslim', '9848803741', '23cse168@nsrit.edu.in', '3085-1142-2920', 'H.No 11, Street 20, Visakhapatnam, AP', 'Rao Karthik', 'Arjun Mishra', 'Business', '9848803741', 749046, '2023-07-15', 'https://api.dicebear.com/7.x/avataaars/svg?seed=23CSE168', 0, 'scrypt:32768:8:1$ARD8iu2R30ZgOvjn$0c28fb2c347ac069a47026ad5d1f981cf505bbde11b1e3626b8a21147aa73e5d94d807b682b1299e2029c5c2f76884672524bbc1c3de85f345c28f406888dfe1');
INSERT INTO mentors (student_roll_no, teacher_id) VALUES ('23CSE168', 'TCH005');
INSERT INTO marks (student_roll_no, subject_id, grade, grade_point, credits) VALUES ('23CSE168', 1, 'B', 6, 4);
INSERT INTO internal_marks (student_roll_no, subject_id, mid1, mid2, online_tests, assignments) VALUES ('23CSE168', 1, 23, 18, 10, 5);
INSERT INTO marks (student_roll_no, subject_id, grade, grade_point, credits) VALUES ('23CSE168', 2, 'A', 8, 4);
INSERT INTO internal_marks (student_roll_no, subject_id, mid1, mid2, online_tests, assignments) VALUES ('23CSE168', 2, 25, 18, 10, 5);
INSERT INTO marks (student_roll_no, subject_id, grade, grade_point, credits) VALUES ('23CSE168', 3, 'B', 6, 4);
INSERT INTO internal_marks (student_roll_no, subject_id, mid1, mid2, online_tests, assignments) VALUES ('23CSE168', 3, 15, 22, 10, 5);
INSERT INTO semester_results (student_roll_no, semester, sgpa, cgpa, total_credits, percentage) VALUES ('23CSE168',  '1-1', 8.5, 8.5,  11,  80.0);
INSERT INTO cgpa (student_roll_no, cgpa, total_credits, total_percentage) VALUES ('23CSE168', 8.5, 11, 80.0);
INSERT INTO attendance (student_roll_no, date, status, subject_id, semester) VALUES ('23CSE168', '2025-02-01', 'Present', 1, '1-1');
INSERT INTO attendance (student_roll_no, date, status, subject_id, semester) VALUES ('23CSE168', '2025-02-02', 'Absent', 1, '1-1');
INSERT INTO attendance (student_roll_no, date, status, subject_id, semester) VALUES ('23CSE168', '2025-02-03', 'Present', 1, '1-1');
INSERT INTO attendance (student_roll_no, date, status, subject_id, semester) VALUES ('23CSE168', '2025-02-04', 'Present', 1, '1-1');
INSERT INTO attendance (student_roll_no, date, status, subject_id, semester) VALUES ('23CSE168', '2025-02-05', 'Present', 1, '1-1');
INSERT INTO attendance (student_roll_no, date, status, subject_id, semester) VALUES ('23CSE168', '2025-02-06', 'Present', 1, '1-1');
INSERT INTO attendance (student_roll_no, date, status, subject_id, semester) VALUES ('23CSE168', '2025-02-07', 'Present', 1, '1-1');
INSERT INTO attendance (student_roll_no, date, status, subject_id, semester) VALUES ('23CSE168', '2025-02-08', 'Present', 1, '1-1');
INSERT INTO attendance (student_roll_no, date, status, subject_id, semester) VALUES ('23CSE168', '2025-02-09', 'Absent', 1, '1-1');
INSERT INTO attendance (student_roll_no, date, status, subject_id, semester) VALUES ('23CSE168', '2025-02-10', 'Present', 1, '1-1');
INSERT INTO attendance (student_roll_no, date, status, subject_id, semester) VALUES ('23CSE168', '2025-02-11', 'Present', 1, '1-1');
INSERT INTO attendance (student_roll_no, date, status, subject_id, semester) VALUES ('23CSE168', '2025-02-12', 'Present', 1, '1-1');
INSERT INTO attendance (student_roll_no, date, status, subject_id, semester) VALUES ('23CSE168', '2025-02-13', 'Present', 1, '1-1');
INSERT INTO attendance (student_roll_no, date, status, subject_id, semester) VALUES ('23CSE168', '2025-02-14', 'Present', 1, '1-1');
INSERT INTO attendance (student_roll_no, date, status, subject_id, semester) VALUES ('23CSE168', '2025-02-15', 'Present', 1, '1-1');
INSERT INTO attendance (student_roll_no, date, status, subject_id, semester) VALUES ('23CSE168', '2025-02-16', 'Present', 1, '1-1');
INSERT INTO attendance (student_roll_no, date, status, subject_id, semester) VALUES ('23CSE168', '2025-02-17', 'Present', 1, '1-1');
INSERT INTO attendance (student_roll_no, date, status, subject_id, semester) VALUES ('23CSE168', '2025-02-18', 'Present', 1, '1-1');
INSERT INTO attendance (student_roll_no, date, status, subject_id, semester) VALUES ('23CSE168', '2025-02-19', 'Present', 1, '1-1');
INSERT INTO fees (student_roll_no, academic_year, tuition_fees, convener_fees, due_date, paid_fees) VALUES ('23CSE168', '2024-25', 50000, 15000, '2025-05-15', 30000);
INSERT INTO students (roll_no, admission_no, name, branch, section, year, gender, dob, religion, phone, email, aadhar, address, father_name, mother_name, parents_occupation, parents_mobile, annual_income, joining_date, photo_url, is_hosteller, password_hash) VALUES ('23CIVIL169', 'ADM23CIVIL169', 'Neha Patel', 'CIVIL', 'A', 2, 'Male', '2005-11-28', 'Muslim', '9848794222', '23civil169@nsrit.edu.in', '7891-4347-6077', 'H.No 256, Street 10, Visakhapatnam, AP', 'Chowdary Akhil', 'Ramesh Yadav', 'Engineer', '9848794222', 335097, '2023-07-15', 'https://api.dicebear.com/7.x/avataaars/svg?seed=23CIVIL169', 0, 'scrypt:32768:8:1$ARD8iu2R30ZgOvjn$0c28fb2c347ac069a47026ad5d1f981cf505bbde11b1e3626b8a21147aa73e5d94d807b682b1299e2029c5c2f76884672524bbc1c3de85f345c28f406888dfe1');
INSERT INTO mentors (student_roll_no, teacher_id) VALUES ('23CIVIL169', 'TCH003');
INSERT INTO marks (student_roll_no, subject_id, grade, grade_point, credits) VALUES ('23CIVIL169', 1, 'O', 10, 4);
INSERT INTO internal_marks (student_roll_no, subject_id, mid1, mid2, online_tests, assignments) VALUES ('23CIVIL169', 1, 25, 20, 10, 5);
INSERT INTO marks (student_roll_no, subject_id, grade, grade_point, credits) VALUES ('23CIVIL169', 2, 'B', 6, 4);
INSERT INTO internal_marks (student_roll_no, subject_id, mid1, mid2, online_tests, assignments) VALUES ('23CIVIL169', 2, 15, 24, 10, 5);
INSERT INTO marks (student_roll_no, subject_id, grade, grade_point, credits) VALUES ('23CIVIL169', 3, 'O', 10, 4);
INSERT INTO internal_marks (student_roll_no, subject_id, mid1, mid2, online_tests, assignments) VALUES ('23CIVIL169', 3, 19, 15, 10, 5);
INSERT INTO semester_results (student_roll_no, semester, sgpa, cgpa, total_credits, percentage) VALUES ('23CIVIL169',  '1-1', 8.5, 8.5,  11,  80.0);
INSERT INTO cgpa (student_roll_no, cgpa, total_credits, total_percentage) VALUES ('23CIVIL169', 8.5, 11, 80.0);
INSERT INTO attendance (student_roll_no, date, status, subject_id, semester) VALUES ('23CIVIL169', '2025-02-01', 'Present', 1, '1-1');
INSERT INTO attendance (student_roll_no, date, status, subject_id, semester) VALUES ('23CIVIL169', '2025-02-02', 'Present', 1, '1-1');
INSERT INTO attendance (student_roll_no, date, status, subject_id, semester) VALUES ('23CIVIL169', '2025-02-03', 'Present', 1, '1-1');
INSERT INTO attendance (student_roll_no, date, status, subject_id, semester) VALUES ('23CIVIL169', '2025-02-04', 'Present', 1, '1-1');
INSERT INTO attendance (student_roll_no, date, status, subject_id, semester) VALUES ('23CIVIL169', '2025-02-05', 'Present', 1, '1-1');
INSERT INTO attendance (student_roll_no, date, status, subject_id, semester) VALUES ('23CIVIL169', '2025-02-06', 'Present', 1, '1-1');
INSERT INTO attendance (student_roll_no, date, status, subject_id, semester) VALUES ('23CIVIL169', '2025-02-07', 'Present', 1, '1-1');
INSERT INTO attendance (student_roll_no, date, status, subject_id, semester) VALUES ('23CIVIL169', '2025-02-08', 'Present', 1, '1-1');
INSERT INTO attendance (student_roll_no, date, status, subject_id, semester) VALUES ('23CIVIL169', '2025-02-09', 'Present', 1, '1-1');
INSERT INTO attendance (student_roll_no, date, status, subject_id, semester) VALUES ('23CIVIL169', '2025-02-10', 'Present', 1, '1-1');
INSERT INTO attendance (student_roll_no, date, status, subject_id, semester) VALUES ('23CIVIL169', '2025-02-11', 'Present', 1, '1-1');
INSERT INTO attendance (student_roll_no, date, status, subject_id, semester) VALUES ('23CIVIL169', '2025-02-12', 'Present', 1, '1-1');
INSERT INTO attendance (student_roll_no, date, status, subject_id, semester) VALUES ('23CIVIL169', '2025-02-13', 'Present', 1, '1-1');
INSERT INTO attendance (student_roll_no, date, status, subject_id, semester) VALUES ('23CIVIL169', '2025-02-14', 'Present', 1, '1-1');
INSERT INTO attendance (student_roll_no, date, status, subject_id, semester) VALUES ('23CIVIL169', '2025-02-15', 'Present', 1, '1-1');
INSERT INTO attendance (student_roll_no, date, status, subject_id, semester) VALUES ('23CIVIL169', '2025-02-16', 'Present', 1, '1-1');
INSERT INTO attendance (student_roll_no, date, status, subject_id, semester) VALUES ('23CIVIL169', '2025-02-17', 'Present', 1, '1-1');
INSERT INTO attendance (student_roll_no, date, status, subject_id, semester) VALUES ('23CIVIL169', '2025-02-18', 'Present', 1, '1-1');
INSERT INTO attendance (student_roll_no, date, status, subject_id, semester) VALUES ('23CIVIL169', '2025-02-19', 'Present', 1, '1-1');
INSERT INTO fees (student_roll_no, academic_year, tuition_fees, convener_fees, due_date, paid_fees) VALUES ('23CIVIL169', '2024-25', 50000, 15000, '2025-05-15', 30000);
INSERT INTO students (roll_no, admission_no, name, branch, section, year, gender, dob, religion, phone, email, aadhar, address, father_name, mother_name, parents_occupation, parents_mobile, annual_income, joining_date, photo_url, is_hosteller, password_hash) VALUES ('24MECH170', 'ADM24MECH170', 'Ramesh Das', 'MECH', 'B', 1, 'Male', '2005-06-08', 'Christian', '9848337803', '24mech170@nsrit.edu.in', '3359-7789-6513', 'H.No 47, Street 9, Visakhapatnam, AP', 'Gupta Divya', 'Priya Chowdary', 'Teacher', '9848337803', 789051, '2024-07-15', 'https://api.dicebear.com/7.x/avataaars/svg?seed=24MECH170', 1, 'scrypt:32768:8:1$ARD8iu2R30ZgOvjn$0c28fb2c347ac069a47026ad5d1f981cf505bbde11b1e3626b8a21147aa73e5d94d807b682b1299e2029c5c2f76884672524bbc1c3de85f345c28f406888dfe1');
INSERT INTO mentors (student_roll_no, teacher_id) VALUES ('24MECH170', 'TCH014');
INSERT INTO marks (student_roll_no, subject_id, grade, grade_point, credits) VALUES ('24MECH170', 1, 'A', 8, 4);
INSERT INTO internal_marks (student_roll_no, subject_id, mid1, mid2, online_tests, assignments) VALUES ('24MECH170', 1, 22, 18, 10, 5);
INSERT INTO marks (student_roll_no, subject_id, grade, grade_point, credits) VALUES ('24MECH170', 2, 'A+', 9, 4);
INSERT INTO internal_marks (student_roll_no, subject_id, mid1, mid2, online_tests, assignments) VALUES ('24MECH170', 2, 24, 25, 10, 5);
INSERT INTO marks (student_roll_no, subject_id, grade, grade_point, credits) VALUES ('24MECH170', 3, 'O', 10, 4);
INSERT INTO internal_marks (student_roll_no, subject_id, mid1, mid2, online_tests, assignments) VALUES ('24MECH170', 3, 15, 15, 10, 5);
INSERT INTO semester_results (student_roll_no, semester, sgpa, cgpa, total_credits, percentage) VALUES ('24MECH170',  '1-1', 8.5, 8.5,  11,  80.0);
INSERT INTO cgpa (student_roll_no, cgpa, total_credits, total_percentage) VALUES ('24MECH170', 8.5, 11, 80.0);
INSERT INTO attendance (student_roll_no, date, status, subject_id, semester) VALUES ('24MECH170', '2025-02-01', 'Present', 1, '1-1');
INSERT INTO attendance (student_roll_no, date, status, subject_id, semester) VALUES ('24MECH170', '2025-02-02', 'Present', 1, '1-1');
INSERT INTO attendance (student_roll_no, date, status, subject_id, semester) VALUES ('24MECH170', '2025-02-03', 'Present', 1, '1-1');
INSERT INTO attendance (student_roll_no, date, status, subject_id, semester) VALUES ('24MECH170', '2025-02-04', 'Present', 1, '1-1');
INSERT INTO attendance (student_roll_no, date, status, subject_id, semester) VALUES ('24MECH170', '2025-02-05', 'Absent', 1, '1-1');
INSERT INTO attendance (student_roll_no, date, status, subject_id, semester) VALUES ('24MECH170', '2025-02-06', 'Present', 1, '1-1');
INSERT INTO attendance (student_roll_no, date, status, subject_id, semester) VALUES ('24MECH170', '2025-02-07', 'Present', 1, '1-1');
INSERT INTO attendance (student_roll_no, date, status, subject_id, semester) VALUES ('24MECH170', '2025-02-08', 'Present', 1, '1-1');
INSERT INTO attendance (student_roll_no, date, status, subject_id, semester) VALUES ('24MECH170', '2025-02-09', 'Present', 1, '1-1');
INSERT INTO attendance (student_roll_no, date, status, subject_id, semester) VALUES ('24MECH170', '2025-02-10', 'Present', 1, '1-1');
INSERT INTO attendance (student_roll_no, date, status, subject_id, semester) VALUES ('24MECH170', '2025-02-11', 'Present', 1, '1-1');
INSERT INTO attendance (student_roll_no, date, status, subject_id, semester) VALUES ('24MECH170', '2025-02-12', 'Present', 1, '1-1');
INSERT INTO attendance (student_roll_no, date, status, subject_id, semester) VALUES ('24MECH170', '2025-02-13', 'Present', 1, '1-1');
INSERT INTO attendance (student_roll_no, date, status, subject_id, semester) VALUES ('24MECH170', '2025-02-14', 'Absent', 1, '1-1');
INSERT INTO attendance (student_roll_no, date, status, subject_id, semester) VALUES ('24MECH170', '2025-02-15', 'Present', 1, '1-1');
INSERT INTO attendance (student_roll_no, date, status, subject_id, semester) VALUES ('24MECH170', '2025-02-16', 'Present', 1, '1-1');
INSERT INTO attendance (student_roll_no, date, status, subject_id, semester) VALUES ('24MECH170', '2025-02-17', 'Present', 1, '1-1');
INSERT INTO attendance (student_roll_no, date, status, subject_id, semester) VALUES ('24MECH170', '2025-02-18', 'Present', 1, '1-1');
INSERT INTO attendance (student_roll_no, date, status, subject_id, semester) VALUES ('24MECH170', '2025-02-19', 'Present', 1, '1-1');
INSERT INTO fees (student_roll_no, academic_year, tuition_fees, convener_fees, due_date, paid_fees) VALUES ('24MECH170', '2024-25', 50000, 15000, '2025-05-15', 30000);
INSERT INTO outing_records (roll_number, date, reason) VALUES ('24MECH170', '2025-03-01', 'Weekend home');
INSERT INTO students (roll_no, admission_no, name, branch, section, year, gender, dob, religion, phone, email, aadhar, address, father_name, mother_name, parents_occupation, parents_mobile, annual_income, joining_date, photo_url, is_hosteller, password_hash) VALUES ('23CSE171', 'ADM23CSE171', 'Neha Mishra', 'CSE', 'C', 2, 'Female', '2005-03-18', 'Hindu', '9848998238', '23cse171@nsrit.edu.in', '6863-7893-3008', 'H.No 350, Street 8, Visakhapatnam, AP', 'Gupta Rakesh', 'Karthik Mishra', 'Engineer', '9848998238', 272578, '2023-07-15', 'https://api.dicebear.com/7.x/avataaars/svg?seed=23CSE171', 0, 'scrypt:32768:8:1$ARD8iu2R30ZgOvjn$0c28fb2c347ac069a47026ad5d1f981cf505bbde11b1e3626b8a21147aa73e5d94d807b682b1299e2029c5c2f76884672524bbc1c3de85f345c28f406888dfe1');
INSERT INTO mentors (student_roll_no, teacher_id) VALUES ('23CSE171', 'TCH001');
INSERT INTO marks (student_roll_no, subject_id, grade, grade_point, credits) VALUES ('23CSE171', 1, 'O', 10, 4);
INSERT INTO internal_marks (student_roll_no, subject_id, mid1, mid2, online_tests, assignments) VALUES ('23CSE171', 1, 15, 17, 10, 5);
INSERT INTO marks (student_roll_no, subject_id, grade, grade_point, credits) VALUES ('23CSE171', 2, 'B', 6, 4);
INSERT INTO internal_marks (student_roll_no, subject_id, mid1, mid2, online_tests, assignments) VALUES ('23CSE171', 2, 17, 16, 10, 5);
INSERT INTO marks (student_roll_no, subject_id, grade, grade_point, credits) VALUES ('23CSE171', 3, 'C', 5, 4);
INSERT INTO internal_marks (student_roll_no, subject_id, mid1, mid2, online_tests, assignments) VALUES ('23CSE171', 3, 20, 24, 10, 5);
INSERT INTO semester_results (student_roll_no, semester, sgpa, cgpa, total_credits, percentage) VALUES ('23CSE171',  '1-1', 8.5, 8.5,  11,  80.0);
INSERT INTO cgpa (student_roll_no, cgpa, total_credits, total_percentage) VALUES ('23CSE171', 8.5, 11, 80.0);
INSERT INTO attendance (student_roll_no, date, status, subject_id, semester) VALUES ('23CSE171', '2025-02-01', 'Present', 1, '1-1');
INSERT INTO attendance (student_roll_no, date, status, subject_id, semester) VALUES ('23CSE171', '2025-02-02', 'Present', 1, '1-1');
INSERT INTO attendance (student_roll_no, date, status, subject_id, semester) VALUES ('23CSE171', '2025-02-03', 'Present', 1, '1-1');
INSERT INTO attendance (student_roll_no, date, status, subject_id, semester) VALUES ('23CSE171', '2025-02-04', 'Present', 1, '1-1');
INSERT INTO attendance (student_roll_no, date, status, subject_id, semester) VALUES ('23CSE171', '2025-02-05', 'Present', 1, '1-1');
INSERT INTO attendance (student_roll_no, date, status, subject_id, semester) VALUES ('23CSE171', '2025-02-06', 'Present', 1, '1-1');
INSERT INTO attendance (student_roll_no, date, status, subject_id, semester) VALUES ('23CSE171', '2025-02-07', 'Present', 1, '1-1');
INSERT INTO attendance (student_roll_no, date, status, subject_id, semester) VALUES ('23CSE171', '2025-02-08', 'Absent', 1, '1-1');
INSERT INTO attendance (student_roll_no, date, status, subject_id, semester) VALUES ('23CSE171', '2025-02-09', 'Present', 1, '1-1');
INSERT INTO attendance (student_roll_no, date, status, subject_id, semester) VALUES ('23CSE171', '2025-02-10', 'Present', 1, '1-1');
INSERT INTO attendance (student_roll_no, date, status, subject_id, semester) VALUES ('23CSE171', '2025-02-11', 'Present', 1, '1-1');
INSERT INTO attendance (student_roll_no, date, status, subject_id, semester) VALUES ('23CSE171', '2025-02-12', 'Present', 1, '1-1');
INSERT INTO attendance (student_roll_no, date, status, subject_id, semester) VALUES ('23CSE171', '2025-02-13', 'Present', 1, '1-1');
INSERT INTO attendance (student_roll_no, date, status, subject_id, semester) VALUES ('23CSE171', '2025-02-14', 'Present', 1, '1-1');
INSERT INTO attendance (student_roll_no, date, status, subject_id, semester) VALUES ('23CSE171', '2025-02-15', 'Present', 1, '1-1');
INSERT INTO attendance (student_roll_no, date, status, subject_id, semester) VALUES ('23CSE171', '2025-02-16', 'Present', 1, '1-1');
INSERT INTO attendance (student_roll_no, date, status, subject_id, semester) VALUES ('23CSE171', '2025-02-17', 'Present', 1, '1-1');
INSERT INTO attendance (student_roll_no, date, status, subject_id, semester) VALUES ('23CSE171', '2025-02-18', 'Present', 1, '1-1');
INSERT INTO attendance (student_roll_no, date, status, subject_id, semester) VALUES ('23CSE171', '2025-02-19', 'Absent', 1, '1-1');
INSERT INTO fees (student_roll_no, academic_year, tuition_fees, convener_fees, due_date, paid_fees) VALUES ('23CSE171', '2024-25', 50000, 15000, '2025-05-15', 30000);
INSERT INTO students (roll_no, admission_no, name, branch, section, year, gender, dob, religion, phone, email, aadhar, address, father_name, mother_name, parents_occupation, parents_mobile, annual_income, joining_date, photo_url, is_hosteller, password_hash) VALUES ('24IT172', 'ADM24IT172', 'Naveen Naidu', 'IT', 'C', 1, 'Female', '2005-11-15', 'Muslim', '9848161651', '24it172@nsrit.edu.in', '9769-6246-4018', 'H.No 308, Street 18, Visakhapatnam, AP', 'Gupta Venkata', 'Anil Chowdary', 'Farmer', '9848161651', 935366, '2024-07-15', 'https://api.dicebear.com/7.x/avataaars/svg?seed=24IT172', 0, 'scrypt:32768:8:1$ARD8iu2R30ZgOvjn$0c28fb2c347ac069a47026ad5d1f981cf505bbde11b1e3626b8a21147aa73e5d94d807b682b1299e2029c5c2f76884672524bbc1c3de85f345c28f406888dfe1');
INSERT INTO mentors (student_roll_no, teacher_id) VALUES ('24IT172', 'TCH010');
INSERT INTO marks (student_roll_no, subject_id, grade, grade_point, credits) VALUES ('24IT172', 1, 'B+', 7, 4);
INSERT INTO internal_marks (student_roll_no, subject_id, mid1, mid2, online_tests, assignments) VALUES ('24IT172', 1, 17, 16, 10, 5);
INSERT INTO marks (student_roll_no, subject_id, grade, grade_point, credits) VALUES ('24IT172', 2, 'C', 5, 4);
INSERT INTO internal_marks (student_roll_no, subject_id, mid1, mid2, online_tests, assignments) VALUES ('24IT172', 2, 17, 16, 10, 5);
INSERT INTO marks (student_roll_no, subject_id, grade, grade_point, credits) VALUES ('24IT172', 3, 'B', 6, 4);
INSERT INTO internal_marks (student_roll_no, subject_id, mid1, mid2, online_tests, assignments) VALUES ('24IT172', 3, 19, 25, 10, 5);
INSERT INTO semester_results (student_roll_no, semester, sgpa, cgpa, total_credits, percentage) VALUES ('24IT172',  '1-1', 8.5, 8.5,  11,  80.0);
INSERT INTO cgpa (student_roll_no, cgpa, total_credits, total_percentage) VALUES ('24IT172', 8.5, 11, 80.0);
INSERT INTO attendance (student_roll_no, date, status, subject_id, semester) VALUES ('24IT172', '2025-02-01', 'Present', 1, '1-1');
INSERT INTO attendance (student_roll_no, date, status, subject_id, semester) VALUES ('24IT172', '2025-02-02', 'Present', 1, '1-1');
INSERT INTO attendance (student_roll_no, date, status, subject_id, semester) VALUES ('24IT172', '2025-02-03', 'Present', 1, '1-1');
INSERT INTO attendance (student_roll_no, date, status, subject_id, semester) VALUES ('24IT172', '2025-02-04', 'Present', 1, '1-1');
INSERT INTO attendance (student_roll_no, date, status, subject_id, semester) VALUES ('24IT172', '2025-02-05', 'Present', 1, '1-1');
INSERT INTO attendance (student_roll_no, date, status, subject_id, semester) VALUES ('24IT172', '2025-02-06', 'Present', 1, '1-1');
INSERT INTO attendance (student_roll_no, date, status, subject_id, semester) VALUES ('24IT172', '2025-02-07', 'Present', 1, '1-1');
INSERT INTO attendance (student_roll_no, date, status, subject_id, semester) VALUES ('24IT172', '2025-02-08', 'Present', 1, '1-1');
INSERT INTO attendance (student_roll_no, date, status, subject_id, semester) VALUES ('24IT172', '2025-02-09', 'Present', 1, '1-1');
INSERT INTO attendance (student_roll_no, date, status, subject_id, semester) VALUES ('24IT172', '2025-02-10', 'Present', 1, '1-1');
INSERT INTO attendance (student_roll_no, date, status, subject_id, semester) VALUES ('24IT172', '2025-02-11', 'Present', 1, '1-1');
INSERT INTO attendance (student_roll_no, date, status, subject_id, semester) VALUES ('24IT172', '2025-02-12', 'Present', 1, '1-1');
INSERT INTO attendance (student_roll_no, date, status, subject_id, semester) VALUES ('24IT172', '2025-02-13', 'Absent', 1, '1-1');
INSERT INTO attendance (student_roll_no, date, status, subject_id, semester) VALUES ('24IT172', '2025-02-14', 'Present', 1, '1-1');
INSERT INTO attendance (student_roll_no, date, status, subject_id, semester) VALUES ('24IT172', '2025-02-15', 'Present', 1, '1-1');
INSERT INTO attendance (student_roll_no, date, status, subject_id, semester) VALUES ('24IT172', '2025-02-16', 'Present', 1, '1-1');
INSERT INTO attendance (student_roll_no, date, status, subject_id, semester) VALUES ('24IT172', '2025-02-17', 'Present', 1, '1-1');
INSERT INTO attendance (student_roll_no, date, status, subject_id, semester) VALUES ('24IT172', '2025-02-18', 'Present', 1, '1-1');
INSERT INTO attendance (student_roll_no, date, status, subject_id, semester) VALUES ('24IT172', '2025-02-19', 'Present', 1, '1-1');
INSERT INTO fees (student_roll_no, academic_year, tuition_fees, convener_fees, due_date, paid_fees) VALUES ('24IT172', '2024-25', 50000, 15000, '2025-05-15', 30000);
INSERT INTO students (roll_no, admission_no, name, branch, section, year, gender, dob, religion, phone, email, aadhar, address, father_name, mother_name, parents_occupation, parents_mobile, annual_income, joining_date, photo_url, is_hosteller, password_hash) VALUES ('22CIVIL173', 'ADM22CIVIL173', 'Swathi Das', 'CIVIL', 'C', 3, 'Female', '2005-06-11', 'Sikh', '9848664296', '22civil173@nsrit.edu.in', '5796-4878-1594', 'H.No 462, Street 4, Visakhapatnam, AP', 'Patel Sanjana', 'Ravi Singh', 'Farmer', '9848664296', 657319, '2023-07-15', 'https://api.dicebear.com/7.x/avataaars/svg?seed=22CIVIL173', 0, 'scrypt:32768:8:1$ARD8iu2R30ZgOvjn$0c28fb2c347ac069a47026ad5d1f981cf505bbde11b1e3626b8a21147aa73e5d94d807b682b1299e2029c5c2f76884672524bbc1c3de85f345c28f406888dfe1');
INSERT INTO mentors (student_roll_no, teacher_id) VALUES ('22CIVIL173', 'TCH010');
INSERT INTO marks (student_roll_no, subject_id, grade, grade_point, credits) VALUES ('22CIVIL173', 1, 'C', 5, 4);
INSERT INTO internal_marks (student_roll_no, subject_id, mid1, mid2, online_tests, assignments) VALUES ('22CIVIL173', 1, 17, 16, 10, 5);
INSERT INTO marks (student_roll_no, subject_id, grade, grade_point, credits) VALUES ('22CIVIL173', 2, 'B+', 7, 4);
INSERT INTO internal_marks (student_roll_no, subject_id, mid1, mid2, online_tests, assignments) VALUES ('22CIVIL173', 2, 24, 15, 10, 5);
INSERT INTO marks (student_roll_no, subject_id, grade, grade_point, credits) VALUES ('22CIVIL173', 3, 'B', 6, 4);
INSERT INTO internal_marks (student_roll_no, subject_id, mid1, mid2, online_tests, assignments) VALUES ('22CIVIL173', 3, 16, 19, 10, 5);
INSERT INTO semester_results (student_roll_no, semester, sgpa, cgpa, total_credits, percentage) VALUES ('22CIVIL173',  '1-1', 8.5, 8.5,  11,  80.0);
INSERT INTO cgpa (student_roll_no, cgpa, total_credits, total_percentage) VALUES ('22CIVIL173', 8.5, 11, 80.0);
INSERT INTO attendance (student_roll_no, date, status, subject_id, semester) VALUES ('22CIVIL173', '2025-02-01', 'Present', 1, '1-1');
INSERT INTO attendance (student_roll_no, date, status, subject_id, semester) VALUES ('22CIVIL173', '2025-02-02', 'Present', 1, '1-1');
INSERT INTO attendance (student_roll_no, date, status, subject_id, semester) VALUES ('22CIVIL173', '2025-02-03', 'Present', 1, '1-1');
INSERT INTO attendance (student_roll_no, date, status, subject_id, semester) VALUES ('22CIVIL173', '2025-02-04', 'Present', 1, '1-1');
INSERT INTO attendance (student_roll_no, date, status, subject_id, semester) VALUES ('22CIVIL173', '2025-02-05', 'Present', 1, '1-1');
INSERT INTO attendance (student_roll_no, date, status, subject_id, semester) VALUES ('22CIVIL173', '2025-02-06', 'Present', 1, '1-1');
INSERT INTO attendance (student_roll_no, date, status, subject_id, semester) VALUES ('22CIVIL173', '2025-02-07', 'Present', 1, '1-1');
INSERT INTO attendance (student_roll_no, date, status, subject_id, semester) VALUES ('22CIVIL173', '2025-02-08', 'Present', 1, '1-1');
INSERT INTO attendance (student_roll_no, date, status, subject_id, semester) VALUES ('22CIVIL173', '2025-02-09', 'Present', 1, '1-1');
INSERT INTO attendance (student_roll_no, date, status, subject_id, semester) VALUES ('22CIVIL173', '2025-02-10', 'Present', 1, '1-1');
INSERT INTO attendance (student_roll_no, date, status, subject_id, semester) VALUES ('22CIVIL173', '2025-02-11', 'Absent', 1, '1-1');
INSERT INTO attendance (student_roll_no, date, status, subject_id, semester) VALUES ('22CIVIL173', '2025-02-12', 'Present', 1, '1-1');
INSERT INTO attendance (student_roll_no, date, status, subject_id, semester) VALUES ('22CIVIL173', '2025-02-13', 'Present', 1, '1-1');
INSERT INTO attendance (student_roll_no, date, status, subject_id, semester) VALUES ('22CIVIL173', '2025-02-14', 'Present', 1, '1-1');
INSERT INTO attendance (student_roll_no, date, status, subject_id, semester) VALUES ('22CIVIL173', '2025-02-15', 'Present', 1, '1-1');
INSERT INTO attendance (student_roll_no, date, status, subject_id, semester) VALUES ('22CIVIL173', '2025-02-16', 'Present', 1, '1-1');
INSERT INTO attendance (student_roll_no, date, status, subject_id, semester) VALUES ('22CIVIL173', '2025-02-17', 'Present', 1, '1-1');
INSERT INTO attendance (student_roll_no, date, status, subject_id, semester) VALUES ('22CIVIL173', '2025-02-18', 'Present', 1, '1-1');
INSERT INTO attendance (student_roll_no, date, status, subject_id, semester) VALUES ('22CIVIL173', '2025-02-19', 'Present', 1, '1-1');
INSERT INTO fees (student_roll_no, academic_year, tuition_fees, convener_fees, due_date, paid_fees) VALUES ('22CIVIL173', '2024-25', 50000, 15000, '2025-05-15', 30000);
INSERT INTO students (roll_no, admission_no, name, branch, section, year, gender, dob, religion, phone, email, aadhar, address, father_name, mother_name, parents_occupation, parents_mobile, annual_income, joining_date, photo_url, is_hosteller, password_hash) VALUES ('24CIVIL174', 'ADM24CIVIL174', 'Akhil Das', 'CIVIL', 'C', 1, 'Male', '2005-09-30', 'Sikh', '9848468376', '24civil174@nsrit.edu.in', '7014-1658-3767', 'H.No 214, Street 6, Visakhapatnam, AP', 'Mishra Anil', 'Praveen Varma', 'Engineer', '9848468376', 517440, '2024-07-15', 'https://api.dicebear.com/7.x/avataaars/svg?seed=24CIVIL174', 0, 'scrypt:32768:8:1$ARD8iu2R30ZgOvjn$0c28fb2c347ac069a47026ad5d1f981cf505bbde11b1e3626b8a21147aa73e5d94d807b682b1299e2029c5c2f76884672524bbc1c3de85f345c28f406888dfe1');
INSERT INTO mentors (student_roll_no, teacher_id) VALUES ('24CIVIL174', 'TCH002');
INSERT INTO marks (student_roll_no, subject_id, grade, grade_point, credits) VALUES ('24CIVIL174', 1, 'O', 10, 4);
INSERT INTO internal_marks (student_roll_no, subject_id, mid1, mid2, online_tests, assignments) VALUES ('24CIVIL174', 1, 25, 19, 10, 5);
INSERT INTO marks (student_roll_no, subject_id, grade, grade_point, credits) VALUES ('24CIVIL174', 2, 'B', 6, 4);
INSERT INTO internal_marks (student_roll_no, subject_id, mid1, mid2, online_tests, assignments) VALUES ('24CIVIL174', 2, 16, 24, 10, 5);
INSERT INTO marks (student_roll_no, subject_id, grade, grade_point, credits) VALUES ('24CIVIL174', 3, 'B', 6, 4);
INSERT INTO internal_marks (student_roll_no, subject_id, mid1, mid2, online_tests, assignments) VALUES ('24CIVIL174', 3, 22, 15, 10, 5);
INSERT INTO semester_results (student_roll_no, semester, sgpa, cgpa, total_credits, percentage) VALUES ('24CIVIL174',  '1-1', 8.5, 8.5,  11,  80.0);
INSERT INTO cgpa (student_roll_no, cgpa, total_credits, total_percentage) VALUES ('24CIVIL174', 8.5, 11, 80.0);
INSERT INTO attendance (student_roll_no, date, status, subject_id, semester) VALUES ('24CIVIL174', '2025-02-01', 'Present', 1, '1-1');
INSERT INTO attendance (student_roll_no, date, status, subject_id, semester) VALUES ('24CIVIL174', '2025-02-02', 'Present', 1, '1-1');
INSERT INTO attendance (student_roll_no, date, status, subject_id, semester) VALUES ('24CIVIL174', '2025-02-03', 'Present', 1, '1-1');
INSERT INTO attendance (student_roll_no, date, status, subject_id, semester) VALUES ('24CIVIL174', '2025-02-04', 'Present', 1, '1-1');
INSERT INTO attendance (student_roll_no, date, status, subject_id, semester) VALUES ('24CIVIL174', '2025-02-05', 'Present', 1, '1-1');
INSERT INTO attendance (student_roll_no, date, status, subject_id, semester) VALUES ('24CIVIL174', '2025-02-06', 'Present', 1, '1-1');
INSERT INTO attendance (student_roll_no, date, status, subject_id, semester) VALUES ('24CIVIL174', '2025-02-07', 'Present', 1, '1-1');
INSERT INTO attendance (student_roll_no, date, status, subject_id, semester) VALUES ('24CIVIL174', '2025-02-08', 'Present', 1, '1-1');
INSERT INTO attendance (student_roll_no, date, status, subject_id, semester) VALUES ('24CIVIL174', '2025-02-09', 'Present', 1, '1-1');
INSERT INTO attendance (student_roll_no, date, status, subject_id, semester) VALUES ('24CIVIL174', '2025-02-10', 'Present', 1, '1-1');
INSERT INTO attendance (student_roll_no, date, status, subject_id, semester) VALUES ('24CIVIL174', '2025-02-11', 'Present', 1, '1-1');
INSERT INTO attendance (student_roll_no, date, status, subject_id, semester) VALUES ('24CIVIL174', '2025-02-12', 'Present', 1, '1-1');
INSERT INTO attendance (student_roll_no, date, status, subject_id, semester) VALUES ('24CIVIL174', '2025-02-13', 'Present', 1, '1-1');
INSERT INTO attendance (student_roll_no, date, status, subject_id, semester) VALUES ('24CIVIL174', '2025-02-14', 'Present', 1, '1-1');
INSERT INTO attendance (student_roll_no, date, status, subject_id, semester) VALUES ('24CIVIL174', '2025-02-15', 'Present', 1, '1-1');
INSERT INTO attendance (student_roll_no, date, status, subject_id, semester) VALUES ('24CIVIL174', '2025-02-16', 'Present', 1, '1-1');
INSERT INTO attendance (student_roll_no, date, status, subject_id, semester) VALUES ('24CIVIL174', '2025-02-17', 'Present', 1, '1-1');
INSERT INTO attendance (student_roll_no, date, status, subject_id, semester) VALUES ('24CIVIL174', '2025-02-18', 'Absent', 1, '1-1');
INSERT INTO attendance (student_roll_no, date, status, subject_id, semester) VALUES ('24CIVIL174', '2025-02-19', 'Present', 1, '1-1');
INSERT INTO fees (student_roll_no, academic_year, tuition_fees, convener_fees, due_date, paid_fees) VALUES ('24CIVIL174', '2024-25', 50000, 15000, '2025-05-15', 30000);
INSERT INTO students (roll_no, admission_no, name, branch, section, year, gender, dob, religion, phone, email, aadhar, address, father_name, mother_name, parents_occupation, parents_mobile, annual_income, joining_date, photo_url, is_hosteller, password_hash) VALUES ('24CIVIL175', 'ADM24CIVIL175', 'Karthik Naidu', 'CIVIL', 'C', 1, 'Male', '2005-12-01', 'Sikh', '9848238330', '24civil175@nsrit.edu.in', '9027-2524-5680', 'H.No 244, Street 8, Visakhapatnam, AP', 'Rao Sanjana', 'Rahul Naidu', 'Doctor', '9848238330', 465137, '2024-07-15', 'https://api.dicebear.com/7.x/avataaars/svg?seed=24CIVIL175', 1, 'scrypt:32768:8:1$ARD8iu2R30ZgOvjn$0c28fb2c347ac069a47026ad5d1f981cf505bbde11b1e3626b8a21147aa73e5d94d807b682b1299e2029c5c2f76884672524bbc1c3de85f345c28f406888dfe1');
INSERT INTO mentors (student_roll_no, teacher_id) VALUES ('24CIVIL175', 'TCH007');
INSERT INTO marks (student_roll_no, subject_id, grade, grade_point, credits) VALUES ('24CIVIL175', 1, 'A', 8, 4);
INSERT INTO internal_marks (student_roll_no, subject_id, mid1, mid2, online_tests, assignments) VALUES ('24CIVIL175', 1, 18, 19, 10, 5);
INSERT INTO marks (student_roll_no, subject_id, grade, grade_point, credits) VALUES ('24CIVIL175', 2, 'B+', 7, 4);
INSERT INTO internal_marks (student_roll_no, subject_id, mid1, mid2, online_tests, assignments) VALUES ('24CIVIL175', 2, 25, 23, 10, 5);
INSERT INTO marks (student_roll_no, subject_id, grade, grade_point, credits) VALUES ('24CIVIL175', 3, 'C', 5, 4);
INSERT INTO internal_marks (student_roll_no, subject_id, mid1, mid2, online_tests, assignments) VALUES ('24CIVIL175', 3, 16, 23, 10, 5);
INSERT INTO semester_results (student_roll_no, semester, sgpa, cgpa, total_credits, percentage) VALUES ('24CIVIL175',  '1-1', 8.5, 8.5,  11,  80.0);
INSERT INTO cgpa (student_roll_no, cgpa, total_credits, total_percentage) VALUES ('24CIVIL175', 8.5, 11, 80.0);
INSERT INTO attendance (student_roll_no, date, status, subject_id, semester) VALUES ('24CIVIL175', '2025-02-01', 'Present', 1, '1-1');
INSERT INTO attendance (student_roll_no, date, status, subject_id, semester) VALUES ('24CIVIL175', '2025-02-02', 'Present', 1, '1-1');
INSERT INTO attendance (student_roll_no, date, status, subject_id, semester) VALUES ('24CIVIL175', '2025-02-03', 'Absent', 1, '1-1');
INSERT INTO attendance (student_roll_no, date, status, subject_id, semester) VALUES ('24CIVIL175', '2025-02-04', 'Present', 1, '1-1');
INSERT INTO attendance (student_roll_no, date, status, subject_id, semester) VALUES ('24CIVIL175', '2025-02-05', 'Present', 1, '1-1');
INSERT INTO attendance (student_roll_no, date, status, subject_id, semester) VALUES ('24CIVIL175', '2025-02-06', 'Present', 1, '1-1');
INSERT INTO attendance (student_roll_no, date, status, subject_id, semester) VALUES ('24CIVIL175', '2025-02-07', 'Absent', 1, '1-1');
INSERT INTO attendance (student_roll_no, date, status, subject_id, semester) VALUES ('24CIVIL175', '2025-02-08', 'Present', 1, '1-1');
INSERT INTO attendance (student_roll_no, date, status, subject_id, semester) VALUES ('24CIVIL175', '2025-02-09', 'Present', 1, '1-1');
INSERT INTO attendance (student_roll_no, date, status, subject_id, semester) VALUES ('24CIVIL175', '2025-02-10', 'Present', 1, '1-1');
INSERT INTO attendance (student_roll_no, date, status, subject_id, semester) VALUES ('24CIVIL175', '2025-02-11', 'Present', 1, '1-1');
INSERT INTO attendance (student_roll_no, date, status, subject_id, semester) VALUES ('24CIVIL175', '2025-02-12', 'Present', 1, '1-1');
INSERT INTO attendance (student_roll_no, date, status, subject_id, semester) VALUES ('24CIVIL175', '2025-02-13', 'Present', 1, '1-1');
INSERT INTO attendance (student_roll_no, date, status, subject_id, semester) VALUES ('24CIVIL175', '2025-02-14', 'Present', 1, '1-1');
INSERT INTO attendance (student_roll_no, date, status, subject_id, semester) VALUES ('24CIVIL175', '2025-02-15', 'Present', 1, '1-1');
INSERT INTO attendance (student_roll_no, date, status, subject_id, semester) VALUES ('24CIVIL175', '2025-02-16', 'Present', 1, '1-1');
INSERT INTO attendance (student_roll_no, date, status, subject_id, semester) VALUES ('24CIVIL175', '2025-02-17', 'Present', 1, '1-1');
INSERT INTO attendance (student_roll_no, date, status, subject_id, semester) VALUES ('24CIVIL175', '2025-02-18', 'Present', 1, '1-1');
INSERT INTO attendance (student_roll_no, date, status, subject_id, semester) VALUES ('24CIVIL175', '2025-02-19', 'Present', 1, '1-1');
INSERT INTO fees (student_roll_no, academic_year, tuition_fees, convener_fees, due_date, paid_fees) VALUES ('24CIVIL175', '2024-25', 50000, 15000, '2025-05-15', 30000);
INSERT INTO outing_records (roll_number, date, reason) VALUES ('24CIVIL175', '2025-03-01', 'Weekend home');
INSERT INTO students (roll_no, admission_no, name, branch, section, year, gender, dob, religion, phone, email, aadhar, address, father_name, mother_name, parents_occupation, parents_mobile, annual_income, joining_date, photo_url, is_hosteller, password_hash) VALUES ('21CSE176', 'ADM21CSE176', 'Lakshmi Chowdary', 'CSE', 'C', 4, 'Female', '2005-05-02', 'Hindu', '9848665674', '21cse176@nsrit.edu.in', '5995-3611-8976', 'H.No 195, Street 20, Visakhapatnam, AP', 'Naidu Venkata', 'Naveen Singh', 'Teacher', '9848665674', 595866, '2023-07-15', 'https://api.dicebear.com/7.x/avataaars/svg?seed=21CSE176', 0, 'scrypt:32768:8:1$ARD8iu2R30ZgOvjn$0c28fb2c347ac069a47026ad5d1f981cf505bbde11b1e3626b8a21147aa73e5d94d807b682b1299e2029c5c2f76884672524bbc1c3de85f345c28f406888dfe1');
INSERT INTO mentors (student_roll_no, teacher_id) VALUES ('21CSE176', 'TCH010');
INSERT INTO marks (student_roll_no, subject_id, grade, grade_point, credits) VALUES ('21CSE176', 1, 'A', 8, 4);
INSERT INTO internal_marks (student_roll_no, subject_id, mid1, mid2, online_tests, assignments) VALUES ('21CSE176', 1, 15, 21, 10, 5);
INSERT INTO marks (student_roll_no, subject_id, grade, grade_point, credits) VALUES ('21CSE176', 2, 'B', 6, 4);
INSERT INTO internal_marks (student_roll_no, subject_id, mid1, mid2, online_tests, assignments) VALUES ('21CSE176', 2, 17, 22, 10, 5);
INSERT INTO marks (student_roll_no, subject_id, grade, grade_point, credits) VALUES ('21CSE176', 3, 'A', 8, 4);
INSERT INTO internal_marks (student_roll_no, subject_id, mid1, mid2, online_tests, assignments) VALUES ('21CSE176', 3, 19, 21, 10, 5);
INSERT INTO semester_results (student_roll_no, semester, sgpa, cgpa, total_credits, percentage) VALUES ('21CSE176',  '1-1', 8.5, 8.5,  11,  80.0);
INSERT INTO cgpa (student_roll_no, cgpa, total_credits, total_percentage) VALUES ('21CSE176', 8.5, 11, 80.0);
INSERT INTO attendance (student_roll_no, date, status, subject_id, semester) VALUES ('21CSE176', '2025-02-01', 'Present', 1, '1-1');
INSERT INTO attendance (student_roll_no, date, status, subject_id, semester) VALUES ('21CSE176', '2025-02-02', 'Present', 1, '1-1');
INSERT INTO attendance (student_roll_no, date, status, subject_id, semester) VALUES ('21CSE176', '2025-02-03', 'Present', 1, '1-1');
INSERT INTO attendance (student_roll_no, date, status, subject_id, semester) VALUES ('21CSE176', '2025-02-04', 'Present', 1, '1-1');
INSERT INTO attendance (student_roll_no, date, status, subject_id, semester) VALUES ('21CSE176', '2025-02-05', 'Present', 1, '1-1');
INSERT INTO attendance (student_roll_no, date, status, subject_id, semester) VALUES ('21CSE176', '2025-02-06', 'Present', 1, '1-1');
INSERT INTO attendance (student_roll_no, date, status, subject_id, semester) VALUES ('21CSE176', '2025-02-07', 'Present', 1, '1-1');
INSERT INTO attendance (student_roll_no, date, status, subject_id, semester) VALUES ('21CSE176', '2025-02-08', 'Present', 1, '1-1');
INSERT INTO attendance (student_roll_no, date, status, subject_id, semester) VALUES ('21CSE176', '2025-02-09', 'Present', 1, '1-1');
INSERT INTO attendance (student_roll_no, date, status, subject_id, semester) VALUES ('21CSE176', '2025-02-10', 'Present', 1, '1-1');
INSERT INTO attendance (student_roll_no, date, status, subject_id, semester) VALUES ('21CSE176', '2025-02-11', 'Present', 1, '1-1');
INSERT INTO attendance (student_roll_no, date, status, subject_id, semester) VALUES ('21CSE176', '2025-02-12', 'Present', 1, '1-1');
INSERT INTO attendance (student_roll_no, date, status, subject_id, semester) VALUES ('21CSE176', '2025-02-13', 'Present', 1, '1-1');
INSERT INTO attendance (student_roll_no, date, status, subject_id, semester) VALUES ('21CSE176', '2025-02-14', 'Present', 1, '1-1');
INSERT INTO attendance (student_roll_no, date, status, subject_id, semester) VALUES ('21CSE176', '2025-02-15', 'Present', 1, '1-1');
INSERT INTO attendance (student_roll_no, date, status, subject_id, semester) VALUES ('21CSE176', '2025-02-16', 'Present', 1, '1-1');
INSERT INTO attendance (student_roll_no, date, status, subject_id, semester) VALUES ('21CSE176', '2025-02-17', 'Present', 1, '1-1');
INSERT INTO attendance (student_roll_no, date, status, subject_id, semester) VALUES ('21CSE176', '2025-02-18', 'Absent', 1, '1-1');
INSERT INTO attendance (student_roll_no, date, status, subject_id, semester) VALUES ('21CSE176', '2025-02-19', 'Present', 1, '1-1');
INSERT INTO fees (student_roll_no, academic_year, tuition_fees, convener_fees, due_date, paid_fees) VALUES ('21CSE176', '2024-25', 50000, 15000, '2025-05-15', 30000);
INSERT INTO students (roll_no, admission_no, name, branch, section, year, gender, dob, religion, phone, email, aadhar, address, father_name, mother_name, parents_occupation, parents_mobile, annual_income, joining_date, photo_url, is_hosteller, password_hash) VALUES ('24IT177', 'ADM24IT177', 'Kiran Kumar', 'IT', 'B', 1, 'Male', '2005-03-27', 'Sikh', '9848268544', '24it177@nsrit.edu.in', '5974-5482-7690', 'H.No 163, Street 13, Visakhapatnam, AP', 'Goud Divya', 'Gayathri Naidu', 'Business', '9848268544', 678698, '2024-07-15', 'https://api.dicebear.com/7.x/avataaars/svg?seed=24IT177', 0, 'scrypt:32768:8:1$ARD8iu2R30ZgOvjn$0c28fb2c347ac069a47026ad5d1f981cf505bbde11b1e3626b8a21147aa73e5d94d807b682b1299e2029c5c2f76884672524bbc1c3de85f345c28f406888dfe1');
INSERT INTO mentors (student_roll_no, teacher_id) VALUES ('24IT177', 'TCH002');
INSERT INTO marks (student_roll_no, subject_id, grade, grade_point, credits) VALUES ('24IT177', 1, 'A', 8, 4);
INSERT INTO internal_marks (student_roll_no, subject_id, mid1, mid2, online_tests, assignments) VALUES ('24IT177', 1, 18, 23, 10, 5);
INSERT INTO marks (student_roll_no, subject_id, grade, grade_point, credits) VALUES ('24IT177', 2, 'A+', 9, 4);
INSERT INTO internal_marks (student_roll_no, subject_id, mid1, mid2, online_tests, assignments) VALUES ('24IT177', 2, 25, 16, 10, 5);
INSERT INTO marks (student_roll_no, subject_id, grade, grade_point, credits) VALUES ('24IT177', 3, 'C', 5, 4);
INSERT INTO internal_marks (student_roll_no, subject_id, mid1, mid2, online_tests, assignments) VALUES ('24IT177', 3, 19, 16, 10, 5);
INSERT INTO semester_results (student_roll_no, semester, sgpa, cgpa, total_credits, percentage) VALUES ('24IT177',  '1-1', 8.5, 8.5,  11,  80.0);
INSERT INTO cgpa (student_roll_no, cgpa, total_credits, total_percentage) VALUES ('24IT177', 8.5, 11, 80.0);
INSERT INTO attendance (student_roll_no, date, status, subject_id, semester) VALUES ('24IT177', '2025-02-01', 'Present', 1, '1-1');
INSERT INTO attendance (student_roll_no, date, status, subject_id, semester) VALUES ('24IT177', '2025-02-02', 'Present', 1, '1-1');
INSERT INTO attendance (student_roll_no, date, status, subject_id, semester) VALUES ('24IT177', '2025-02-03', 'Present', 1, '1-1');
INSERT INTO attendance (student_roll_no, date, status, subject_id, semester) VALUES ('24IT177', '2025-02-04', 'Present', 1, '1-1');
INSERT INTO attendance (student_roll_no, date, status, subject_id, semester) VALUES ('24IT177', '2025-02-05', 'Present', 1, '1-1');
INSERT INTO attendance (student_roll_no, date, status, subject_id, semester) VALUES ('24IT177', '2025-02-06', 'Present', 1, '1-1');
INSERT INTO attendance (student_roll_no, date, status, subject_id, semester) VALUES ('24IT177', '2025-02-07', 'Present', 1, '1-1');
INSERT INTO attendance (student_roll_no, date, status, subject_id, semester) VALUES ('24IT177', '2025-02-08', 'Present', 1, '1-1');
INSERT INTO attendance (student_roll_no, date, status, subject_id, semester) VALUES ('24IT177', '2025-02-09', 'Present', 1, '1-1');
INSERT INTO attendance (student_roll_no, date, status, subject_id, semester) VALUES ('24IT177', '2025-02-10', 'Present', 1, '1-1');
INSERT INTO attendance (student_roll_no, date, status, subject_id, semester) VALUES ('24IT177', '2025-02-11', 'Absent', 1, '1-1');
INSERT INTO attendance (student_roll_no, date, status, subject_id, semester) VALUES ('24IT177', '2025-02-12', 'Present', 1, '1-1');
INSERT INTO attendance (student_roll_no, date, status, subject_id, semester) VALUES ('24IT177', '2025-02-13', 'Present', 1, '1-1');
INSERT INTO attendance (student_roll_no, date, status, subject_id, semester) VALUES ('24IT177', '2025-02-14', 'Present', 1, '1-1');
INSERT INTO attendance (student_roll_no, date, status, subject_id, semester) VALUES ('24IT177', '2025-02-15', 'Present', 1, '1-1');
INSERT INTO attendance (student_roll_no, date, status, subject_id, semester) VALUES ('24IT177', '2025-02-16', 'Present', 1, '1-1');
INSERT INTO attendance (student_roll_no, date, status, subject_id, semester) VALUES ('24IT177', '2025-02-17', 'Present', 1, '1-1');
INSERT INTO attendance (student_roll_no, date, status, subject_id, semester) VALUES ('24IT177', '2025-02-18', 'Present', 1, '1-1');
INSERT INTO attendance (student_roll_no, date, status, subject_id, semester) VALUES ('24IT177', '2025-02-19', 'Present', 1, '1-1');
INSERT INTO fees (student_roll_no, academic_year, tuition_fees, convener_fees, due_date, paid_fees) VALUES ('24IT177', '2024-25', 50000, 15000, '2025-05-15', 30000);
INSERT INTO students (roll_no, admission_no, name, branch, section, year, gender, dob, religion, phone, email, aadhar, address, father_name, mother_name, parents_occupation, parents_mobile, annual_income, joining_date, photo_url, is_hosteller, password_hash) VALUES ('22EEE178', 'ADM22EEE178', 'Rahul Mishra', 'EEE', 'C', 3, 'Female', '2005-01-05', 'Sikh', '9848115434', '22eee178@nsrit.edu.in', '1982-1627-3948', 'H.No 26, Street 18, Visakhapatnam, AP', 'Varma Sanjana', 'Akhil Mishra', 'Farmer', '9848115434', 591503, '2023-07-15', 'https://api.dicebear.com/7.x/avataaars/svg?seed=22EEE178', 0, 'scrypt:32768:8:1$ARD8iu2R30ZgOvjn$0c28fb2c347ac069a47026ad5d1f981cf505bbde11b1e3626b8a21147aa73e5d94d807b682b1299e2029c5c2f76884672524bbc1c3de85f345c28f406888dfe1');
INSERT INTO mentors (student_roll_no, teacher_id) VALUES ('22EEE178', 'TCH014');
INSERT INTO marks (student_roll_no, subject_id, grade, grade_point, credits) VALUES ('22EEE178', 1, 'A+', 9, 4);
INSERT INTO internal_marks (student_roll_no, subject_id, mid1, mid2, online_tests, assignments) VALUES ('22EEE178', 1, 21, 23, 10, 5);
INSERT INTO marks (student_roll_no, subject_id, grade, grade_point, credits) VALUES ('22EEE178', 2, 'B', 6, 4);
INSERT INTO internal_marks (student_roll_no, subject_id, mid1, mid2, online_tests, assignments) VALUES ('22EEE178', 2, 24, 23, 10, 5);
INSERT INTO marks (student_roll_no, subject_id, grade, grade_point, credits) VALUES ('22EEE178', 3, 'O', 10, 4);
INSERT INTO internal_marks (student_roll_no, subject_id, mid1, mid2, online_tests, assignments) VALUES ('22EEE178', 3, 18, 19, 10, 5);
INSERT INTO semester_results (student_roll_no, semester, sgpa, cgpa, total_credits, percentage) VALUES ('22EEE178',  '1-1', 8.5, 8.5,  11,  80.0);
INSERT INTO cgpa (student_roll_no, cgpa, total_credits, total_percentage) VALUES ('22EEE178', 8.5, 11, 80.0);
INSERT INTO attendance (student_roll_no, date, status, subject_id, semester) VALUES ('22EEE178', '2025-02-01', 'Present', 1, '1-1');
INSERT INTO attendance (student_roll_no, date, status, subject_id, semester) VALUES ('22EEE178', '2025-02-02', 'Present', 1, '1-1');
INSERT INTO attendance (student_roll_no, date, status, subject_id, semester) VALUES ('22EEE178', '2025-02-03', 'Present', 1, '1-1');
INSERT INTO attendance (student_roll_no, date, status, subject_id, semester) VALUES ('22EEE178', '2025-02-04', 'Present', 1, '1-1');
INSERT INTO attendance (student_roll_no, date, status, subject_id, semester) VALUES ('22EEE178', '2025-02-05', 'Present', 1, '1-1');
INSERT INTO attendance (student_roll_no, date, status, subject_id, semester) VALUES ('22EEE178', '2025-02-06', 'Present', 1, '1-1');
INSERT INTO attendance (student_roll_no, date, status, subject_id, semester) VALUES ('22EEE178', '2025-02-07', 'Present', 1, '1-1');
INSERT INTO attendance (student_roll_no, date, status, subject_id, semester) VALUES ('22EEE178', '2025-02-08', 'Absent', 1, '1-1');
INSERT INTO attendance (student_roll_no, date, status, subject_id, semester) VALUES ('22EEE178', '2025-02-09', 'Absent', 1, '1-1');
INSERT INTO attendance (student_roll_no, date, status, subject_id, semester) VALUES ('22EEE178', '2025-02-10', 'Present', 1, '1-1');
INSERT INTO attendance (student_roll_no, date, status, subject_id, semester) VALUES ('22EEE178', '2025-02-11', 'Present', 1, '1-1');
INSERT INTO attendance (student_roll_no, date, status, subject_id, semester) VALUES ('22EEE178', '2025-02-12', 'Present', 1, '1-1');
INSERT INTO attendance (student_roll_no, date, status, subject_id, semester) VALUES ('22EEE178', '2025-02-13', 'Present', 1, '1-1');
INSERT INTO attendance (student_roll_no, date, status, subject_id, semester) VALUES ('22EEE178', '2025-02-14', 'Present', 1, '1-1');
INSERT INTO attendance (student_roll_no, date, status, subject_id, semester) VALUES ('22EEE178', '2025-02-15', 'Present', 1, '1-1');
INSERT INTO attendance (student_roll_no, date, status, subject_id, semester) VALUES ('22EEE178', '2025-02-16', 'Absent', 1, '1-1');
INSERT INTO attendance (student_roll_no, date, status, subject_id, semester) VALUES ('22EEE178', '2025-02-17', 'Present', 1, '1-1');
INSERT INTO attendance (student_roll_no, date, status, subject_id, semester) VALUES ('22EEE178', '2025-02-18', 'Present', 1, '1-1');
INSERT INTO attendance (student_roll_no, date, status, subject_id, semester) VALUES ('22EEE178', '2025-02-19', 'Present', 1, '1-1');
INSERT INTO fees (student_roll_no, academic_year, tuition_fees, convener_fees, due_date, paid_fees) VALUES ('22EEE178', '2024-25', 50000, 15000, '2025-05-15', 30000);
INSERT INTO students (roll_no, admission_no, name, branch, section, year, gender, dob, religion, phone, email, aadhar, address, father_name, mother_name, parents_occupation, parents_mobile, annual_income, joining_date, photo_url, is_hosteller, password_hash) VALUES ('23CSE179', 'ADM23CSE179', 'Rahul Rao', 'CSE', 'B', 2, 'Male', '2005-02-11', 'Christian', '9848504769', '23cse179@nsrit.edu.in', '7292-4387-3522', 'H.No 369, Street 2, Visakhapatnam, AP', 'Kumar Rahul', 'Rakesh Das', 'Doctor', '9848504769', 291708, '2023-07-15', 'https://api.dicebear.com/7.x/avataaars/svg?seed=23CSE179', 0, 'scrypt:32768:8:1$ARD8iu2R30ZgOvjn$0c28fb2c347ac069a47026ad5d1f981cf505bbde11b1e3626b8a21147aa73e5d94d807b682b1299e2029c5c2f76884672524bbc1c3de85f345c28f406888dfe1');
INSERT INTO mentors (student_roll_no, teacher_id) VALUES ('23CSE179', 'TCH001');
INSERT INTO marks (student_roll_no, subject_id, grade, grade_point, credits) VALUES ('23CSE179', 1, 'B', 6, 4);
INSERT INTO internal_marks (student_roll_no, subject_id, mid1, mid2, online_tests, assignments) VALUES ('23CSE179', 1, 24, 22, 10, 5);
INSERT INTO marks (student_roll_no, subject_id, grade, grade_point, credits) VALUES ('23CSE179', 2, 'A', 8, 4);
INSERT INTO internal_marks (student_roll_no, subject_id, mid1, mid2, online_tests, assignments) VALUES ('23CSE179', 2, 18, 15, 10, 5);
INSERT INTO marks (student_roll_no, subject_id, grade, grade_point, credits) VALUES ('23CSE179', 3, 'B', 6, 4);
INSERT INTO internal_marks (student_roll_no, subject_id, mid1, mid2, online_tests, assignments) VALUES ('23CSE179', 3, 18, 22, 10, 5);
INSERT INTO semester_results (student_roll_no, semester, sgpa, cgpa, total_credits, percentage) VALUES ('23CSE179',  '1-1', 8.5, 8.5,  11,  80.0);
INSERT INTO cgpa (student_roll_no, cgpa, total_credits, total_percentage) VALUES ('23CSE179', 8.5, 11, 80.0);
INSERT INTO attendance (student_roll_no, date, status, subject_id, semester) VALUES ('23CSE179', '2025-02-01', 'Absent', 1, '1-1');
INSERT INTO attendance (student_roll_no, date, status, subject_id, semester) VALUES ('23CSE179', '2025-02-02', 'Present', 1, '1-1');
INSERT INTO attendance (student_roll_no, date, status, subject_id, semester) VALUES ('23CSE179', '2025-02-03', 'Absent', 1, '1-1');
INSERT INTO attendance (student_roll_no, date, status, subject_id, semester) VALUES ('23CSE179', '2025-02-04', 'Present', 1, '1-1');
INSERT INTO attendance (student_roll_no, date, status, subject_id, semester) VALUES ('23CSE179', '2025-02-05', 'Present', 1, '1-1');
INSERT INTO attendance (student_roll_no, date, status, subject_id, semester) VALUES ('23CSE179', '2025-02-06', 'Present', 1, '1-1');
INSERT INTO attendance (student_roll_no, date, status, subject_id, semester) VALUES ('23CSE179', '2025-02-07', 'Present', 1, '1-1');
INSERT INTO attendance (student_roll_no, date, status, subject_id, semester) VALUES ('23CSE179', '2025-02-08', 'Present', 1, '1-1');
INSERT INTO attendance (student_roll_no, date, status, subject_id, semester) VALUES ('23CSE179', '2025-02-09', 'Present', 1, '1-1');
INSERT INTO attendance (student_roll_no, date, status, subject_id, semester) VALUES ('23CSE179', '2025-02-10', 'Present', 1, '1-1');
INSERT INTO attendance (student_roll_no, date, status, subject_id, semester) VALUES ('23CSE179', '2025-02-11', 'Present', 1, '1-1');
INSERT INTO attendance (student_roll_no, date, status, subject_id, semester) VALUES ('23CSE179', '2025-02-12', 'Present', 1, '1-1');
INSERT INTO attendance (student_roll_no, date, status, subject_id, semester) VALUES ('23CSE179', '2025-02-13', 'Present', 1, '1-1');
INSERT INTO attendance (student_roll_no, date, status, subject_id, semester) VALUES ('23CSE179', '2025-02-14', 'Absent', 1, '1-1');
INSERT INTO attendance (student_roll_no, date, status, subject_id, semester) VALUES ('23CSE179', '2025-02-15', 'Present', 1, '1-1');
INSERT INTO attendance (student_roll_no, date, status, subject_id, semester) VALUES ('23CSE179', '2025-02-16', 'Absent', 1, '1-1');
INSERT INTO attendance (student_roll_no, date, status, subject_id, semester) VALUES ('23CSE179', '2025-02-17', 'Present', 1, '1-1');
INSERT INTO attendance (student_roll_no, date, status, subject_id, semester) VALUES ('23CSE179', '2025-02-18', 'Present', 1, '1-1');
INSERT INTO attendance (student_roll_no, date, status, subject_id, semester) VALUES ('23CSE179', '2025-02-19', 'Present', 1, '1-1');
INSERT INTO fees (student_roll_no, academic_year, tuition_fees, convener_fees, due_date, paid_fees) VALUES ('23CSE179', '2024-25', 50000, 15000, '2025-05-15', 30000);
INSERT INTO students (roll_no, admission_no, name, branch, section, year, gender, dob, religion, phone, email, aadhar, address, father_name, mother_name, parents_occupation, parents_mobile, annual_income, joining_date, photo_url, is_hosteller, password_hash) VALUES ('21ECE180', 'ADM21ECE180', 'Sowmya Das', 'ECE', 'B', 4, 'Female', '2005-11-03', 'Sikh', '9848555976', '21ece180@nsrit.edu.in', '2062-7218-7592', 'H.No 321, Street 19, Visakhapatnam, AP', 'Kumar Ramesh', 'Praveen Rao', 'Engineer', '9848555976', 968940, '2023-07-15', 'https://api.dicebear.com/7.x/avataaars/svg?seed=21ECE180', 1, 'scrypt:32768:8:1$ARD8iu2R30ZgOvjn$0c28fb2c347ac069a47026ad5d1f981cf505bbde11b1e3626b8a21147aa73e5d94d807b682b1299e2029c5c2f76884672524bbc1c3de85f345c28f406888dfe1');
INSERT INTO mentors (student_roll_no, teacher_id) VALUES ('21ECE180', 'TCH009');
INSERT INTO marks (student_roll_no, subject_id, grade, grade_point, credits) VALUES ('21ECE180', 1, 'B+', 7, 4);
INSERT INTO internal_marks (student_roll_no, subject_id, mid1, mid2, online_tests, assignments) VALUES ('21ECE180', 1, 21, 24, 10, 5);
INSERT INTO marks (student_roll_no, subject_id, grade, grade_point, credits) VALUES ('21ECE180', 2, 'O', 10, 4);
INSERT INTO internal_marks (student_roll_no, subject_id, mid1, mid2, online_tests, assignments) VALUES ('21ECE180', 2, 23, 23, 10, 5);
INSERT INTO marks (student_roll_no, subject_id, grade, grade_point, credits) VALUES ('21ECE180', 3, 'A+', 9, 4);
INSERT INTO internal_marks (student_roll_no, subject_id, mid1, mid2, online_tests, assignments) VALUES ('21ECE180', 3, 24, 25, 10, 5);
INSERT INTO semester_results (student_roll_no, semester, sgpa, cgpa, total_credits, percentage) VALUES ('21ECE180',  '1-1', 8.5, 8.5,  11,  80.0);
INSERT INTO cgpa (student_roll_no, cgpa, total_credits, total_percentage) VALUES ('21ECE180', 8.5, 11, 80.0);
INSERT INTO attendance (student_roll_no, date, status, subject_id, semester) VALUES ('21ECE180', '2025-02-01', 'Present', 1, '1-1');
INSERT INTO attendance (student_roll_no, date, status, subject_id, semester) VALUES ('21ECE180', '2025-02-02', 'Present', 1, '1-1');
INSERT INTO attendance (student_roll_no, date, status, subject_id, semester) VALUES ('21ECE180', '2025-02-03', 'Present', 1, '1-1');
INSERT INTO attendance (student_roll_no, date, status, subject_id, semester) VALUES ('21ECE180', '2025-02-04', 'Absent', 1, '1-1');
INSERT INTO attendance (student_roll_no, date, status, subject_id, semester) VALUES ('21ECE180', '2025-02-05', 'Present', 1, '1-1');
INSERT INTO attendance (student_roll_no, date, status, subject_id, semester) VALUES ('21ECE180', '2025-02-06', 'Present', 1, '1-1');
INSERT INTO attendance (student_roll_no, date, status, subject_id, semester) VALUES ('21ECE180', '2025-02-07', 'Absent', 1, '1-1');
INSERT INTO attendance (student_roll_no, date, status, subject_id, semester) VALUES ('21ECE180', '2025-02-08', 'Present', 1, '1-1');
INSERT INTO attendance (student_roll_no, date, status, subject_id, semester) VALUES ('21ECE180', '2025-02-09', 'Present', 1, '1-1');
INSERT INTO attendance (student_roll_no, date, status, subject_id, semester) VALUES ('21ECE180', '2025-02-10', 'Present', 1, '1-1');
INSERT INTO attendance (student_roll_no, date, status, subject_id, semester) VALUES ('21ECE180', '2025-02-11', 'Present', 1, '1-1');
INSERT INTO attendance (student_roll_no, date, status, subject_id, semester) VALUES ('21ECE180', '2025-02-12', 'Present', 1, '1-1');
INSERT INTO attendance (student_roll_no, date, status, subject_id, semester) VALUES ('21ECE180', '2025-02-13', 'Present', 1, '1-1');
INSERT INTO attendance (student_roll_no, date, status, subject_id, semester) VALUES ('21ECE180', '2025-02-14', 'Present', 1, '1-1');
INSERT INTO attendance (student_roll_no, date, status, subject_id, semester) VALUES ('21ECE180', '2025-02-15', 'Absent', 1, '1-1');
INSERT INTO attendance (student_roll_no, date, status, subject_id, semester) VALUES ('21ECE180', '2025-02-16', 'Present', 1, '1-1');
INSERT INTO attendance (student_roll_no, date, status, subject_id, semester) VALUES ('21ECE180', '2025-02-17', 'Present', 1, '1-1');
INSERT INTO attendance (student_roll_no, date, status, subject_id, semester) VALUES ('21ECE180', '2025-02-18', 'Present', 1, '1-1');
INSERT INTO attendance (student_roll_no, date, status, subject_id, semester) VALUES ('21ECE180', '2025-02-19', 'Present', 1, '1-1');
INSERT INTO fees (student_roll_no, academic_year, tuition_fees, convener_fees, due_date, paid_fees) VALUES ('21ECE180', '2024-25', 50000, 15000, '2025-05-15', 30000);
INSERT INTO outing_records (roll_number, date, reason) VALUES ('21ECE180', '2025-03-01', 'Weekend home');
INSERT INTO students (roll_no, admission_no, name, branch, section, year, gender, dob, religion, phone, email, aadhar, address, father_name, mother_name, parents_occupation, parents_mobile, annual_income, joining_date, photo_url, is_hosteller, password_hash) VALUES ('24MECH181', 'ADM24MECH181', 'Ravi Yadav', 'MECH', 'A', 1, 'Female', '2005-03-14', 'Sikh', '9848712895', '24mech181@nsrit.edu.in', '8842-3115-7744', 'H.No 498, Street 13, Visakhapatnam, AP', 'Patel Arjun', 'Neha Das', 'Teacher', '9848712895', 838769, '2024-07-15', 'https://api.dicebear.com/7.x/avataaars/svg?seed=24MECH181', 0, 'scrypt:32768:8:1$ARD8iu2R30ZgOvjn$0c28fb2c347ac069a47026ad5d1f981cf505bbde11b1e3626b8a21147aa73e5d94d807b682b1299e2029c5c2f76884672524bbc1c3de85f345c28f406888dfe1');
INSERT INTO mentors (student_roll_no, teacher_id) VALUES ('24MECH181', 'TCH009');
INSERT INTO marks (student_roll_no, subject_id, grade, grade_point, credits) VALUES ('24MECH181', 1, 'C', 5, 4);
INSERT INTO internal_marks (student_roll_no, subject_id, mid1, mid2, online_tests, assignments) VALUES ('24MECH181', 1, 17, 25, 10, 5);
INSERT INTO marks (student_roll_no, subject_id, grade, grade_point, credits) VALUES ('24MECH181', 2, 'A', 8, 4);
INSERT INTO internal_marks (student_roll_no, subject_id, mid1, mid2, online_tests, assignments) VALUES ('24MECH181', 2, 21, 20, 10, 5);
INSERT INTO marks (student_roll_no, subject_id, grade, grade_point, credits) VALUES ('24MECH181', 3, 'B+', 7, 4);
INSERT INTO internal_marks (student_roll_no, subject_id, mid1, mid2, online_tests, assignments) VALUES ('24MECH181', 3, 25, 23, 10, 5);
INSERT INTO semester_results (student_roll_no, semester, sgpa, cgpa, total_credits, percentage) VALUES ('24MECH181',  '1-1', 8.5, 8.5,  11,  80.0);
INSERT INTO cgpa (student_roll_no, cgpa, total_credits, total_percentage) VALUES ('24MECH181', 8.5, 11, 80.0);
INSERT INTO attendance (student_roll_no, date, status, subject_id, semester) VALUES ('24MECH181', '2025-02-01', 'Absent', 1, '1-1');
INSERT INTO attendance (student_roll_no, date, status, subject_id, semester) VALUES ('24MECH181', '2025-02-02', 'Present', 1, '1-1');
INSERT INTO attendance (student_roll_no, date, status, subject_id, semester) VALUES ('24MECH181', '2025-02-03', 'Present', 1, '1-1');
INSERT INTO attendance (student_roll_no, date, status, subject_id, semester) VALUES ('24MECH181', '2025-02-04', 'Absent', 1, '1-1');
INSERT INTO attendance (student_roll_no, date, status, subject_id, semester) VALUES ('24MECH181', '2025-02-05', 'Present', 1, '1-1');
INSERT INTO attendance (student_roll_no, date, status, subject_id, semester) VALUES ('24MECH181', '2025-02-06', 'Present', 1, '1-1');
INSERT INTO attendance (student_roll_no, date, status, subject_id, semester) VALUES ('24MECH181', '2025-02-07', 'Present', 1, '1-1');
INSERT INTO attendance (student_roll_no, date, status, subject_id, semester) VALUES ('24MECH181', '2025-02-08', 'Present', 1, '1-1');
INSERT INTO attendance (student_roll_no, date, status, subject_id, semester) VALUES ('24MECH181', '2025-02-09', 'Present', 1, '1-1');
INSERT INTO attendance (student_roll_no, date, status, subject_id, semester) VALUES ('24MECH181', '2025-02-10', 'Present', 1, '1-1');
INSERT INTO attendance (student_roll_no, date, status, subject_id, semester) VALUES ('24MECH181', '2025-02-11', 'Present', 1, '1-1');
INSERT INTO attendance (student_roll_no, date, status, subject_id, semester) VALUES ('24MECH181', '2025-02-12', 'Present', 1, '1-1');
INSERT INTO attendance (student_roll_no, date, status, subject_id, semester) VALUES ('24MECH181', '2025-02-13', 'Present', 1, '1-1');
INSERT INTO attendance (student_roll_no, date, status, subject_id, semester) VALUES ('24MECH181', '2025-02-14', 'Present', 1, '1-1');
INSERT INTO attendance (student_roll_no, date, status, subject_id, semester) VALUES ('24MECH181', '2025-02-15', 'Present', 1, '1-1');
INSERT INTO attendance (student_roll_no, date, status, subject_id, semester) VALUES ('24MECH181', '2025-02-16', 'Present', 1, '1-1');
INSERT INTO attendance (student_roll_no, date, status, subject_id, semester) VALUES ('24MECH181', '2025-02-17', 'Present', 1, '1-1');
INSERT INTO attendance (student_roll_no, date, status, subject_id, semester) VALUES ('24MECH181', '2025-02-18', 'Present', 1, '1-1');
INSERT INTO attendance (student_roll_no, date, status, subject_id, semester) VALUES ('24MECH181', '2025-02-19', 'Present', 1, '1-1');
INSERT INTO fees (student_roll_no, academic_year, tuition_fees, convener_fees, due_date, paid_fees) VALUES ('24MECH181', '2024-25', 50000, 15000, '2025-05-15', 30000);
INSERT INTO students (roll_no, admission_no, name, branch, section, year, gender, dob, religion, phone, email, aadhar, address, father_name, mother_name, parents_occupation, parents_mobile, annual_income, joining_date, photo_url, is_hosteller, password_hash) VALUES ('22CSE182', 'ADM22CSE182', 'Hari Reddy', 'CSE', 'A', 3, 'Male', '2005-10-12', 'Muslim', '9848912666', '22cse182@nsrit.edu.in', '8999-4789-9593', 'H.No 198, Street 2, Visakhapatnam, AP', 'Das Anil', 'Venkata Yadav', 'Business', '9848912666', 291867, '2023-07-15', 'https://api.dicebear.com/7.x/avataaars/svg?seed=22CSE182', 0, 'scrypt:32768:8:1$ARD8iu2R30ZgOvjn$0c28fb2c347ac069a47026ad5d1f981cf505bbde11b1e3626b8a21147aa73e5d94d807b682b1299e2029c5c2f76884672524bbc1c3de85f345c28f406888dfe1');
INSERT INTO mentors (student_roll_no, teacher_id) VALUES ('22CSE182', 'TCH005');
INSERT INTO marks (student_roll_no, subject_id, grade, grade_point, credits) VALUES ('22CSE182', 1, 'O', 10, 4);
INSERT INTO internal_marks (student_roll_no, subject_id, mid1, mid2, online_tests, assignments) VALUES ('22CSE182', 1, 25, 23, 10, 5);
INSERT INTO marks (student_roll_no, subject_id, grade, grade_point, credits) VALUES ('22CSE182', 2, 'A', 8, 4);
INSERT INTO internal_marks (student_roll_no, subject_id, mid1, mid2, online_tests, assignments) VALUES ('22CSE182', 2, 24, 17, 10, 5);
INSERT INTO marks (student_roll_no, subject_id, grade, grade_point, credits) VALUES ('22CSE182', 3, 'O', 10, 4);
INSERT INTO internal_marks (student_roll_no, subject_id, mid1, mid2, online_tests, assignments) VALUES ('22CSE182', 3, 24, 21, 10, 5);
INSERT INTO semester_results (student_roll_no, semester, sgpa, cgpa, total_credits, percentage) VALUES ('22CSE182',  '1-1', 8.5, 8.5,  11,  80.0);
INSERT INTO cgpa (student_roll_no, cgpa, total_credits, total_percentage) VALUES ('22CSE182', 8.5, 11, 80.0);
INSERT INTO attendance (student_roll_no, date, status, subject_id, semester) VALUES ('22CSE182', '2025-02-01', 'Present', 1, '1-1');
INSERT INTO attendance (student_roll_no, date, status, subject_id, semester) VALUES ('22CSE182', '2025-02-02', 'Present', 1, '1-1');
INSERT INTO attendance (student_roll_no, date, status, subject_id, semester) VALUES ('22CSE182', '2025-02-03', 'Present', 1, '1-1');
INSERT INTO attendance (student_roll_no, date, status, subject_id, semester) VALUES ('22CSE182', '2025-02-04', 'Present', 1, '1-1');
INSERT INTO attendance (student_roll_no, date, status, subject_id, semester) VALUES ('22CSE182', '2025-02-05', 'Present', 1, '1-1');
INSERT INTO attendance (student_roll_no, date, status, subject_id, semester) VALUES ('22CSE182', '2025-02-06', 'Present', 1, '1-1');
INSERT INTO attendance (student_roll_no, date, status, subject_id, semester) VALUES ('22CSE182', '2025-02-07', 'Present', 1, '1-1');
INSERT INTO attendance (student_roll_no, date, status, subject_id, semester) VALUES ('22CSE182', '2025-02-08', 'Present', 1, '1-1');
INSERT INTO attendance (student_roll_no, date, status, subject_id, semester) VALUES ('22CSE182', '2025-02-09', 'Present', 1, '1-1');
INSERT INTO attendance (student_roll_no, date, status, subject_id, semester) VALUES ('22CSE182', '2025-02-10', 'Present', 1, '1-1');
INSERT INTO attendance (student_roll_no, date, status, subject_id, semester) VALUES ('22CSE182', '2025-02-11', 'Present', 1, '1-1');
INSERT INTO attendance (student_roll_no, date, status, subject_id, semester) VALUES ('22CSE182', '2025-02-12', 'Present', 1, '1-1');
INSERT INTO attendance (student_roll_no, date, status, subject_id, semester) VALUES ('22CSE182', '2025-02-13', 'Present', 1, '1-1');
INSERT INTO attendance (student_roll_no, date, status, subject_id, semester) VALUES ('22CSE182', '2025-02-14', 'Present', 1, '1-1');
INSERT INTO attendance (student_roll_no, date, status, subject_id, semester) VALUES ('22CSE182', '2025-02-15', 'Present', 1, '1-1');
INSERT INTO attendance (student_roll_no, date, status, subject_id, semester) VALUES ('22CSE182', '2025-02-16', 'Present', 1, '1-1');
INSERT INTO attendance (student_roll_no, date, status, subject_id, semester) VALUES ('22CSE182', '2025-02-17', 'Present', 1, '1-1');
INSERT INTO attendance (student_roll_no, date, status, subject_id, semester) VALUES ('22CSE182', '2025-02-18', 'Present', 1, '1-1');
INSERT INTO attendance (student_roll_no, date, status, subject_id, semester) VALUES ('22CSE182', '2025-02-19', 'Absent', 1, '1-1');
INSERT INTO fees (student_roll_no, academic_year, tuition_fees, convener_fees, due_date, paid_fees) VALUES ('22CSE182', '2024-25', 50000, 15000, '2025-05-15', 30000);
INSERT INTO students (roll_no, admission_no, name, branch, section, year, gender, dob, religion, phone, email, aadhar, address, father_name, mother_name, parents_occupation, parents_mobile, annual_income, joining_date, photo_url, is_hosteller, password_hash) VALUES ('24IT183', 'ADM24IT183', 'Kiran Naidu', 'IT', 'A', 1, 'Male', '2005-07-03', 'Hindu', '9848750777', '24it183@nsrit.edu.in', '9365-5340-6981', 'H.No 132, Street 17, Visakhapatnam, AP', 'Patel Lakshmi', 'Naveen Singh', 'Teacher', '9848750777', 941844, '2024-07-15', 'https://api.dicebear.com/7.x/avataaars/svg?seed=24IT183', 0, 'scrypt:32768:8:1$ARD8iu2R30ZgOvjn$0c28fb2c347ac069a47026ad5d1f981cf505bbde11b1e3626b8a21147aa73e5d94d807b682b1299e2029c5c2f76884672524bbc1c3de85f345c28f406888dfe1');
INSERT INTO mentors (student_roll_no, teacher_id) VALUES ('24IT183', 'TCH012');
INSERT INTO marks (student_roll_no, subject_id, grade, grade_point, credits) VALUES ('24IT183', 1, 'O', 10, 4);
INSERT INTO internal_marks (student_roll_no, subject_id, mid1, mid2, online_tests, assignments) VALUES ('24IT183', 1, 15, 15, 10, 5);
INSERT INTO marks (student_roll_no, subject_id, grade, grade_point, credits) VALUES ('24IT183', 2, 'B+', 7, 4);
INSERT INTO internal_marks (student_roll_no, subject_id, mid1, mid2, online_tests, assignments) VALUES ('24IT183', 2, 24, 25, 10, 5);
INSERT INTO marks (student_roll_no, subject_id, grade, grade_point, credits) VALUES ('24IT183', 3, 'A+', 9, 4);
INSERT INTO internal_marks (student_roll_no, subject_id, mid1, mid2, online_tests, assignments) VALUES ('24IT183', 3, 18, 23, 10, 5);
INSERT INTO semester_results (student_roll_no, semester, sgpa, cgpa, total_credits, percentage) VALUES ('24IT183',  '1-1', 8.5, 8.5,  11,  80.0);
INSERT INTO cgpa (student_roll_no, cgpa, total_credits, total_percentage) VALUES ('24IT183', 8.5, 11, 80.0);
INSERT INTO attendance (student_roll_no, date, status, subject_id, semester) VALUES ('24IT183', '2025-02-01', 'Present', 1, '1-1');
INSERT INTO attendance (student_roll_no, date, status, subject_id, semester) VALUES ('24IT183', '2025-02-02', 'Present', 1, '1-1');
INSERT INTO attendance (student_roll_no, date, status, subject_id, semester) VALUES ('24IT183', '2025-02-03', 'Present', 1, '1-1');
INSERT INTO attendance (student_roll_no, date, status, subject_id, semester) VALUES ('24IT183', '2025-02-04', 'Absent', 1, '1-1');
INSERT INTO attendance (student_roll_no, date, status, subject_id, semester) VALUES ('24IT183', '2025-02-05', 'Present', 1, '1-1');
INSERT INTO attendance (student_roll_no, date, status, subject_id, semester) VALUES ('24IT183', '2025-02-06', 'Present', 1, '1-1');
INSERT INTO attendance (student_roll_no, date, status, subject_id, semester) VALUES ('24IT183', '2025-02-07', 'Present', 1, '1-1');
INSERT INTO attendance (student_roll_no, date, status, subject_id, semester) VALUES ('24IT183', '2025-02-08', 'Present', 1, '1-1');
INSERT INTO attendance (student_roll_no, date, status, subject_id, semester) VALUES ('24IT183', '2025-02-09', 'Present', 1, '1-1');
INSERT INTO attendance (student_roll_no, date, status, subject_id, semester) VALUES ('24IT183', '2025-02-10', 'Present', 1, '1-1');
INSERT INTO attendance (student_roll_no, date, status, subject_id, semester) VALUES ('24IT183', '2025-02-11', 'Present', 1, '1-1');
INSERT INTO attendance (student_roll_no, date, status, subject_id, semester) VALUES ('24IT183', '2025-02-12', 'Present', 1, '1-1');
INSERT INTO attendance (student_roll_no, date, status, subject_id, semester) VALUES ('24IT183', '2025-02-13', 'Present', 1, '1-1');
INSERT INTO attendance (student_roll_no, date, status, subject_id, semester) VALUES ('24IT183', '2025-02-14', 'Present', 1, '1-1');
INSERT INTO attendance (student_roll_no, date, status, subject_id, semester) VALUES ('24IT183', '2025-02-15', 'Present', 1, '1-1');
INSERT INTO attendance (student_roll_no, date, status, subject_id, semester) VALUES ('24IT183', '2025-02-16', 'Present', 1, '1-1');
INSERT INTO attendance (student_roll_no, date, status, subject_id, semester) VALUES ('24IT183', '2025-02-17', 'Present', 1, '1-1');
INSERT INTO attendance (student_roll_no, date, status, subject_id, semester) VALUES ('24IT183', '2025-02-18', 'Present', 1, '1-1');
INSERT INTO attendance (student_roll_no, date, status, subject_id, semester) VALUES ('24IT183', '2025-02-19', 'Present', 1, '1-1');
INSERT INTO fees (student_roll_no, academic_year, tuition_fees, convener_fees, due_date, paid_fees) VALUES ('24IT183', '2024-25', 50000, 15000, '2025-05-15', 30000);
INSERT INTO students (roll_no, admission_no, name, branch, section, year, gender, dob, religion, phone, email, aadhar, address, father_name, mother_name, parents_occupation, parents_mobile, annual_income, joining_date, photo_url, is_hosteller, password_hash) VALUES ('22CIVIL184', 'ADM22CIVIL184', 'Sai Rao', 'CIVIL', 'B', 3, 'Male', '2005-10-25', 'Sikh', '9848871229', '22civil184@nsrit.edu.in', '9322-3401-7091', 'H.No 249, Street 14, Visakhapatnam, AP', 'Sharma Ramesh', 'Sai Naidu', 'Business', '9848871229', 789620, '2023-07-15', 'https://api.dicebear.com/7.x/avataaars/svg?seed=22CIVIL184', 0, 'scrypt:32768:8:1$ARD8iu2R30ZgOvjn$0c28fb2c347ac069a47026ad5d1f981cf505bbde11b1e3626b8a21147aa73e5d94d807b682b1299e2029c5c2f76884672524bbc1c3de85f345c28f406888dfe1');
INSERT INTO mentors (student_roll_no, teacher_id) VALUES ('22CIVIL184', 'TCH005');
INSERT INTO marks (student_roll_no, subject_id, grade, grade_point, credits) VALUES ('22CIVIL184', 1, 'B', 6, 4);
INSERT INTO internal_marks (student_roll_no, subject_id, mid1, mid2, online_tests, assignments) VALUES ('22CIVIL184', 1, 24, 21, 10, 5);
INSERT INTO marks (student_roll_no, subject_id, grade, grade_point, credits) VALUES ('22CIVIL184', 2, 'O', 10, 4);
INSERT INTO internal_marks (student_roll_no, subject_id, mid1, mid2, online_tests, assignments) VALUES ('22CIVIL184', 2, 20, 22, 10, 5);
INSERT INTO marks (student_roll_no, subject_id, grade, grade_point, credits) VALUES ('22CIVIL184', 3, 'C', 5, 4);
INSERT INTO internal_marks (student_roll_no, subject_id, mid1, mid2, online_tests, assignments) VALUES ('22CIVIL184', 3, 16, 16, 10, 5);
INSERT INTO semester_results (student_roll_no, semester, sgpa, cgpa, total_credits, percentage) VALUES ('22CIVIL184',  '1-1', 8.5, 8.5,  11,  80.0);
INSERT INTO cgpa (student_roll_no, cgpa, total_credits, total_percentage) VALUES ('22CIVIL184', 8.5, 11, 80.0);
INSERT INTO attendance (student_roll_no, date, status, subject_id, semester) VALUES ('22CIVIL184', '2025-02-01', 'Present', 1, '1-1');
INSERT INTO attendance (student_roll_no, date, status, subject_id, semester) VALUES ('22CIVIL184', '2025-02-02', 'Present', 1, '1-1');
INSERT INTO attendance (student_roll_no, date, status, subject_id, semester) VALUES ('22CIVIL184', '2025-02-03', 'Present', 1, '1-1');
INSERT INTO attendance (student_roll_no, date, status, subject_id, semester) VALUES ('22CIVIL184', '2025-02-04', 'Present', 1, '1-1');
INSERT INTO attendance (student_roll_no, date, status, subject_id, semester) VALUES ('22CIVIL184', '2025-02-05', 'Present', 1, '1-1');
INSERT INTO attendance (student_roll_no, date, status, subject_id, semester) VALUES ('22CIVIL184', '2025-02-06', 'Absent', 1, '1-1');
INSERT INTO attendance (student_roll_no, date, status, subject_id, semester) VALUES ('22CIVIL184', '2025-02-07', 'Present', 1, '1-1');
INSERT INTO attendance (student_roll_no, date, status, subject_id, semester) VALUES ('22CIVIL184', '2025-02-08', 'Present', 1, '1-1');
INSERT INTO attendance (student_roll_no, date, status, subject_id, semester) VALUES ('22CIVIL184', '2025-02-09', 'Present', 1, '1-1');
INSERT INTO attendance (student_roll_no, date, status, subject_id, semester) VALUES ('22CIVIL184', '2025-02-10', 'Present', 1, '1-1');
INSERT INTO attendance (student_roll_no, date, status, subject_id, semester) VALUES ('22CIVIL184', '2025-02-11', 'Present', 1, '1-1');
INSERT INTO attendance (student_roll_no, date, status, subject_id, semester) VALUES ('22CIVIL184', '2025-02-12', 'Absent', 1, '1-1');
INSERT INTO attendance (student_roll_no, date, status, subject_id, semester) VALUES ('22CIVIL184', '2025-02-13', 'Present', 1, '1-1');
INSERT INTO attendance (student_roll_no, date, status, subject_id, semester) VALUES ('22CIVIL184', '2025-02-14', 'Present', 1, '1-1');
INSERT INTO attendance (student_roll_no, date, status, subject_id, semester) VALUES ('22CIVIL184', '2025-02-15', 'Present', 1, '1-1');
INSERT INTO attendance (student_roll_no, date, status, subject_id, semester) VALUES ('22CIVIL184', '2025-02-16', 'Present', 1, '1-1');
INSERT INTO attendance (student_roll_no, date, status, subject_id, semester) VALUES ('22CIVIL184', '2025-02-17', 'Present', 1, '1-1');
INSERT INTO attendance (student_roll_no, date, status, subject_id, semester) VALUES ('22CIVIL184', '2025-02-18', 'Present', 1, '1-1');
INSERT INTO attendance (student_roll_no, date, status, subject_id, semester) VALUES ('22CIVIL184', '2025-02-19', 'Present', 1, '1-1');
INSERT INTO fees (student_roll_no, academic_year, tuition_fees, convener_fees, due_date, paid_fees) VALUES ('22CIVIL184', '2024-25', 50000, 15000, '2025-05-15', 30000);
INSERT INTO students (roll_no, admission_no, name, branch, section, year, gender, dob, religion, phone, email, aadhar, address, father_name, mother_name, parents_occupation, parents_mobile, annual_income, joining_date, photo_url, is_hosteller, password_hash) VALUES ('24CSE185', 'ADM24CSE185', 'Sowmya Varma', 'CSE', 'A', 1, 'Female', '2005-01-14', 'Muslim', '9848417446', '24cse185@nsrit.edu.in', '9932-5740-3878', 'H.No 62, Street 3, Visakhapatnam, AP', 'Rao Prasad', 'Hari Rao', 'Teacher', '9848417446', 978755, '2024-07-15', 'https://api.dicebear.com/7.x/avataaars/svg?seed=24CSE185', 1, 'scrypt:32768:8:1$ARD8iu2R30ZgOvjn$0c28fb2c347ac069a47026ad5d1f981cf505bbde11b1e3626b8a21147aa73e5d94d807b682b1299e2029c5c2f76884672524bbc1c3de85f345c28f406888dfe1');
INSERT INTO mentors (student_roll_no, teacher_id) VALUES ('24CSE185', 'TCH007');
INSERT INTO marks (student_roll_no, subject_id, grade, grade_point, credits) VALUES ('24CSE185', 1, 'C', 5, 4);
INSERT INTO internal_marks (student_roll_no, subject_id, mid1, mid2, online_tests, assignments) VALUES ('24CSE185', 1, 16, 16, 10, 5);
INSERT INTO marks (student_roll_no, subject_id, grade, grade_point, credits) VALUES ('24CSE185', 2, 'B+', 7, 4);
INSERT INTO internal_marks (student_roll_no, subject_id, mid1, mid2, online_tests, assignments) VALUES ('24CSE185', 2, 16, 16, 10, 5);
INSERT INTO marks (student_roll_no, subject_id, grade, grade_point, credits) VALUES ('24CSE185', 3, 'O', 10, 4);
INSERT INTO internal_marks (student_roll_no, subject_id, mid1, mid2, online_tests, assignments) VALUES ('24CSE185', 3, 21, 16, 10, 5);
INSERT INTO semester_results (student_roll_no, semester, sgpa, cgpa, total_credits, percentage) VALUES ('24CSE185',  '1-1', 8.5, 8.5,  11,  80.0);
INSERT INTO cgpa (student_roll_no, cgpa, total_credits, total_percentage) VALUES ('24CSE185', 8.5, 11, 80.0);
INSERT INTO attendance (student_roll_no, date, status, subject_id, semester) VALUES ('24CSE185', '2025-02-01', 'Present', 1, '1-1');
INSERT INTO attendance (student_roll_no, date, status, subject_id, semester) VALUES ('24CSE185', '2025-02-02', 'Present', 1, '1-1');
INSERT INTO attendance (student_roll_no, date, status, subject_id, semester) VALUES ('24CSE185', '2025-02-03', 'Present', 1, '1-1');
INSERT INTO attendance (student_roll_no, date, status, subject_id, semester) VALUES ('24CSE185', '2025-02-04', 'Present', 1, '1-1');
INSERT INTO attendance (student_roll_no, date, status, subject_id, semester) VALUES ('24CSE185', '2025-02-05', 'Present', 1, '1-1');
INSERT INTO attendance (student_roll_no, date, status, subject_id, semester) VALUES ('24CSE185', '2025-02-06', 'Present', 1, '1-1');
INSERT INTO attendance (student_roll_no, date, status, subject_id, semester) VALUES ('24CSE185', '2025-02-07', 'Present', 1, '1-1');
INSERT INTO attendance (student_roll_no, date, status, subject_id, semester) VALUES ('24CSE185', '2025-02-08', 'Present', 1, '1-1');
INSERT INTO attendance (student_roll_no, date, status, subject_id, semester) VALUES ('24CSE185', '2025-02-09', 'Present', 1, '1-1');
INSERT INTO attendance (student_roll_no, date, status, subject_id, semester) VALUES ('24CSE185', '2025-02-10', 'Present', 1, '1-1');
INSERT INTO attendance (student_roll_no, date, status, subject_id, semester) VALUES ('24CSE185', '2025-02-11', 'Present', 1, '1-1');
INSERT INTO attendance (student_roll_no, date, status, subject_id, semester) VALUES ('24CSE185', '2025-02-12', 'Present', 1, '1-1');
INSERT INTO attendance (student_roll_no, date, status, subject_id, semester) VALUES ('24CSE185', '2025-02-13', 'Present', 1, '1-1');
INSERT INTO attendance (student_roll_no, date, status, subject_id, semester) VALUES ('24CSE185', '2025-02-14', 'Present', 1, '1-1');
INSERT INTO attendance (student_roll_no, date, status, subject_id, semester) VALUES ('24CSE185', '2025-02-15', 'Present', 1, '1-1');
INSERT INTO attendance (student_roll_no, date, status, subject_id, semester) VALUES ('24CSE185', '2025-02-16', 'Present', 1, '1-1');
INSERT INTO attendance (student_roll_no, date, status, subject_id, semester) VALUES ('24CSE185', '2025-02-17', 'Present', 1, '1-1');
INSERT INTO attendance (student_roll_no, date, status, subject_id, semester) VALUES ('24CSE185', '2025-02-18', 'Present', 1, '1-1');
INSERT INTO attendance (student_roll_no, date, status, subject_id, semester) VALUES ('24CSE185', '2025-02-19', 'Absent', 1, '1-1');
INSERT INTO fees (student_roll_no, academic_year, tuition_fees, convener_fees, due_date, paid_fees) VALUES ('24CSE185', '2024-25', 50000, 15000, '2025-05-15', 30000);
INSERT INTO outing_records (roll_number, date, reason) VALUES ('24CSE185', '2025-03-01', 'Weekend home');
INSERT INTO students (roll_no, admission_no, name, branch, section, year, gender, dob, religion, phone, email, aadhar, address, father_name, mother_name, parents_occupation, parents_mobile, annual_income, joining_date, photo_url, is_hosteller, password_hash) VALUES ('23CSE186', 'ADM23CSE186', 'Priya Kumar', 'CSE', 'B', 2, 'Female', '2005-02-18', 'Muslim', '9848549598', '23cse186@nsrit.edu.in', '6029-4240-2280', 'H.No 295, Street 19, Visakhapatnam, AP', 'Reddy Gayathri', 'Ravi Chowdary', 'Teacher', '9848549598', 865724, '2023-07-15', 'https://api.dicebear.com/7.x/avataaars/svg?seed=23CSE186', 0, 'scrypt:32768:8:1$ARD8iu2R30ZgOvjn$0c28fb2c347ac069a47026ad5d1f981cf505bbde11b1e3626b8a21147aa73e5d94d807b682b1299e2029c5c2f76884672524bbc1c3de85f345c28f406888dfe1');
INSERT INTO mentors (student_roll_no, teacher_id) VALUES ('23CSE186', 'TCH011');
INSERT INTO marks (student_roll_no, subject_id, grade, grade_point, credits) VALUES ('23CSE186', 1, 'B', 6, 4);
INSERT INTO internal_marks (student_roll_no, subject_id, mid1, mid2, online_tests, assignments) VALUES ('23CSE186', 1, 25, 20, 10, 5);
INSERT INTO marks (student_roll_no, subject_id, grade, grade_point, credits) VALUES ('23CSE186', 2, 'A', 8, 4);
INSERT INTO internal_marks (student_roll_no, subject_id, mid1, mid2, online_tests, assignments) VALUES ('23CSE186', 2, 25, 25, 10, 5);
INSERT INTO marks (student_roll_no, subject_id, grade, grade_point, credits) VALUES ('23CSE186', 3, 'A', 8, 4);
INSERT INTO internal_marks (student_roll_no, subject_id, mid1, mid2, online_tests, assignments) VALUES ('23CSE186', 3, 17, 18, 10, 5);
INSERT INTO semester_results (student_roll_no, semester, sgpa, cgpa, total_credits, percentage) VALUES ('23CSE186',  '1-1', 8.5, 8.5,  11,  80.0);
INSERT INTO cgpa (student_roll_no, cgpa, total_credits, total_percentage) VALUES ('23CSE186', 8.5, 11, 80.0);
INSERT INTO attendance (student_roll_no, date, status, subject_id, semester) VALUES ('23CSE186', '2025-02-01', 'Present', 1, '1-1');
INSERT INTO attendance (student_roll_no, date, status, subject_id, semester) VALUES ('23CSE186', '2025-02-02', 'Absent', 1, '1-1');
INSERT INTO attendance (student_roll_no, date, status, subject_id, semester) VALUES ('23CSE186', '2025-02-03', 'Present', 1, '1-1');
INSERT INTO attendance (student_roll_no, date, status, subject_id, semester) VALUES ('23CSE186', '2025-02-04', 'Present', 1, '1-1');
INSERT INTO attendance (student_roll_no, date, status, subject_id, semester) VALUES ('23CSE186', '2025-02-05', 'Present', 1, '1-1');
INSERT INTO attendance (student_roll_no, date, status, subject_id, semester) VALUES ('23CSE186', '2025-02-06', 'Present', 1, '1-1');
INSERT INTO attendance (student_roll_no, date, status, subject_id, semester) VALUES ('23CSE186', '2025-02-07', 'Present', 1, '1-1');
INSERT INTO attendance (student_roll_no, date, status, subject_id, semester) VALUES ('23CSE186', '2025-02-08', 'Present', 1, '1-1');
INSERT INTO attendance (student_roll_no, date, status, subject_id, semester) VALUES ('23CSE186', '2025-02-09', 'Present', 1, '1-1');
INSERT INTO attendance (student_roll_no, date, status, subject_id, semester) VALUES ('23CSE186', '2025-02-10', 'Present', 1, '1-1');
INSERT INTO attendance (student_roll_no, date, status, subject_id, semester) VALUES ('23CSE186', '2025-02-11', 'Present', 1, '1-1');
INSERT INTO attendance (student_roll_no, date, status, subject_id, semester) VALUES ('23CSE186', '2025-02-12', 'Present', 1, '1-1');
INSERT INTO attendance (student_roll_no, date, status, subject_id, semester) VALUES ('23CSE186', '2025-02-13', 'Present', 1, '1-1');
INSERT INTO attendance (student_roll_no, date, status, subject_id, semester) VALUES ('23CSE186', '2025-02-14', 'Present', 1, '1-1');
INSERT INTO attendance (student_roll_no, date, status, subject_id, semester) VALUES ('23CSE186', '2025-02-15', 'Present', 1, '1-1');
INSERT INTO attendance (student_roll_no, date, status, subject_id, semester) VALUES ('23CSE186', '2025-02-16', 'Present', 1, '1-1');
INSERT INTO attendance (student_roll_no, date, status, subject_id, semester) VALUES ('23CSE186', '2025-02-17', 'Present', 1, '1-1');
INSERT INTO attendance (student_roll_no, date, status, subject_id, semester) VALUES ('23CSE186', '2025-02-18', 'Present', 1, '1-1');
INSERT INTO attendance (student_roll_no, date, status, subject_id, semester) VALUES ('23CSE186', '2025-02-19', 'Present', 1, '1-1');
INSERT INTO fees (student_roll_no, academic_year, tuition_fees, convener_fees, due_date, paid_fees) VALUES ('23CSE186', '2024-25', 50000, 15000, '2025-05-15', 30000);
INSERT INTO students (roll_no, admission_no, name, branch, section, year, gender, dob, religion, phone, email, aadhar, address, father_name, mother_name, parents_occupation, parents_mobile, annual_income, joining_date, photo_url, is_hosteller, password_hash) VALUES ('24ECE187', 'ADM24ECE187', 'Arjun Mishra', 'ECE', 'A', 1, 'Male', '2005-08-31', 'Christian', '9848383536', '24ece187@nsrit.edu.in', '1152-1385-9508', 'H.No 390, Street 2, Visakhapatnam, AP', 'Mishra Arjun', 'Ramesh Gupta', 'Teacher', '9848383536', 358842, '2024-07-15', 'https://api.dicebear.com/7.x/avataaars/svg?seed=24ECE187', 0, 'scrypt:32768:8:1$ARD8iu2R30ZgOvjn$0c28fb2c347ac069a47026ad5d1f981cf505bbde11b1e3626b8a21147aa73e5d94d807b682b1299e2029c5c2f76884672524bbc1c3de85f345c28f406888dfe1');
INSERT INTO mentors (student_roll_no, teacher_id) VALUES ('24ECE187', 'TCH005');
INSERT INTO marks (student_roll_no, subject_id, grade, grade_point, credits) VALUES ('24ECE187', 1, 'A', 8, 4);
INSERT INTO internal_marks (student_roll_no, subject_id, mid1, mid2, online_tests, assignments) VALUES ('24ECE187', 1, 20, 18, 10, 5);
INSERT INTO marks (student_roll_no, subject_id, grade, grade_point, credits) VALUES ('24ECE187', 2, 'B', 6, 4);
INSERT INTO internal_marks (student_roll_no, subject_id, mid1, mid2, online_tests, assignments) VALUES ('24ECE187', 2, 15, 17, 10, 5);
INSERT INTO marks (student_roll_no, subject_id, grade, grade_point, credits) VALUES ('24ECE187', 3, 'B+', 7, 4);
INSERT INTO internal_marks (student_roll_no, subject_id, mid1, mid2, online_tests, assignments) VALUES ('24ECE187', 3, 17, 20, 10, 5);
INSERT INTO semester_results (student_roll_no, semester, sgpa, cgpa, total_credits, percentage) VALUES ('24ECE187',  '1-1', 8.5, 8.5,  11,  80.0);
INSERT INTO cgpa (student_roll_no, cgpa, total_credits, total_percentage) VALUES ('24ECE187', 8.5, 11, 80.0);
INSERT INTO attendance (student_roll_no, date, status, subject_id, semester) VALUES ('24ECE187', '2025-02-01', 'Present', 1, '1-1');
INSERT INTO attendance (student_roll_no, date, status, subject_id, semester) VALUES ('24ECE187', '2025-02-02', 'Present', 1, '1-1');
INSERT INTO attendance (student_roll_no, date, status, subject_id, semester) VALUES ('24ECE187', '2025-02-03', 'Present', 1, '1-1');
INSERT INTO attendance (student_roll_no, date, status, subject_id, semester) VALUES ('24ECE187', '2025-02-04', 'Present', 1, '1-1');
INSERT INTO attendance (student_roll_no, date, status, subject_id, semester) VALUES ('24ECE187', '2025-02-05', 'Present', 1, '1-1');
INSERT INTO attendance (student_roll_no, date, status, subject_id, semester) VALUES ('24ECE187', '2025-02-06', 'Present', 1, '1-1');
INSERT INTO attendance (student_roll_no, date, status, subject_id, semester) VALUES ('24ECE187', '2025-02-07', 'Absent', 1, '1-1');
INSERT INTO attendance (student_roll_no, date, status, subject_id, semester) VALUES ('24ECE187', '2025-02-08', 'Present', 1, '1-1');
INSERT INTO attendance (student_roll_no, date, status, subject_id, semester) VALUES ('24ECE187', '2025-02-09', 'Present', 1, '1-1');
INSERT INTO attendance (student_roll_no, date, status, subject_id, semester) VALUES ('24ECE187', '2025-02-10', 'Absent', 1, '1-1');
INSERT INTO attendance (student_roll_no, date, status, subject_id, semester) VALUES ('24ECE187', '2025-02-11', 'Present', 1, '1-1');
INSERT INTO attendance (student_roll_no, date, status, subject_id, semester) VALUES ('24ECE187', '2025-02-12', 'Present', 1, '1-1');
INSERT INTO attendance (student_roll_no, date, status, subject_id, semester) VALUES ('24ECE187', '2025-02-13', 'Present', 1, '1-1');
INSERT INTO attendance (student_roll_no, date, status, subject_id, semester) VALUES ('24ECE187', '2025-02-14', 'Present', 1, '1-1');
INSERT INTO attendance (student_roll_no, date, status, subject_id, semester) VALUES ('24ECE187', '2025-02-15', 'Present', 1, '1-1');
INSERT INTO attendance (student_roll_no, date, status, subject_id, semester) VALUES ('24ECE187', '2025-02-16', 'Absent', 1, '1-1');
INSERT INTO attendance (student_roll_no, date, status, subject_id, semester) VALUES ('24ECE187', '2025-02-17', 'Present', 1, '1-1');
INSERT INTO attendance (student_roll_no, date, status, subject_id, semester) VALUES ('24ECE187', '2025-02-18', 'Present', 1, '1-1');
INSERT INTO attendance (student_roll_no, date, status, subject_id, semester) VALUES ('24ECE187', '2025-02-19', 'Present', 1, '1-1');
INSERT INTO fees (student_roll_no, academic_year, tuition_fees, convener_fees, due_date, paid_fees) VALUES ('24ECE187', '2024-25', 50000, 15000, '2025-05-15', 30000);
INSERT INTO students (roll_no, admission_no, name, branch, section, year, gender, dob, religion, phone, email, aadhar, address, father_name, mother_name, parents_occupation, parents_mobile, annual_income, joining_date, photo_url, is_hosteller, password_hash) VALUES ('22EEE188', 'ADM22EEE188', 'Prasad Patel', 'EEE', 'B', 3, 'Male', '2005-07-11', 'Muslim', '9848942529', '22eee188@nsrit.edu.in', '1328-3213-9044', 'H.No 73, Street 2, Visakhapatnam, AP', 'Naidu Arjun', 'Hari Gupta', 'Teacher', '9848942529', 727387, '2023-07-15', 'https://api.dicebear.com/7.x/avataaars/svg?seed=22EEE188', 0, 'scrypt:32768:8:1$ARD8iu2R30ZgOvjn$0c28fb2c347ac069a47026ad5d1f981cf505bbde11b1e3626b8a21147aa73e5d94d807b682b1299e2029c5c2f76884672524bbc1c3de85f345c28f406888dfe1');
INSERT INTO mentors (student_roll_no, teacher_id) VALUES ('22EEE188', 'TCH002');
INSERT INTO marks (student_roll_no, subject_id, grade, grade_point, credits) VALUES ('22EEE188', 1, 'O', 10, 4);
INSERT INTO internal_marks (student_roll_no, subject_id, mid1, mid2, online_tests, assignments) VALUES ('22EEE188', 1, 19, 19, 10, 5);
INSERT INTO marks (student_roll_no, subject_id, grade, grade_point, credits) VALUES ('22EEE188', 2, 'A+', 9, 4);
INSERT INTO internal_marks (student_roll_no, subject_id, mid1, mid2, online_tests, assignments) VALUES ('22EEE188', 2, 15, 25, 10, 5);
INSERT INTO marks (student_roll_no, subject_id, grade, grade_point, credits) VALUES ('22EEE188', 3, 'A', 8, 4);
INSERT INTO internal_marks (student_roll_no, subject_id, mid1, mid2, online_tests, assignments) VALUES ('22EEE188', 3, 21, 20, 10, 5);
INSERT INTO semester_results (student_roll_no, semester, sgpa, cgpa, total_credits, percentage) VALUES ('22EEE188',  '1-1', 8.5, 8.5,  11,  80.0);
INSERT INTO cgpa (student_roll_no, cgpa, total_credits, total_percentage) VALUES ('22EEE188', 8.5, 11, 80.0);
INSERT INTO attendance (student_roll_no, date, status, subject_id, semester) VALUES ('22EEE188', '2025-02-01', 'Present', 1, '1-1');
INSERT INTO attendance (student_roll_no, date, status, subject_id, semester) VALUES ('22EEE188', '2025-02-02', 'Present', 1, '1-1');
INSERT INTO attendance (student_roll_no, date, status, subject_id, semester) VALUES ('22EEE188', '2025-02-03', 'Present', 1, '1-1');
INSERT INTO attendance (student_roll_no, date, status, subject_id, semester) VALUES ('22EEE188', '2025-02-04', 'Present', 1, '1-1');
INSERT INTO attendance (student_roll_no, date, status, subject_id, semester) VALUES ('22EEE188', '2025-02-05', 'Present', 1, '1-1');
INSERT INTO attendance (student_roll_no, date, status, subject_id, semester) VALUES ('22EEE188', '2025-02-06', 'Present', 1, '1-1');
INSERT INTO attendance (student_roll_no, date, status, subject_id, semester) VALUES ('22EEE188', '2025-02-07', 'Present', 1, '1-1');
INSERT INTO attendance (student_roll_no, date, status, subject_id, semester) VALUES ('22EEE188', '2025-02-08', 'Present', 1, '1-1');
INSERT INTO attendance (student_roll_no, date, status, subject_id, semester) VALUES ('22EEE188', '2025-02-09', 'Present', 1, '1-1');
INSERT INTO attendance (student_roll_no, date, status, subject_id, semester) VALUES ('22EEE188', '2025-02-10', 'Absent', 1, '1-1');
INSERT INTO attendance (student_roll_no, date, status, subject_id, semester) VALUES ('22EEE188', '2025-02-11', 'Present', 1, '1-1');
INSERT INTO attendance (student_roll_no, date, status, subject_id, semester) VALUES ('22EEE188', '2025-02-12', 'Present', 1, '1-1');
INSERT INTO attendance (student_roll_no, date, status, subject_id, semester) VALUES ('22EEE188', '2025-02-13', 'Present', 1, '1-1');
INSERT INTO attendance (student_roll_no, date, status, subject_id, semester) VALUES ('22EEE188', '2025-02-14', 'Present', 1, '1-1');
INSERT INTO attendance (student_roll_no, date, status, subject_id, semester) VALUES ('22EEE188', '2025-02-15', 'Present', 1, '1-1');
INSERT INTO attendance (student_roll_no, date, status, subject_id, semester) VALUES ('22EEE188', '2025-02-16', 'Present', 1, '1-1');
INSERT INTO attendance (student_roll_no, date, status, subject_id, semester) VALUES ('22EEE188', '2025-02-17', 'Present', 1, '1-1');
INSERT INTO attendance (student_roll_no, date, status, subject_id, semester) VALUES ('22EEE188', '2025-02-18', 'Present', 1, '1-1');
INSERT INTO attendance (student_roll_no, date, status, subject_id, semester) VALUES ('22EEE188', '2025-02-19', 'Present', 1, '1-1');
INSERT INTO fees (student_roll_no, academic_year, tuition_fees, convener_fees, due_date, paid_fees) VALUES ('22EEE188', '2024-25', 50000, 15000, '2025-05-15', 30000);
INSERT INTO students (roll_no, admission_no, name, branch, section, year, gender, dob, religion, phone, email, aadhar, address, father_name, mother_name, parents_occupation, parents_mobile, annual_income, joining_date, photo_url, is_hosteller, password_hash) VALUES ('22CSE189', 'ADM22CSE189', 'Akhil Rao', 'CSE', 'A', 3, 'Male', '2005-08-09', 'Hindu', '9848831520', '22cse189@nsrit.edu.in', '6918-6839-6921', 'H.No 105, Street 20, Visakhapatnam, AP', 'Goud Suresh', 'Swathi Kumar', 'Engineer', '9848831520', 803565, '2023-07-15', 'https://api.dicebear.com/7.x/avataaars/svg?seed=22CSE189', 0, 'scrypt:32768:8:1$ARD8iu2R30ZgOvjn$0c28fb2c347ac069a47026ad5d1f981cf505bbde11b1e3626b8a21147aa73e5d94d807b682b1299e2029c5c2f76884672524bbc1c3de85f345c28f406888dfe1');
INSERT INTO mentors (student_roll_no, teacher_id) VALUES ('22CSE189', 'TCH003');
INSERT INTO marks (student_roll_no, subject_id, grade, grade_point, credits) VALUES ('22CSE189', 1, 'A+', 9, 4);
INSERT INTO internal_marks (student_roll_no, subject_id, mid1, mid2, online_tests, assignments) VALUES ('22CSE189', 1, 17, 20, 10, 5);
INSERT INTO marks (student_roll_no, subject_id, grade, grade_point, credits) VALUES ('22CSE189', 2, 'C', 5, 4);
INSERT INTO internal_marks (student_roll_no, subject_id, mid1, mid2, online_tests, assignments) VALUES ('22CSE189', 2, 16, 24, 10, 5);
INSERT INTO marks (student_roll_no, subject_id, grade, grade_point, credits) VALUES ('22CSE189', 3, 'B+', 7, 4);
INSERT INTO internal_marks (student_roll_no, subject_id, mid1, mid2, online_tests, assignments) VALUES ('22CSE189', 3, 16, 25, 10, 5);
INSERT INTO semester_results (student_roll_no, semester, sgpa, cgpa, total_credits, percentage) VALUES ('22CSE189',  '1-1', 8.5, 8.5,  11,  80.0);
INSERT INTO cgpa (student_roll_no, cgpa, total_credits, total_percentage) VALUES ('22CSE189', 8.5, 11, 80.0);
INSERT INTO attendance (student_roll_no, date, status, subject_id, semester) VALUES ('22CSE189', '2025-02-01', 'Present', 1, '1-1');
INSERT INTO attendance (student_roll_no, date, status, subject_id, semester) VALUES ('22CSE189', '2025-02-02', 'Present', 1, '1-1');
INSERT INTO attendance (student_roll_no, date, status, subject_id, semester) VALUES ('22CSE189', '2025-02-03', 'Present', 1, '1-1');
INSERT INTO attendance (student_roll_no, date, status, subject_id, semester) VALUES ('22CSE189', '2025-02-04', 'Present', 1, '1-1');
INSERT INTO attendance (student_roll_no, date, status, subject_id, semester) VALUES ('22CSE189', '2025-02-05', 'Present', 1, '1-1');
INSERT INTO attendance (student_roll_no, date, status, subject_id, semester) VALUES ('22CSE189', '2025-02-06', 'Present', 1, '1-1');
INSERT INTO attendance (student_roll_no, date, status, subject_id, semester) VALUES ('22CSE189', '2025-02-07', 'Present', 1, '1-1');
INSERT INTO attendance (student_roll_no, date, status, subject_id, semester) VALUES ('22CSE189', '2025-02-08', 'Present', 1, '1-1');
INSERT INTO attendance (student_roll_no, date, status, subject_id, semester) VALUES ('22CSE189', '2025-02-09', 'Present', 1, '1-1');
INSERT INTO attendance (student_roll_no, date, status, subject_id, semester) VALUES ('22CSE189', '2025-02-10', 'Present', 1, '1-1');
INSERT INTO attendance (student_roll_no, date, status, subject_id, semester) VALUES ('22CSE189', '2025-02-11', 'Present', 1, '1-1');
INSERT INTO attendance (student_roll_no, date, status, subject_id, semester) VALUES ('22CSE189', '2025-02-12', 'Present', 1, '1-1');
INSERT INTO attendance (student_roll_no, date, status, subject_id, semester) VALUES ('22CSE189', '2025-02-13', 'Present', 1, '1-1');
INSERT INTO attendance (student_roll_no, date, status, subject_id, semester) VALUES ('22CSE189', '2025-02-14', 'Absent', 1, '1-1');
INSERT INTO attendance (student_roll_no, date, status, subject_id, semester) VALUES ('22CSE189', '2025-02-15', 'Present', 1, '1-1');
INSERT INTO attendance (student_roll_no, date, status, subject_id, semester) VALUES ('22CSE189', '2025-02-16', 'Present', 1, '1-1');
INSERT INTO attendance (student_roll_no, date, status, subject_id, semester) VALUES ('22CSE189', '2025-02-17', 'Present', 1, '1-1');
INSERT INTO attendance (student_roll_no, date, status, subject_id, semester) VALUES ('22CSE189', '2025-02-18', 'Absent', 1, '1-1');
INSERT INTO attendance (student_roll_no, date, status, subject_id, semester) VALUES ('22CSE189', '2025-02-19', 'Present', 1, '1-1');
INSERT INTO fees (student_roll_no, academic_year, tuition_fees, convener_fees, due_date, paid_fees) VALUES ('22CSE189', '2024-25', 50000, 15000, '2025-05-15', 30000);
INSERT INTO students (roll_no, admission_no, name, branch, section, year, gender, dob, religion, phone, email, aadhar, address, father_name, mother_name, parents_occupation, parents_mobile, annual_income, joining_date, photo_url, is_hosteller, password_hash) VALUES ('22IT190', 'ADM22IT190', 'Kumar Das', 'IT', 'C', 3, 'Male', '2005-04-13', 'Hindu', '9848924694', '22it190@nsrit.edu.in', '2721-9957-1826', 'H.No 224, Street 15, Visakhapatnam, AP', 'Das Ravi', 'Neha Das', 'Farmer', '9848924694', 340901, '2023-07-15', 'https://api.dicebear.com/7.x/avataaars/svg?seed=22IT190', 1, 'scrypt:32768:8:1$ARD8iu2R30ZgOvjn$0c28fb2c347ac069a47026ad5d1f981cf505bbde11b1e3626b8a21147aa73e5d94d807b682b1299e2029c5c2f76884672524bbc1c3de85f345c28f406888dfe1');
INSERT INTO mentors (student_roll_no, teacher_id) VALUES ('22IT190', 'TCH010');
INSERT INTO marks (student_roll_no, subject_id, grade, grade_point, credits) VALUES ('22IT190', 1, 'A', 8, 4);
INSERT INTO internal_marks (student_roll_no, subject_id, mid1, mid2, online_tests, assignments) VALUES ('22IT190', 1, 16, 22, 10, 5);
INSERT INTO marks (student_roll_no, subject_id, grade, grade_point, credits) VALUES ('22IT190', 2, 'B', 6, 4);
INSERT INTO internal_marks (student_roll_no, subject_id, mid1, mid2, online_tests, assignments) VALUES ('22IT190', 2, 23, 24, 10, 5);
INSERT INTO marks (student_roll_no, subject_id, grade, grade_point, credits) VALUES ('22IT190', 3, 'A', 8, 4);
INSERT INTO internal_marks (student_roll_no, subject_id, mid1, mid2, online_tests, assignments) VALUES ('22IT190', 3, 20, 19, 10, 5);
INSERT INTO semester_results (student_roll_no, semester, sgpa, cgpa, total_credits, percentage) VALUES ('22IT190',  '1-1', 8.5, 8.5,  11,  80.0);
INSERT INTO cgpa (student_roll_no, cgpa, total_credits, total_percentage) VALUES ('22IT190', 8.5, 11, 80.0);
INSERT INTO attendance (student_roll_no, date, status, subject_id, semester) VALUES ('22IT190', '2025-02-01', 'Present', 1, '1-1');
INSERT INTO attendance (student_roll_no, date, status, subject_id, semester) VALUES ('22IT190', '2025-02-02', 'Present', 1, '1-1');
INSERT INTO attendance (student_roll_no, date, status, subject_id, semester) VALUES ('22IT190', '2025-02-03', 'Present', 1, '1-1');
INSERT INTO attendance (student_roll_no, date, status, subject_id, semester) VALUES ('22IT190', '2025-02-04', 'Present', 1, '1-1');
INSERT INTO attendance (student_roll_no, date, status, subject_id, semester) VALUES ('22IT190', '2025-02-05', 'Present', 1, '1-1');
INSERT INTO attendance (student_roll_no, date, status, subject_id, semester) VALUES ('22IT190', '2025-02-06', 'Absent', 1, '1-1');
INSERT INTO attendance (student_roll_no, date, status, subject_id, semester) VALUES ('22IT190', '2025-02-07', 'Present', 1, '1-1');
INSERT INTO attendance (student_roll_no, date, status, subject_id, semester) VALUES ('22IT190', '2025-02-08', 'Present', 1, '1-1');
INSERT INTO attendance (student_roll_no, date, status, subject_id, semester) VALUES ('22IT190', '2025-02-09', 'Present', 1, '1-1');
INSERT INTO attendance (student_roll_no, date, status, subject_id, semester) VALUES ('22IT190', '2025-02-10', 'Present', 1, '1-1');
INSERT INTO attendance (student_roll_no, date, status, subject_id, semester) VALUES ('22IT190', '2025-02-11', 'Present', 1, '1-1');
INSERT INTO attendance (student_roll_no, date, status, subject_id, semester) VALUES ('22IT190', '2025-02-12', 'Present', 1, '1-1');
INSERT INTO attendance (student_roll_no, date, status, subject_id, semester) VALUES ('22IT190', '2025-02-13', 'Present', 1, '1-1');
INSERT INTO attendance (student_roll_no, date, status, subject_id, semester) VALUES ('22IT190', '2025-02-14', 'Present', 1, '1-1');
INSERT INTO attendance (student_roll_no, date, status, subject_id, semester) VALUES ('22IT190', '2025-02-15', 'Present', 1, '1-1');
INSERT INTO attendance (student_roll_no, date, status, subject_id, semester) VALUES ('22IT190', '2025-02-16', 'Present', 1, '1-1');
INSERT INTO attendance (student_roll_no, date, status, subject_id, semester) VALUES ('22IT190', '2025-02-17', 'Present', 1, '1-1');
INSERT INTO attendance (student_roll_no, date, status, subject_id, semester) VALUES ('22IT190', '2025-02-18', 'Present', 1, '1-1');
INSERT INTO attendance (student_roll_no, date, status, subject_id, semester) VALUES ('22IT190', '2025-02-19', 'Present', 1, '1-1');
INSERT INTO fees (student_roll_no, academic_year, tuition_fees, convener_fees, due_date, paid_fees) VALUES ('22IT190', '2024-25', 50000, 15000, '2025-05-15', 30000);
INSERT INTO outing_records (roll_number, date, reason) VALUES ('22IT190', '2025-03-01', 'Weekend home');
INSERT INTO students (roll_no, admission_no, name, branch, section, year, gender, dob, religion, phone, email, aadhar, address, father_name, mother_name, parents_occupation, parents_mobile, annual_income, joining_date, photo_url, is_hosteller, password_hash) VALUES ('22MECH191', 'ADM22MECH191', 'Gayathri Goud', 'MECH', 'C', 3, 'Male', '2005-06-09', 'Muslim', '9848361769', '22mech191@nsrit.edu.in', '3658-6826-5101', 'H.No 425, Street 18, Visakhapatnam, AP', 'Kumar Rahul', 'Sai Chowdary', 'Doctor', '9848361769', 424142, '2023-07-15', 'https://api.dicebear.com/7.x/avataaars/svg?seed=22MECH191', 0, 'scrypt:32768:8:1$ARD8iu2R30ZgOvjn$0c28fb2c347ac069a47026ad5d1f981cf505bbde11b1e3626b8a21147aa73e5d94d807b682b1299e2029c5c2f76884672524bbc1c3de85f345c28f406888dfe1');
INSERT INTO mentors (student_roll_no, teacher_id) VALUES ('22MECH191', 'TCH009');
INSERT INTO marks (student_roll_no, subject_id, grade, grade_point, credits) VALUES ('22MECH191', 1, 'C', 5, 4);
INSERT INTO internal_marks (student_roll_no, subject_id, mid1, mid2, online_tests, assignments) VALUES ('22MECH191', 1, 16, 15, 10, 5);
INSERT INTO marks (student_roll_no, subject_id, grade, grade_point, credits) VALUES ('22MECH191', 2, 'A+', 9, 4);
INSERT INTO internal_marks (student_roll_no, subject_id, mid1, mid2, online_tests, assignments) VALUES ('22MECH191', 2, 15, 20, 10, 5);
INSERT INTO marks (student_roll_no, subject_id, grade, grade_point, credits) VALUES ('22MECH191', 3, 'B', 6, 4);
INSERT INTO internal_marks (student_roll_no, subject_id, mid1, mid2, online_tests, assignments) VALUES ('22MECH191', 3, 22, 24, 10, 5);
INSERT INTO semester_results (student_roll_no, semester, sgpa, cgpa, total_credits, percentage) VALUES ('22MECH191',  '1-1', 8.5, 8.5,  11,  80.0);
INSERT INTO cgpa (student_roll_no, cgpa, total_credits, total_percentage) VALUES ('22MECH191', 8.5, 11, 80.0);
INSERT INTO attendance (student_roll_no, date, status, subject_id, semester) VALUES ('22MECH191', '2025-02-01', 'Present', 1, '1-1');
INSERT INTO attendance (student_roll_no, date, status, subject_id, semester) VALUES ('22MECH191', '2025-02-02', 'Present', 1, '1-1');
INSERT INTO attendance (student_roll_no, date, status, subject_id, semester) VALUES ('22MECH191', '2025-02-03', 'Present', 1, '1-1');
INSERT INTO attendance (student_roll_no, date, status, subject_id, semester) VALUES ('22MECH191', '2025-02-04', 'Present', 1, '1-1');
INSERT INTO attendance (student_roll_no, date, status, subject_id, semester) VALUES ('22MECH191', '2025-02-05', 'Present', 1, '1-1');
INSERT INTO attendance (student_roll_no, date, status, subject_id, semester) VALUES ('22MECH191', '2025-02-06', 'Present', 1, '1-1');
INSERT INTO attendance (student_roll_no, date, status, subject_id, semester) VALUES ('22MECH191', '2025-02-07', 'Present', 1, '1-1');
INSERT INTO attendance (student_roll_no, date, status, subject_id, semester) VALUES ('22MECH191', '2025-02-08', 'Absent', 1, '1-1');
INSERT INTO attendance (student_roll_no, date, status, subject_id, semester) VALUES ('22MECH191', '2025-02-09', 'Present', 1, '1-1');
INSERT INTO attendance (student_roll_no, date, status, subject_id, semester) VALUES ('22MECH191', '2025-02-10', 'Present', 1, '1-1');
INSERT INTO attendance (student_roll_no, date, status, subject_id, semester) VALUES ('22MECH191', '2025-02-11', 'Present', 1, '1-1');
INSERT INTO attendance (student_roll_no, date, status, subject_id, semester) VALUES ('22MECH191', '2025-02-12', 'Present', 1, '1-1');
INSERT INTO attendance (student_roll_no, date, status, subject_id, semester) VALUES ('22MECH191', '2025-02-13', 'Present', 1, '1-1');
INSERT INTO attendance (student_roll_no, date, status, subject_id, semester) VALUES ('22MECH191', '2025-02-14', 'Present', 1, '1-1');
INSERT INTO attendance (student_roll_no, date, status, subject_id, semester) VALUES ('22MECH191', '2025-02-15', 'Present', 1, '1-1');
INSERT INTO attendance (student_roll_no, date, status, subject_id, semester) VALUES ('22MECH191', '2025-02-16', 'Present', 1, '1-1');
INSERT INTO attendance (student_roll_no, date, status, subject_id, semester) VALUES ('22MECH191', '2025-02-17', 'Present', 1, '1-1');
INSERT INTO attendance (student_roll_no, date, status, subject_id, semester) VALUES ('22MECH191', '2025-02-18', 'Present', 1, '1-1');
INSERT INTO attendance (student_roll_no, date, status, subject_id, semester) VALUES ('22MECH191', '2025-02-19', 'Present', 1, '1-1');
INSERT INTO fees (student_roll_no, academic_year, tuition_fees, convener_fees, due_date, paid_fees) VALUES ('22MECH191', '2024-25', 50000, 15000, '2025-05-15', 30000);
INSERT INTO students (roll_no, admission_no, name, branch, section, year, gender, dob, religion, phone, email, aadhar, address, father_name, mother_name, parents_occupation, parents_mobile, annual_income, joining_date, photo_url, is_hosteller, password_hash) VALUES ('21MECH192', 'ADM21MECH192', 'Neha Naidu', 'MECH', 'B', 4, 'Female', '2005-01-12', 'Hindu', '9848282961', '21mech192@nsrit.edu.in', '3009-2399-2024', 'H.No 384, Street 10, Visakhapatnam, AP', 'Mishra Venkata', 'Ramesh Varma', 'Teacher', '9848282961', 207770, '2023-07-15', 'https://api.dicebear.com/7.x/avataaars/svg?seed=21MECH192', 0, 'scrypt:32768:8:1$ARD8iu2R30ZgOvjn$0c28fb2c347ac069a47026ad5d1f981cf505bbde11b1e3626b8a21147aa73e5d94d807b682b1299e2029c5c2f76884672524bbc1c3de85f345c28f406888dfe1');
INSERT INTO mentors (student_roll_no, teacher_id) VALUES ('21MECH192', 'TCH009');
INSERT INTO marks (student_roll_no, subject_id, grade, grade_point, credits) VALUES ('21MECH192', 1, 'C', 5, 4);
INSERT INTO internal_marks (student_roll_no, subject_id, mid1, mid2, online_tests, assignments) VALUES ('21MECH192', 1, 16, 17, 10, 5);
INSERT INTO marks (student_roll_no, subject_id, grade, grade_point, credits) VALUES ('21MECH192', 2, 'B+', 7, 4);
INSERT INTO internal_marks (student_roll_no, subject_id, mid1, mid2, online_tests, assignments) VALUES ('21MECH192', 2, 20, 17, 10, 5);
INSERT INTO marks (student_roll_no, subject_id, grade, grade_point, credits) VALUES ('21MECH192', 3, 'O', 10, 4);
INSERT INTO internal_marks (student_roll_no, subject_id, mid1, mid2, online_tests, assignments) VALUES ('21MECH192', 3, 21, 22, 10, 5);
INSERT INTO semester_results (student_roll_no, semester, sgpa, cgpa, total_credits, percentage) VALUES ('21MECH192',  '1-1', 8.5, 8.5,  11,  80.0);
INSERT INTO cgpa (student_roll_no, cgpa, total_credits, total_percentage) VALUES ('21MECH192', 8.5, 11, 80.0);
INSERT INTO attendance (student_roll_no, date, status, subject_id, semester) VALUES ('21MECH192', '2025-02-01', 'Present', 1, '1-1');
INSERT INTO attendance (student_roll_no, date, status, subject_id, semester) VALUES ('21MECH192', '2025-02-02', 'Present', 1, '1-1');
INSERT INTO attendance (student_roll_no, date, status, subject_id, semester) VALUES ('21MECH192', '2025-02-03', 'Present', 1, '1-1');
INSERT INTO attendance (student_roll_no, date, status, subject_id, semester) VALUES ('21MECH192', '2025-02-04', 'Absent', 1, '1-1');
INSERT INTO attendance (student_roll_no, date, status, subject_id, semester) VALUES ('21MECH192', '2025-02-05', 'Present', 1, '1-1');
INSERT INTO attendance (student_roll_no, date, status, subject_id, semester) VALUES ('21MECH192', '2025-02-06', 'Present', 1, '1-1');
INSERT INTO attendance (student_roll_no, date, status, subject_id, semester) VALUES ('21MECH192', '2025-02-07', 'Present', 1, '1-1');
INSERT INTO attendance (student_roll_no, date, status, subject_id, semester) VALUES ('21MECH192', '2025-02-08', 'Absent', 1, '1-1');
INSERT INTO attendance (student_roll_no, date, status, subject_id, semester) VALUES ('21MECH192', '2025-02-09', 'Present', 1, '1-1');
INSERT INTO attendance (student_roll_no, date, status, subject_id, semester) VALUES ('21MECH192', '2025-02-10', 'Present', 1, '1-1');
INSERT INTO attendance (student_roll_no, date, status, subject_id, semester) VALUES ('21MECH192', '2025-02-11', 'Present', 1, '1-1');
INSERT INTO attendance (student_roll_no, date, status, subject_id, semester) VALUES ('21MECH192', '2025-02-12', 'Present', 1, '1-1');
INSERT INTO attendance (student_roll_no, date, status, subject_id, semester) VALUES ('21MECH192', '2025-02-13', 'Present', 1, '1-1');
INSERT INTO attendance (student_roll_no, date, status, subject_id, semester) VALUES ('21MECH192', '2025-02-14', 'Present', 1, '1-1');
INSERT INTO attendance (student_roll_no, date, status, subject_id, semester) VALUES ('21MECH192', '2025-02-15', 'Present', 1, '1-1');
INSERT INTO attendance (student_roll_no, date, status, subject_id, semester) VALUES ('21MECH192', '2025-02-16', 'Present', 1, '1-1');
INSERT INTO attendance (student_roll_no, date, status, subject_id, semester) VALUES ('21MECH192', '2025-02-17', 'Absent', 1, '1-1');
INSERT INTO attendance (student_roll_no, date, status, subject_id, semester) VALUES ('21MECH192', '2025-02-18', 'Present', 1, '1-1');
INSERT INTO attendance (student_roll_no, date, status, subject_id, semester) VALUES ('21MECH192', '2025-02-19', 'Present', 1, '1-1');
INSERT INTO fees (student_roll_no, academic_year, tuition_fees, convener_fees, due_date, paid_fees) VALUES ('21MECH192', '2024-25', 50000, 15000, '2025-05-15', 30000);
INSERT INTO students (roll_no, admission_no, name, branch, section, year, gender, dob, religion, phone, email, aadhar, address, father_name, mother_name, parents_occupation, parents_mobile, annual_income, joining_date, photo_url, is_hosteller, password_hash) VALUES ('23MECH193', 'ADM23MECH193', 'Gayathri Varma', 'MECH', 'B', 2, 'Male', '2005-10-06', 'Hindu', '9848650282', '23mech193@nsrit.edu.in', '1654-4656-9257', 'H.No 71, Street 20, Visakhapatnam, AP', 'Naidu Prasad', 'Venkata Chowdary', 'Farmer', '9848650282', 180307, '2023-07-15', 'https://api.dicebear.com/7.x/avataaars/svg?seed=23MECH193', 0, 'scrypt:32768:8:1$ARD8iu2R30ZgOvjn$0c28fb2c347ac069a47026ad5d1f981cf505bbde11b1e3626b8a21147aa73e5d94d807b682b1299e2029c5c2f76884672524bbc1c3de85f345c28f406888dfe1');
INSERT INTO mentors (student_roll_no, teacher_id) VALUES ('23MECH193', 'TCH012');
INSERT INTO marks (student_roll_no, subject_id, grade, grade_point, credits) VALUES ('23MECH193', 1, 'C', 5, 4);
INSERT INTO internal_marks (student_roll_no, subject_id, mid1, mid2, online_tests, assignments) VALUES ('23MECH193', 1, 20, 24, 10, 5);
INSERT INTO marks (student_roll_no, subject_id, grade, grade_point, credits) VALUES ('23MECH193', 2, 'C', 5, 4);
INSERT INTO internal_marks (student_roll_no, subject_id, mid1, mid2, online_tests, assignments) VALUES ('23MECH193', 2, 20, 23, 10, 5);
INSERT INTO marks (student_roll_no, subject_id, grade, grade_point, credits) VALUES ('23MECH193', 3, 'A', 8, 4);
INSERT INTO internal_marks (student_roll_no, subject_id, mid1, mid2, online_tests, assignments) VALUES ('23MECH193', 3, 20, 21, 10, 5);
INSERT INTO semester_results (student_roll_no, semester, sgpa, cgpa, total_credits, percentage) VALUES ('23MECH193',  '1-1', 8.5, 8.5,  11,  80.0);
INSERT INTO cgpa (student_roll_no, cgpa, total_credits, total_percentage) VALUES ('23MECH193', 8.5, 11, 80.0);
INSERT INTO attendance (student_roll_no, date, status, subject_id, semester) VALUES ('23MECH193', '2025-02-01', 'Present', 1, '1-1');
INSERT INTO attendance (student_roll_no, date, status, subject_id, semester) VALUES ('23MECH193', '2025-02-02', 'Present', 1, '1-1');
INSERT INTO attendance (student_roll_no, date, status, subject_id, semester) VALUES ('23MECH193', '2025-02-03', 'Absent', 1, '1-1');
INSERT INTO attendance (student_roll_no, date, status, subject_id, semester) VALUES ('23MECH193', '2025-02-04', 'Present', 1, '1-1');
INSERT INTO attendance (student_roll_no, date, status, subject_id, semester) VALUES ('23MECH193', '2025-02-05', 'Present', 1, '1-1');
INSERT INTO attendance (student_roll_no, date, status, subject_id, semester) VALUES ('23MECH193', '2025-02-06', 'Present', 1, '1-1');
INSERT INTO attendance (student_roll_no, date, status, subject_id, semester) VALUES ('23MECH193', '2025-02-07', 'Present', 1, '1-1');
INSERT INTO attendance (student_roll_no, date, status, subject_id, semester) VALUES ('23MECH193', '2025-02-08', 'Present', 1, '1-1');
INSERT INTO attendance (student_roll_no, date, status, subject_id, semester) VALUES ('23MECH193', '2025-02-09', 'Present', 1, '1-1');
INSERT INTO attendance (student_roll_no, date, status, subject_id, semester) VALUES ('23MECH193', '2025-02-10', 'Present', 1, '1-1');
INSERT INTO attendance (student_roll_no, date, status, subject_id, semester) VALUES ('23MECH193', '2025-02-11', 'Present', 1, '1-1');
INSERT INTO attendance (student_roll_no, date, status, subject_id, semester) VALUES ('23MECH193', '2025-02-12', 'Present', 1, '1-1');
INSERT INTO attendance (student_roll_no, date, status, subject_id, semester) VALUES ('23MECH193', '2025-02-13', 'Present', 1, '1-1');
INSERT INTO attendance (student_roll_no, date, status, subject_id, semester) VALUES ('23MECH193', '2025-02-14', 'Present', 1, '1-1');
INSERT INTO attendance (student_roll_no, date, status, subject_id, semester) VALUES ('23MECH193', '2025-02-15', 'Present', 1, '1-1');
INSERT INTO attendance (student_roll_no, date, status, subject_id, semester) VALUES ('23MECH193', '2025-02-16', 'Present', 1, '1-1');
INSERT INTO attendance (student_roll_no, date, status, subject_id, semester) VALUES ('23MECH193', '2025-02-17', 'Present', 1, '1-1');
INSERT INTO attendance (student_roll_no, date, status, subject_id, semester) VALUES ('23MECH193', '2025-02-18', 'Present', 1, '1-1');
INSERT INTO attendance (student_roll_no, date, status, subject_id, semester) VALUES ('23MECH193', '2025-02-19', 'Present', 1, '1-1');
INSERT INTO fees (student_roll_no, academic_year, tuition_fees, convener_fees, due_date, paid_fees) VALUES ('23MECH193', '2024-25', 50000, 15000, '2025-05-15', 30000);
INSERT INTO students (roll_no, admission_no, name, branch, section, year, gender, dob, religion, phone, email, aadhar, address, father_name, mother_name, parents_occupation, parents_mobile, annual_income, joining_date, photo_url, is_hosteller, password_hash) VALUES ('21CSE194', 'ADM21CSE194', 'Swathi Varma', 'CSE', 'B', 4, 'Female', '2005-12-20', 'Christian', '9848282677', '21cse194@nsrit.edu.in', '2284-2456-6119', 'H.No 14, Street 3, Visakhapatnam, AP', 'Yadav Raja', 'Swathi Mishra', 'Teacher', '9848282677', 727745, '2023-07-15', 'https://api.dicebear.com/7.x/avataaars/svg?seed=21CSE194', 0, 'scrypt:32768:8:1$ARD8iu2R30ZgOvjn$0c28fb2c347ac069a47026ad5d1f981cf505bbde11b1e3626b8a21147aa73e5d94d807b682b1299e2029c5c2f76884672524bbc1c3de85f345c28f406888dfe1');
INSERT INTO mentors (student_roll_no, teacher_id) VALUES ('21CSE194', 'TCH007');
INSERT INTO marks (student_roll_no, subject_id, grade, grade_point, credits) VALUES ('21CSE194', 1, 'A', 8, 4);
INSERT INTO internal_marks (student_roll_no, subject_id, mid1, mid2, online_tests, assignments) VALUES ('21CSE194', 1, 22, 16, 10, 5);
INSERT INTO marks (student_roll_no, subject_id, grade, grade_point, credits) VALUES ('21CSE194', 2, 'C', 5, 4);
INSERT INTO internal_marks (student_roll_no, subject_id, mid1, mid2, online_tests, assignments) VALUES ('21CSE194', 2, 17, 23, 10, 5);
INSERT INTO marks (student_roll_no, subject_id, grade, grade_point, credits) VALUES ('21CSE194', 3, 'A+', 9, 4);
INSERT INTO internal_marks (student_roll_no, subject_id, mid1, mid2, online_tests, assignments) VALUES ('21CSE194', 3, 24, 15, 10, 5);
INSERT INTO semester_results (student_roll_no, semester, sgpa, cgpa, total_credits, percentage) VALUES ('21CSE194',  '1-1', 8.5, 8.5,  11,  80.0);
INSERT INTO cgpa (student_roll_no, cgpa, total_credits, total_percentage) VALUES ('21CSE194', 8.5, 11, 80.0);
INSERT INTO attendance (student_roll_no, date, status, subject_id, semester) VALUES ('21CSE194', '2025-02-01', 'Absent', 1, '1-1');
INSERT INTO attendance (student_roll_no, date, status, subject_id, semester) VALUES ('21CSE194', '2025-02-02', 'Present', 1, '1-1');
INSERT INTO attendance (student_roll_no, date, status, subject_id, semester) VALUES ('21CSE194', '2025-02-03', 'Present', 1, '1-1');
INSERT INTO attendance (student_roll_no, date, status, subject_id, semester) VALUES ('21CSE194', '2025-02-04', 'Present', 1, '1-1');
INSERT INTO attendance (student_roll_no, date, status, subject_id, semester) VALUES ('21CSE194', '2025-02-05', 'Present', 1, '1-1');
INSERT INTO attendance (student_roll_no, date, status, subject_id, semester) VALUES ('21CSE194', '2025-02-06', 'Present', 1, '1-1');
INSERT INTO attendance (student_roll_no, date, status, subject_id, semester) VALUES ('21CSE194', '2025-02-07', 'Present', 1, '1-1');
INSERT INTO attendance (student_roll_no, date, status, subject_id, semester) VALUES ('21CSE194', '2025-02-08', 'Present', 1, '1-1');
INSERT INTO attendance (student_roll_no, date, status, subject_id, semester) VALUES ('21CSE194', '2025-02-09', 'Present', 1, '1-1');
INSERT INTO attendance (student_roll_no, date, status, subject_id, semester) VALUES ('21CSE194', '2025-02-10', 'Present', 1, '1-1');
INSERT INTO attendance (student_roll_no, date, status, subject_id, semester) VALUES ('21CSE194', '2025-02-11', 'Present', 1, '1-1');
INSERT INTO attendance (student_roll_no, date, status, subject_id, semester) VALUES ('21CSE194', '2025-02-12', 'Present', 1, '1-1');
INSERT INTO attendance (student_roll_no, date, status, subject_id, semester) VALUES ('21CSE194', '2025-02-13', 'Absent', 1, '1-1');
INSERT INTO attendance (student_roll_no, date, status, subject_id, semester) VALUES ('21CSE194', '2025-02-14', 'Present', 1, '1-1');
INSERT INTO attendance (student_roll_no, date, status, subject_id, semester) VALUES ('21CSE194', '2025-02-15', 'Absent', 1, '1-1');
INSERT INTO attendance (student_roll_no, date, status, subject_id, semester) VALUES ('21CSE194', '2025-02-16', 'Present', 1, '1-1');
INSERT INTO attendance (student_roll_no, date, status, subject_id, semester) VALUES ('21CSE194', '2025-02-17', 'Present', 1, '1-1');
INSERT INTO attendance (student_roll_no, date, status, subject_id, semester) VALUES ('21CSE194', '2025-02-18', 'Present', 1, '1-1');
INSERT INTO attendance (student_roll_no, date, status, subject_id, semester) VALUES ('21CSE194', '2025-02-19', 'Present', 1, '1-1');
INSERT INTO fees (student_roll_no, academic_year, tuition_fees, convener_fees, due_date, paid_fees) VALUES ('21CSE194', '2024-25', 50000, 15000, '2025-05-15', 30000);
INSERT INTO students (roll_no, admission_no, name, branch, section, year, gender, dob, religion, phone, email, aadhar, address, father_name, mother_name, parents_occupation, parents_mobile, annual_income, joining_date, photo_url, is_hosteller, password_hash) VALUES ('24CIVIL195', 'ADM24CIVIL195', 'Kumar Rao', 'CIVIL', 'B', 1, 'Female', '2005-10-15', 'Muslim', '9848166632', '24civil195@nsrit.edu.in', '2446-1612-3629', 'H.No 138, Street 19, Visakhapatnam, AP', 'Goud Hari', 'Divya Das', 'Engineer', '9848166632', 408729, '2024-07-15', 'https://api.dicebear.com/7.x/avataaars/svg?seed=24CIVIL195', 1, 'scrypt:32768:8:1$ARD8iu2R30ZgOvjn$0c28fb2c347ac069a47026ad5d1f981cf505bbde11b1e3626b8a21147aa73e5d94d807b682b1299e2029c5c2f76884672524bbc1c3de85f345c28f406888dfe1');
INSERT INTO mentors (student_roll_no, teacher_id) VALUES ('24CIVIL195', 'TCH007');
INSERT INTO marks (student_roll_no, subject_id, grade, grade_point, credits) VALUES ('24CIVIL195', 1, 'O', 10, 4);
INSERT INTO internal_marks (student_roll_no, subject_id, mid1, mid2, online_tests, assignments) VALUES ('24CIVIL195', 1, 18, 25, 10, 5);
INSERT INTO marks (student_roll_no, subject_id, grade, grade_point, credits) VALUES ('24CIVIL195', 2, 'A', 8, 4);
INSERT INTO internal_marks (student_roll_no, subject_id, mid1, mid2, online_tests, assignments) VALUES ('24CIVIL195', 2, 15, 21, 10, 5);
INSERT INTO marks (student_roll_no, subject_id, grade, grade_point, credits) VALUES ('24CIVIL195', 3, 'O', 10, 4);
INSERT INTO internal_marks (student_roll_no, subject_id, mid1, mid2, online_tests, assignments) VALUES ('24CIVIL195', 3, 15, 20, 10, 5);
INSERT INTO semester_results (student_roll_no, semester, sgpa, cgpa, total_credits, percentage) VALUES ('24CIVIL195',  '1-1', 8.5, 8.5,  11,  80.0);
INSERT INTO cgpa (student_roll_no, cgpa, total_credits, total_percentage) VALUES ('24CIVIL195', 8.5, 11, 80.0);
INSERT INTO attendance (student_roll_no, date, status, subject_id, semester) VALUES ('24CIVIL195', '2025-02-01', 'Present', 1, '1-1');
INSERT INTO attendance (student_roll_no, date, status, subject_id, semester) VALUES ('24CIVIL195', '2025-02-02', 'Present', 1, '1-1');
INSERT INTO attendance (student_roll_no, date, status, subject_id, semester) VALUES ('24CIVIL195', '2025-02-03', 'Present', 1, '1-1');
INSERT INTO attendance (student_roll_no, date, status, subject_id, semester) VALUES ('24CIVIL195', '2025-02-04', 'Present', 1, '1-1');
INSERT INTO attendance (student_roll_no, date, status, subject_id, semester) VALUES ('24CIVIL195', '2025-02-05', 'Present', 1, '1-1');
INSERT INTO attendance (student_roll_no, date, status, subject_id, semester) VALUES ('24CIVIL195', '2025-02-06', 'Present', 1, '1-1');
INSERT INTO attendance (student_roll_no, date, status, subject_id, semester) VALUES ('24CIVIL195', '2025-02-07', 'Present', 1, '1-1');
INSERT INTO attendance (student_roll_no, date, status, subject_id, semester) VALUES ('24CIVIL195', '2025-02-08', 'Present', 1, '1-1');
INSERT INTO attendance (student_roll_no, date, status, subject_id, semester) VALUES ('24CIVIL195', '2025-02-09', 'Absent', 1, '1-1');
INSERT INTO attendance (student_roll_no, date, status, subject_id, semester) VALUES ('24CIVIL195', '2025-02-10', 'Present', 1, '1-1');
INSERT INTO attendance (student_roll_no, date, status, subject_id, semester) VALUES ('24CIVIL195', '2025-02-11', 'Present', 1, '1-1');
INSERT INTO attendance (student_roll_no, date, status, subject_id, semester) VALUES ('24CIVIL195', '2025-02-12', 'Absent', 1, '1-1');
INSERT INTO attendance (student_roll_no, date, status, subject_id, semester) VALUES ('24CIVIL195', '2025-02-13', 'Present', 1, '1-1');
INSERT INTO attendance (student_roll_no, date, status, subject_id, semester) VALUES ('24CIVIL195', '2025-02-14', 'Present', 1, '1-1');
INSERT INTO attendance (student_roll_no, date, status, subject_id, semester) VALUES ('24CIVIL195', '2025-02-15', 'Present', 1, '1-1');
INSERT INTO attendance (student_roll_no, date, status, subject_id, semester) VALUES ('24CIVIL195', '2025-02-16', 'Present', 1, '1-1');
INSERT INTO attendance (student_roll_no, date, status, subject_id, semester) VALUES ('24CIVIL195', '2025-02-17', 'Present', 1, '1-1');
INSERT INTO attendance (student_roll_no, date, status, subject_id, semester) VALUES ('24CIVIL195', '2025-02-18', 'Present', 1, '1-1');
INSERT INTO attendance (student_roll_no, date, status, subject_id, semester) VALUES ('24CIVIL195', '2025-02-19', 'Present', 1, '1-1');
INSERT INTO fees (student_roll_no, academic_year, tuition_fees, convener_fees, due_date, paid_fees) VALUES ('24CIVIL195', '2024-25', 50000, 15000, '2025-05-15', 30000);
INSERT INTO outing_records (roll_number, date, reason) VALUES ('24CIVIL195', '2025-03-01', 'Weekend home');
INSERT INTO students (roll_no, admission_no, name, branch, section, year, gender, dob, religion, phone, email, aadhar, address, father_name, mother_name, parents_occupation, parents_mobile, annual_income, joining_date, photo_url, is_hosteller, password_hash) VALUES ('23EEE196', 'ADM23EEE196', 'Swathi Kumar', 'EEE', 'A', 2, 'Male', '2005-02-12', 'Hindu', '9848948252', '23eee196@nsrit.edu.in', '7803-9167-6407', 'H.No 82, Street 9, Visakhapatnam, AP', 'Chowdary Gayathri', 'Kiran Sharma', 'Doctor', '9848948252', 923805, '2023-07-15', 'https://api.dicebear.com/7.x/avataaars/svg?seed=23EEE196', 0, 'scrypt:32768:8:1$ARD8iu2R30ZgOvjn$0c28fb2c347ac069a47026ad5d1f981cf505bbde11b1e3626b8a21147aa73e5d94d807b682b1299e2029c5c2f76884672524bbc1c3de85f345c28f406888dfe1');
INSERT INTO mentors (student_roll_no, teacher_id) VALUES ('23EEE196', 'TCH014');
INSERT INTO marks (student_roll_no, subject_id, grade, grade_point, credits) VALUES ('23EEE196', 1, 'A+', 9, 4);
INSERT INTO internal_marks (student_roll_no, subject_id, mid1, mid2, online_tests, assignments) VALUES ('23EEE196', 1, 23, 25, 10, 5);
INSERT INTO marks (student_roll_no, subject_id, grade, grade_point, credits) VALUES ('23EEE196', 2, 'A', 8, 4);
INSERT INTO internal_marks (student_roll_no, subject_id, mid1, mid2, online_tests, assignments) VALUES ('23EEE196', 2, 23, 16, 10, 5);
INSERT INTO marks (student_roll_no, subject_id, grade, grade_point, credits) VALUES ('23EEE196', 3, 'A+', 9, 4);
INSERT INTO internal_marks (student_roll_no, subject_id, mid1, mid2, online_tests, assignments) VALUES ('23EEE196', 3, 23, 18, 10, 5);
INSERT INTO semester_results (student_roll_no, semester, sgpa, cgpa, total_credits, percentage) VALUES ('23EEE196',  '1-1', 8.5, 8.5,  11,  80.0);
INSERT INTO cgpa (student_roll_no, cgpa, total_credits, total_percentage) VALUES ('23EEE196', 8.5, 11, 80.0);
INSERT INTO attendance (student_roll_no, date, status, subject_id, semester) VALUES ('23EEE196', '2025-02-01', 'Present', 1, '1-1');
INSERT INTO attendance (student_roll_no, date, status, subject_id, semester) VALUES ('23EEE196', '2025-02-02', 'Present', 1, '1-1');
INSERT INTO attendance (student_roll_no, date, status, subject_id, semester) VALUES ('23EEE196', '2025-02-03', 'Present', 1, '1-1');
INSERT INTO attendance (student_roll_no, date, status, subject_id, semester) VALUES ('23EEE196', '2025-02-04', 'Present', 1, '1-1');
INSERT INTO attendance (student_roll_no, date, status, subject_id, semester) VALUES ('23EEE196', '2025-02-05', 'Present', 1, '1-1');
INSERT INTO attendance (student_roll_no, date, status, subject_id, semester) VALUES ('23EEE196', '2025-02-06', 'Absent', 1, '1-1');
INSERT INTO attendance (student_roll_no, date, status, subject_id, semester) VALUES ('23EEE196', '2025-02-07', 'Present', 1, '1-1');
INSERT INTO attendance (student_roll_no, date, status, subject_id, semester) VALUES ('23EEE196', '2025-02-08', 'Present', 1, '1-1');
INSERT INTO attendance (student_roll_no, date, status, subject_id, semester) VALUES ('23EEE196', '2025-02-09', 'Absent', 1, '1-1');
INSERT INTO attendance (student_roll_no, date, status, subject_id, semester) VALUES ('23EEE196', '2025-02-10', 'Present', 1, '1-1');
INSERT INTO attendance (student_roll_no, date, status, subject_id, semester) VALUES ('23EEE196', '2025-02-11', 'Present', 1, '1-1');
INSERT INTO attendance (student_roll_no, date, status, subject_id, semester) VALUES ('23EEE196', '2025-02-12', 'Present', 1, '1-1');
INSERT INTO attendance (student_roll_no, date, status, subject_id, semester) VALUES ('23EEE196', '2025-02-13', 'Present', 1, '1-1');
INSERT INTO attendance (student_roll_no, date, status, subject_id, semester) VALUES ('23EEE196', '2025-02-14', 'Present', 1, '1-1');
INSERT INTO attendance (student_roll_no, date, status, subject_id, semester) VALUES ('23EEE196', '2025-02-15', 'Present', 1, '1-1');
INSERT INTO attendance (student_roll_no, date, status, subject_id, semester) VALUES ('23EEE196', '2025-02-16', 'Present', 1, '1-1');
INSERT INTO attendance (student_roll_no, date, status, subject_id, semester) VALUES ('23EEE196', '2025-02-17', 'Present', 1, '1-1');
INSERT INTO attendance (student_roll_no, date, status, subject_id, semester) VALUES ('23EEE196', '2025-02-18', 'Present', 1, '1-1');
INSERT INTO attendance (student_roll_no, date, status, subject_id, semester) VALUES ('23EEE196', '2025-02-19', 'Present', 1, '1-1');
INSERT INTO fees (student_roll_no, academic_year, tuition_fees, convener_fees, due_date, paid_fees) VALUES ('23EEE196', '2024-25', 50000, 15000, '2025-05-15', 30000);
INSERT INTO students (roll_no, admission_no, name, branch, section, year, gender, dob, religion, phone, email, aadhar, address, father_name, mother_name, parents_occupation, parents_mobile, annual_income, joining_date, photo_url, is_hosteller, password_hash) VALUES ('22MECH197', 'ADM22MECH197', 'Arjun Singh', 'MECH', 'B', 3, 'Male', '2005-10-20', 'Sikh', '9848151152', '22mech197@nsrit.edu.in', '3197-6836-5716', 'H.No 171, Street 19, Visakhapatnam, AP', 'Reddy Akhil', 'Arjun Kumar', 'Engineer', '9848151152', 822088, '2023-07-15', 'https://api.dicebear.com/7.x/avataaars/svg?seed=22MECH197', 0, 'scrypt:32768:8:1$ARD8iu2R30ZgOvjn$0c28fb2c347ac069a47026ad5d1f981cf505bbde11b1e3626b8a21147aa73e5d94d807b682b1299e2029c5c2f76884672524bbc1c3de85f345c28f406888dfe1');
INSERT INTO mentors (student_roll_no, teacher_id) VALUES ('22MECH197', 'TCH003');
INSERT INTO marks (student_roll_no, subject_id, grade, grade_point, credits) VALUES ('22MECH197', 1, 'A', 8, 4);
INSERT INTO internal_marks (student_roll_no, subject_id, mid1, mid2, online_tests, assignments) VALUES ('22MECH197', 1, 15, 21, 10, 5);
INSERT INTO marks (student_roll_no, subject_id, grade, grade_point, credits) VALUES ('22MECH197', 2, 'O', 10, 4);
INSERT INTO internal_marks (student_roll_no, subject_id, mid1, mid2, online_tests, assignments) VALUES ('22MECH197', 2, 21, 24, 10, 5);
INSERT INTO marks (student_roll_no, subject_id, grade, grade_point, credits) VALUES ('22MECH197', 3, 'A', 8, 4);
INSERT INTO internal_marks (student_roll_no, subject_id, mid1, mid2, online_tests, assignments) VALUES ('22MECH197', 3, 25, 24, 10, 5);
INSERT INTO semester_results (student_roll_no, semester, sgpa, cgpa, total_credits, percentage) VALUES ('22MECH197',  '1-1', 8.5, 8.5,  11,  80.0);
INSERT INTO cgpa (student_roll_no, cgpa, total_credits, total_percentage) VALUES ('22MECH197', 8.5, 11, 80.0);
INSERT INTO attendance (student_roll_no, date, status, subject_id, semester) VALUES ('22MECH197', '2025-02-01', 'Present', 1, '1-1');
INSERT INTO attendance (student_roll_no, date, status, subject_id, semester) VALUES ('22MECH197', '2025-02-02', 'Present', 1, '1-1');
INSERT INTO attendance (student_roll_no, date, status, subject_id, semester) VALUES ('22MECH197', '2025-02-03', 'Present', 1, '1-1');
INSERT INTO attendance (student_roll_no, date, status, subject_id, semester) VALUES ('22MECH197', '2025-02-04', 'Present', 1, '1-1');
INSERT INTO attendance (student_roll_no, date, status, subject_id, semester) VALUES ('22MECH197', '2025-02-05', 'Present', 1, '1-1');
INSERT INTO attendance (student_roll_no, date, status, subject_id, semester) VALUES ('22MECH197', '2025-02-06', 'Present', 1, '1-1');
INSERT INTO attendance (student_roll_no, date, status, subject_id, semester) VALUES ('22MECH197', '2025-02-07', 'Present', 1, '1-1');
INSERT INTO attendance (student_roll_no, date, status, subject_id, semester) VALUES ('22MECH197', '2025-02-08', 'Present', 1, '1-1');
INSERT INTO attendance (student_roll_no, date, status, subject_id, semester) VALUES ('22MECH197', '2025-02-09', 'Present', 1, '1-1');
INSERT INTO attendance (student_roll_no, date, status, subject_id, semester) VALUES ('22MECH197', '2025-02-10', 'Present', 1, '1-1');
INSERT INTO attendance (student_roll_no, date, status, subject_id, semester) VALUES ('22MECH197', '2025-02-11', 'Present', 1, '1-1');
INSERT INTO attendance (student_roll_no, date, status, subject_id, semester) VALUES ('22MECH197', '2025-02-12', 'Present', 1, '1-1');
INSERT INTO attendance (student_roll_no, date, status, subject_id, semester) VALUES ('22MECH197', '2025-02-13', 'Present', 1, '1-1');
INSERT INTO attendance (student_roll_no, date, status, subject_id, semester) VALUES ('22MECH197', '2025-02-14', 'Present', 1, '1-1');
INSERT INTO attendance (student_roll_no, date, status, subject_id, semester) VALUES ('22MECH197', '2025-02-15', 'Present', 1, '1-1');
INSERT INTO attendance (student_roll_no, date, status, subject_id, semester) VALUES ('22MECH197', '2025-02-16', 'Present', 1, '1-1');
INSERT INTO attendance (student_roll_no, date, status, subject_id, semester) VALUES ('22MECH197', '2025-02-17', 'Present', 1, '1-1');
INSERT INTO attendance (student_roll_no, date, status, subject_id, semester) VALUES ('22MECH197', '2025-02-18', 'Present', 1, '1-1');
INSERT INTO attendance (student_roll_no, date, status, subject_id, semester) VALUES ('22MECH197', '2025-02-19', 'Present', 1, '1-1');
INSERT INTO fees (student_roll_no, academic_year, tuition_fees, convener_fees, due_date, paid_fees) VALUES ('22MECH197', '2024-25', 50000, 15000, '2025-05-15', 30000);
INSERT INTO students (roll_no, admission_no, name, branch, section, year, gender, dob, religion, phone, email, aadhar, address, father_name, mother_name, parents_occupation, parents_mobile, annual_income, joining_date, photo_url, is_hosteller, password_hash) VALUES ('23CIVIL198', 'ADM23CIVIL198', 'Karthik Das', 'CIVIL', 'B', 2, 'Female', '2005-05-17', 'Sikh', '9848590358', '23civil198@nsrit.edu.in', '6613-1503-2291', 'H.No 469, Street 17, Visakhapatnam, AP', 'Naidu Divya', 'Sanjana Gupta', 'Engineer', '9848590358', 692294, '2023-07-15', 'https://api.dicebear.com/7.x/avataaars/svg?seed=23CIVIL198', 0, 'scrypt:32768:8:1$ARD8iu2R30ZgOvjn$0c28fb2c347ac069a47026ad5d1f981cf505bbde11b1e3626b8a21147aa73e5d94d807b682b1299e2029c5c2f76884672524bbc1c3de85f345c28f406888dfe1');
INSERT INTO mentors (student_roll_no, teacher_id) VALUES ('23CIVIL198', 'TCH011');
INSERT INTO marks (student_roll_no, subject_id, grade, grade_point, credits) VALUES ('23CIVIL198', 1, 'A', 8, 4);
INSERT INTO internal_marks (student_roll_no, subject_id, mid1, mid2, online_tests, assignments) VALUES ('23CIVIL198', 1, 23, 19, 10, 5);
INSERT INTO marks (student_roll_no, subject_id, grade, grade_point, credits) VALUES ('23CIVIL198', 2, 'C', 5, 4);
INSERT INTO internal_marks (student_roll_no, subject_id, mid1, mid2, online_tests, assignments) VALUES ('23CIVIL198', 2, 19, 15, 10, 5);
INSERT INTO marks (student_roll_no, subject_id, grade, grade_point, credits) VALUES ('23CIVIL198', 3, 'O', 10, 4);
INSERT INTO internal_marks (student_roll_no, subject_id, mid1, mid2, online_tests, assignments) VALUES ('23CIVIL198', 3, 25, 22, 10, 5);
INSERT INTO semester_results (student_roll_no, semester, sgpa, cgpa, total_credits, percentage) VALUES ('23CIVIL198',  '1-1', 8.5, 8.5,  11,  80.0);
INSERT INTO cgpa (student_roll_no, cgpa, total_credits, total_percentage) VALUES ('23CIVIL198', 8.5, 11, 80.0);
INSERT INTO attendance (student_roll_no, date, status, subject_id, semester) VALUES ('23CIVIL198', '2025-02-01', 'Present', 1, '1-1');
INSERT INTO attendance (student_roll_no, date, status, subject_id, semester) VALUES ('23CIVIL198', '2025-02-02', 'Present', 1, '1-1');
INSERT INTO attendance (student_roll_no, date, status, subject_id, semester) VALUES ('23CIVIL198', '2025-02-03', 'Present', 1, '1-1');
INSERT INTO attendance (student_roll_no, date, status, subject_id, semester) VALUES ('23CIVIL198', '2025-02-04', 'Absent', 1, '1-1');
INSERT INTO attendance (student_roll_no, date, status, subject_id, semester) VALUES ('23CIVIL198', '2025-02-05', 'Present', 1, '1-1');
INSERT INTO attendance (student_roll_no, date, status, subject_id, semester) VALUES ('23CIVIL198', '2025-02-06', 'Present', 1, '1-1');
INSERT INTO attendance (student_roll_no, date, status, subject_id, semester) VALUES ('23CIVIL198', '2025-02-07', 'Present', 1, '1-1');
INSERT INTO attendance (student_roll_no, date, status, subject_id, semester) VALUES ('23CIVIL198', '2025-02-08', 'Present', 1, '1-1');
INSERT INTO attendance (student_roll_no, date, status, subject_id, semester) VALUES ('23CIVIL198', '2025-02-09', 'Present', 1, '1-1');
INSERT INTO attendance (student_roll_no, date, status, subject_id, semester) VALUES ('23CIVIL198', '2025-02-10', 'Absent', 1, '1-1');
INSERT INTO attendance (student_roll_no, date, status, subject_id, semester) VALUES ('23CIVIL198', '2025-02-11', 'Present', 1, '1-1');
INSERT INTO attendance (student_roll_no, date, status, subject_id, semester) VALUES ('23CIVIL198', '2025-02-12', 'Present', 1, '1-1');
INSERT INTO attendance (student_roll_no, date, status, subject_id, semester) VALUES ('23CIVIL198', '2025-02-13', 'Present', 1, '1-1');
INSERT INTO attendance (student_roll_no, date, status, subject_id, semester) VALUES ('23CIVIL198', '2025-02-14', 'Present', 1, '1-1');
INSERT INTO attendance (student_roll_no, date, status, subject_id, semester) VALUES ('23CIVIL198', '2025-02-15', 'Present', 1, '1-1');
INSERT INTO attendance (student_roll_no, date, status, subject_id, semester) VALUES ('23CIVIL198', '2025-02-16', 'Present', 1, '1-1');
INSERT INTO attendance (student_roll_no, date, status, subject_id, semester) VALUES ('23CIVIL198', '2025-02-17', 'Present', 1, '1-1');
INSERT INTO attendance (student_roll_no, date, status, subject_id, semester) VALUES ('23CIVIL198', '2025-02-18', 'Present', 1, '1-1');
INSERT INTO attendance (student_roll_no, date, status, subject_id, semester) VALUES ('23CIVIL198', '2025-02-19', 'Present', 1, '1-1');
INSERT INTO fees (student_roll_no, academic_year, tuition_fees, convener_fees, due_date, paid_fees) VALUES ('23CIVIL198', '2024-25', 50000, 15000, '2025-05-15', 30000);
INSERT INTO students (roll_no, admission_no, name, branch, section, year, gender, dob, religion, phone, email, aadhar, address, father_name, mother_name, parents_occupation, parents_mobile, annual_income, joining_date, photo_url, is_hosteller, password_hash) VALUES ('23MECH199', 'ADM23MECH199', 'Hari Naidu', 'MECH', 'B', 2, 'Male', '2005-02-25', 'Christian', '9848556695', '23mech199@nsrit.edu.in', '4412-4635-2698', 'H.No 330, Street 5, Visakhapatnam, AP', 'Varma Ravi', 'Venkata Singh', 'Engineer', '9848556695', 354923, '2023-07-15', 'https://api.dicebear.com/7.x/avataaars/svg?seed=23MECH199', 0, 'scrypt:32768:8:1$ARD8iu2R30ZgOvjn$0c28fb2c347ac069a47026ad5d1f981cf505bbde11b1e3626b8a21147aa73e5d94d807b682b1299e2029c5c2f76884672524bbc1c3de85f345c28f406888dfe1');
INSERT INTO mentors (student_roll_no, teacher_id) VALUES ('23MECH199', 'TCH002');
INSERT INTO marks (student_roll_no, subject_id, grade, grade_point, credits) VALUES ('23MECH199', 1, 'A+', 9, 4);
INSERT INTO internal_marks (student_roll_no, subject_id, mid1, mid2, online_tests, assignments) VALUES ('23MECH199', 1, 22, 15, 10, 5);
INSERT INTO marks (student_roll_no, subject_id, grade, grade_point, credits) VALUES ('23MECH199', 2, 'B', 6, 4);
INSERT INTO internal_marks (student_roll_no, subject_id, mid1, mid2, online_tests, assignments) VALUES ('23MECH199', 2, 19, 24, 10, 5);
INSERT INTO marks (student_roll_no, subject_id, grade, grade_point, credits) VALUES ('23MECH199', 3, 'B', 6, 4);
INSERT INTO internal_marks (student_roll_no, subject_id, mid1, mid2, online_tests, assignments) VALUES ('23MECH199', 3, 20, 16, 10, 5);
INSERT INTO semester_results (student_roll_no, semester, sgpa, cgpa, total_credits, percentage) VALUES ('23MECH199',  '1-1', 8.5, 8.5,  11,  80.0);
INSERT INTO cgpa (student_roll_no, cgpa, total_credits, total_percentage) VALUES ('23MECH199', 8.5, 11, 80.0);
INSERT INTO attendance (student_roll_no, date, status, subject_id, semester) VALUES ('23MECH199', '2025-02-01', 'Present', 1, '1-1');
INSERT INTO attendance (student_roll_no, date, status, subject_id, semester) VALUES ('23MECH199', '2025-02-02', 'Present', 1, '1-1');
INSERT INTO attendance (student_roll_no, date, status, subject_id, semester) VALUES ('23MECH199', '2025-02-03', 'Present', 1, '1-1');
INSERT INTO attendance (student_roll_no, date, status, subject_id, semester) VALUES ('23MECH199', '2025-02-04', 'Present', 1, '1-1');
INSERT INTO attendance (student_roll_no, date, status, subject_id, semester) VALUES ('23MECH199', '2025-02-05', 'Present', 1, '1-1');
INSERT INTO attendance (student_roll_no, date, status, subject_id, semester) VALUES ('23MECH199', '2025-02-06', 'Present', 1, '1-1');
INSERT INTO attendance (student_roll_no, date, status, subject_id, semester) VALUES ('23MECH199', '2025-02-07', 'Present', 1, '1-1');
INSERT INTO attendance (student_roll_no, date, status, subject_id, semester) VALUES ('23MECH199', '2025-02-08', 'Present', 1, '1-1');
INSERT INTO attendance (student_roll_no, date, status, subject_id, semester) VALUES ('23MECH199', '2025-02-09', 'Present', 1, '1-1');
INSERT INTO attendance (student_roll_no, date, status, subject_id, semester) VALUES ('23MECH199', '2025-02-10', 'Present', 1, '1-1');
INSERT INTO attendance (student_roll_no, date, status, subject_id, semester) VALUES ('23MECH199', '2025-02-11', 'Present', 1, '1-1');
INSERT INTO attendance (student_roll_no, date, status, subject_id, semester) VALUES ('23MECH199', '2025-02-12', 'Present', 1, '1-1');
INSERT INTO attendance (student_roll_no, date, status, subject_id, semester) VALUES ('23MECH199', '2025-02-13', 'Present', 1, '1-1');
INSERT INTO attendance (student_roll_no, date, status, subject_id, semester) VALUES ('23MECH199', '2025-02-14', 'Present', 1, '1-1');
INSERT INTO attendance (student_roll_no, date, status, subject_id, semester) VALUES ('23MECH199', '2025-02-15', 'Present', 1, '1-1');
INSERT INTO attendance (student_roll_no, date, status, subject_id, semester) VALUES ('23MECH199', '2025-02-16', 'Present', 1, '1-1');
INSERT INTO attendance (student_roll_no, date, status, subject_id, semester) VALUES ('23MECH199', '2025-02-17', 'Present', 1, '1-1');
INSERT INTO attendance (student_roll_no, date, status, subject_id, semester) VALUES ('23MECH199', '2025-02-18', 'Present', 1, '1-1');
INSERT INTO attendance (student_roll_no, date, status, subject_id, semester) VALUES ('23MECH199', '2025-02-19', 'Present', 1, '1-1');
INSERT INTO fees (student_roll_no, academic_year, tuition_fees, convener_fees, due_date, paid_fees) VALUES ('23MECH199', '2024-25', 50000, 15000, '2025-05-15', 30000);
INSERT INTO students (roll_no, admission_no, name, branch, section, year, gender, dob, religion, phone, email, aadhar, address, father_name, mother_name, parents_occupation, parents_mobile, annual_income, joining_date, photo_url, is_hosteller, password_hash) VALUES ('21CSE200', 'ADM21CSE200', 'Sanjana Gupta', 'CSE', 'A', 4, 'Male', '2005-07-19', 'Sikh', '9848161711', '21cse200@nsrit.edu.in', '2096-4802-4510', 'H.No 346, Street 1, Visakhapatnam, AP', 'Gupta Sanjana', 'Raja Das', 'Farmer', '9848161711', 480459, '2023-07-15', 'https://api.dicebear.com/7.x/avataaars/svg?seed=21CSE200', 1, 'scrypt:32768:8:1$ARD8iu2R30ZgOvjn$0c28fb2c347ac069a47026ad5d1f981cf505bbde11b1e3626b8a21147aa73e5d94d807b682b1299e2029c5c2f76884672524bbc1c3de85f345c28f406888dfe1');
INSERT INTO mentors (student_roll_no, teacher_id) VALUES ('21CSE200', 'TCH001');
INSERT INTO marks (student_roll_no, subject_id, grade, grade_point, credits) VALUES ('21CSE200', 1, 'B+', 7, 4);
INSERT INTO internal_marks (student_roll_no, subject_id, mid1, mid2, online_tests, assignments) VALUES ('21CSE200', 1, 20, 17, 10, 5);
INSERT INTO marks (student_roll_no, subject_id, grade, grade_point, credits) VALUES ('21CSE200', 2, 'B+', 7, 4);
INSERT INTO internal_marks (student_roll_no, subject_id, mid1, mid2, online_tests, assignments) VALUES ('21CSE200', 2, 21, 23, 10, 5);
INSERT INTO marks (student_roll_no, subject_id, grade, grade_point, credits) VALUES ('21CSE200', 3, 'A', 8, 4);
INSERT INTO internal_marks (student_roll_no, subject_id, mid1, mid2, online_tests, assignments) VALUES ('21CSE200', 3, 18, 22, 10, 5);
INSERT INTO semester_results (student_roll_no, semester, sgpa, cgpa, total_credits, percentage) VALUES ('21CSE200',  '1-1', 8.5, 8.5,  11,  80.0);
INSERT INTO cgpa (student_roll_no, cgpa, total_credits, total_percentage) VALUES ('21CSE200', 8.5, 11, 80.0);
INSERT INTO attendance (student_roll_no, date, status, subject_id, semester) VALUES ('21CSE200', '2025-02-01', 'Absent', 1, '1-1');
INSERT INTO attendance (student_roll_no, date, status, subject_id, semester) VALUES ('21CSE200', '2025-02-02', 'Present', 1, '1-1');
INSERT INTO attendance (student_roll_no, date, status, subject_id, semester) VALUES ('21CSE200', '2025-02-03', 'Present', 1, '1-1');
INSERT INTO attendance (student_roll_no, date, status, subject_id, semester) VALUES ('21CSE200', '2025-02-04', 'Present', 1, '1-1');
INSERT INTO attendance (student_roll_no, date, status, subject_id, semester) VALUES ('21CSE200', '2025-02-05', 'Present', 1, '1-1');
INSERT INTO attendance (student_roll_no, date, status, subject_id, semester) VALUES ('21CSE200', '2025-02-06', 'Present', 1, '1-1');
INSERT INTO attendance (student_roll_no, date, status, subject_id, semester) VALUES ('21CSE200', '2025-02-07', 'Present', 1, '1-1');
INSERT INTO attendance (student_roll_no, date, status, subject_id, semester) VALUES ('21CSE200', '2025-02-08', 'Present', 1, '1-1');
INSERT INTO attendance (student_roll_no, date, status, subject_id, semester) VALUES ('21CSE200', '2025-02-09', 'Present', 1, '1-1');
INSERT INTO attendance (student_roll_no, date, status, subject_id, semester) VALUES ('21CSE200', '2025-02-10', 'Present', 1, '1-1');
INSERT INTO attendance (student_roll_no, date, status, subject_id, semester) VALUES ('21CSE200', '2025-02-11', 'Present', 1, '1-1');
INSERT INTO attendance (student_roll_no, date, status, subject_id, semester) VALUES ('21CSE200', '2025-02-12', 'Present', 1, '1-1');
INSERT INTO attendance (student_roll_no, date, status, subject_id, semester) VALUES ('21CSE200', '2025-02-13', 'Present', 1, '1-1');
INSERT INTO attendance (student_roll_no, date, status, subject_id, semester) VALUES ('21CSE200', '2025-02-14', 'Present', 1, '1-1');
INSERT INTO attendance (student_roll_no, date, status, subject_id, semester) VALUES ('21CSE200', '2025-02-15', 'Present', 1, '1-1');
INSERT INTO attendance (student_roll_no, date, status, subject_id, semester) VALUES ('21CSE200', '2025-02-16', 'Present', 1, '1-1');
INSERT INTO attendance (student_roll_no, date, status, subject_id, semester) VALUES ('21CSE200', '2025-02-17', 'Present', 1, '1-1');
INSERT INTO attendance (student_roll_no, date, status, subject_id, semester) VALUES ('21CSE200', '2025-02-18', 'Present', 1, '1-1');
INSERT INTO attendance (student_roll_no, date, status, subject_id, semester) VALUES ('21CSE200', '2025-02-19', 'Present', 1, '1-1');
INSERT INTO fees (student_roll_no, academic_year, tuition_fees, convener_fees, due_date, paid_fees) VALUES ('21CSE200', '2024-25', 50000, 15000, '2025-05-15', 30000);
INSERT INTO outing_records (roll_number, date, reason) VALUES ('21CSE200', '2025-03-01', 'Weekend home');
INSERT INTO students (roll_no, admission_no, name, branch, section, year, gender, dob, religion, phone, email, aadhar, address, father_name, mother_name, parents_occupation, parents_mobile, annual_income, joining_date, photo_url, is_hosteller, password_hash) VALUES ('21CSE201', 'ADM21CSE201', 'Anil Rao', 'CSE', 'A', 4, 'Male', '2005-11-18', 'Muslim', '9848815930', '21cse201@nsrit.edu.in', '5921-7844-4851', 'H.No 23, Street 10, Visakhapatnam, AP', 'Goud Venkata', 'Priya Kumar', 'Teacher', '9848815930', 521886, '2023-07-15', 'https://api.dicebear.com/7.x/avataaars/svg?seed=21CSE201', 0, 'scrypt:32768:8:1$ARD8iu2R30ZgOvjn$0c28fb2c347ac069a47026ad5d1f981cf505bbde11b1e3626b8a21147aa73e5d94d807b682b1299e2029c5c2f76884672524bbc1c3de85f345c28f406888dfe1');
INSERT INTO mentors (student_roll_no, teacher_id) VALUES ('21CSE201', 'TCH011');
INSERT INTO marks (student_roll_no, subject_id, grade, grade_point, credits) VALUES ('21CSE201', 1, 'C', 5, 4);
INSERT INTO internal_marks (student_roll_no, subject_id, mid1, mid2, online_tests, assignments) VALUES ('21CSE201', 1, 23, 22, 10, 5);
INSERT INTO marks (student_roll_no, subject_id, grade, grade_point, credits) VALUES ('21CSE201', 2, 'A', 8, 4);
INSERT INTO internal_marks (student_roll_no, subject_id, mid1, mid2, online_tests, assignments) VALUES ('21CSE201', 2, 18, 15, 10, 5);
INSERT INTO marks (student_roll_no, subject_id, grade, grade_point, credits) VALUES ('21CSE201', 3, 'B+', 7, 4);
INSERT INTO internal_marks (student_roll_no, subject_id, mid1, mid2, online_tests, assignments) VALUES ('21CSE201', 3, 19, 20, 10, 5);
INSERT INTO semester_results (student_roll_no, semester, sgpa, cgpa, total_credits, percentage) VALUES ('21CSE201',  '1-1', 8.5, 8.5,  11,  80.0);
INSERT INTO cgpa (student_roll_no, cgpa, total_credits, total_percentage) VALUES ('21CSE201', 8.5, 11, 80.0);
INSERT INTO attendance (student_roll_no, date, status, subject_id, semester) VALUES ('21CSE201', '2025-02-01', 'Present', 1, '1-1');
INSERT INTO attendance (student_roll_no, date, status, subject_id, semester) VALUES ('21CSE201', '2025-02-02', 'Present', 1, '1-1');
INSERT INTO attendance (student_roll_no, date, status, subject_id, semester) VALUES ('21CSE201', '2025-02-03', 'Present', 1, '1-1');
INSERT INTO attendance (student_roll_no, date, status, subject_id, semester) VALUES ('21CSE201', '2025-02-04', 'Absent', 1, '1-1');
INSERT INTO attendance (student_roll_no, date, status, subject_id, semester) VALUES ('21CSE201', '2025-02-05', 'Present', 1, '1-1');
INSERT INTO attendance (student_roll_no, date, status, subject_id, semester) VALUES ('21CSE201', '2025-02-06', 'Present', 1, '1-1');
INSERT INTO attendance (student_roll_no, date, status, subject_id, semester) VALUES ('21CSE201', '2025-02-07', 'Present', 1, '1-1');
INSERT INTO attendance (student_roll_no, date, status, subject_id, semester) VALUES ('21CSE201', '2025-02-08', 'Present', 1, '1-1');
INSERT INTO attendance (student_roll_no, date, status, subject_id, semester) VALUES ('21CSE201', '2025-02-09', 'Present', 1, '1-1');
INSERT INTO attendance (student_roll_no, date, status, subject_id, semester) VALUES ('21CSE201', '2025-02-10', 'Present', 1, '1-1');
INSERT INTO attendance (student_roll_no, date, status, subject_id, semester) VALUES ('21CSE201', '2025-02-11', 'Absent', 1, '1-1');
INSERT INTO attendance (student_roll_no, date, status, subject_id, semester) VALUES ('21CSE201', '2025-02-12', 'Present', 1, '1-1');
INSERT INTO attendance (student_roll_no, date, status, subject_id, semester) VALUES ('21CSE201', '2025-02-13', 'Present', 1, '1-1');
INSERT INTO attendance (student_roll_no, date, status, subject_id, semester) VALUES ('21CSE201', '2025-02-14', 'Present', 1, '1-1');
INSERT INTO attendance (student_roll_no, date, status, subject_id, semester) VALUES ('21CSE201', '2025-02-15', 'Present', 1, '1-1');
INSERT INTO attendance (student_roll_no, date, status, subject_id, semester) VALUES ('21CSE201', '2025-02-16', 'Present', 1, '1-1');
INSERT INTO attendance (student_roll_no, date, status, subject_id, semester) VALUES ('21CSE201', '2025-02-17', 'Present', 1, '1-1');
INSERT INTO attendance (student_roll_no, date, status, subject_id, semester) VALUES ('21CSE201', '2025-02-18', 'Present', 1, '1-1');
INSERT INTO attendance (student_roll_no, date, status, subject_id, semester) VALUES ('21CSE201', '2025-02-19', 'Present', 1, '1-1');
INSERT INTO fees (student_roll_no, academic_year, tuition_fees, convener_fees, due_date, paid_fees) VALUES ('21CSE201', '2024-25', 50000, 15000, '2025-05-15', 30000);
INSERT INTO students (roll_no, admission_no, name, branch, section, year, gender, dob, religion, phone, email, aadhar, address, father_name, mother_name, parents_occupation, parents_mobile, annual_income, joining_date, photo_url, is_hosteller, password_hash) VALUES ('21EEE202', 'ADM21EEE202', 'Praveen Goud', 'EEE', 'A', 4, 'Male', '2005-08-18', 'Hindu', '9848881198', '21eee202@nsrit.edu.in', '8186-8415-7688', 'H.No 30, Street 17, Visakhapatnam, AP', 'Patel Raja', 'Hari Naidu', 'Farmer', '9848881198', 664893, '2023-07-15', 'https://api.dicebear.com/7.x/avataaars/svg?seed=21EEE202', 0, 'scrypt:32768:8:1$ARD8iu2R30ZgOvjn$0c28fb2c347ac069a47026ad5d1f981cf505bbde11b1e3626b8a21147aa73e5d94d807b682b1299e2029c5c2f76884672524bbc1c3de85f345c28f406888dfe1');
INSERT INTO mentors (student_roll_no, teacher_id) VALUES ('21EEE202', 'TCH010');
INSERT INTO marks (student_roll_no, subject_id, grade, grade_point, credits) VALUES ('21EEE202', 1, 'O', 10, 4);
INSERT INTO internal_marks (student_roll_no, subject_id, mid1, mid2, online_tests, assignments) VALUES ('21EEE202', 1, 17, 21, 10, 5);
INSERT INTO marks (student_roll_no, subject_id, grade, grade_point, credits) VALUES ('21EEE202', 2, 'O', 10, 4);
INSERT INTO internal_marks (student_roll_no, subject_id, mid1, mid2, online_tests, assignments) VALUES ('21EEE202', 2, 15, 22, 10, 5);
INSERT INTO marks (student_roll_no, subject_id, grade, grade_point, credits) VALUES ('21EEE202', 3, 'B', 6, 4);
INSERT INTO internal_marks (student_roll_no, subject_id, mid1, mid2, online_tests, assignments) VALUES ('21EEE202', 3, 20, 24, 10, 5);
INSERT INTO semester_results (student_roll_no, semester, sgpa, cgpa, total_credits, percentage) VALUES ('21EEE202',  '1-1', 8.5, 8.5,  11,  80.0);
INSERT INTO cgpa (student_roll_no, cgpa, total_credits, total_percentage) VALUES ('21EEE202', 8.5, 11, 80.0);
INSERT INTO attendance (student_roll_no, date, status, subject_id, semester) VALUES ('21EEE202', '2025-02-01', 'Present', 1, '1-1');
INSERT INTO attendance (student_roll_no, date, status, subject_id, semester) VALUES ('21EEE202', '2025-02-02', 'Present', 1, '1-1');
INSERT INTO attendance (student_roll_no, date, status, subject_id, semester) VALUES ('21EEE202', '2025-02-03', 'Present', 1, '1-1');
INSERT INTO attendance (student_roll_no, date, status, subject_id, semester) VALUES ('21EEE202', '2025-02-04', 'Present', 1, '1-1');
INSERT INTO attendance (student_roll_no, date, status, subject_id, semester) VALUES ('21EEE202', '2025-02-05', 'Present', 1, '1-1');
INSERT INTO attendance (student_roll_no, date, status, subject_id, semester) VALUES ('21EEE202', '2025-02-06', 'Present', 1, '1-1');
INSERT INTO attendance (student_roll_no, date, status, subject_id, semester) VALUES ('21EEE202', '2025-02-07', 'Present', 1, '1-1');
INSERT INTO attendance (student_roll_no, date, status, subject_id, semester) VALUES ('21EEE202', '2025-02-08', 'Present', 1, '1-1');
INSERT INTO attendance (student_roll_no, date, status, subject_id, semester) VALUES ('21EEE202', '2025-02-09', 'Present', 1, '1-1');
INSERT INTO attendance (student_roll_no, date, status, subject_id, semester) VALUES ('21EEE202', '2025-02-10', 'Present', 1, '1-1');
INSERT INTO attendance (student_roll_no, date, status, subject_id, semester) VALUES ('21EEE202', '2025-02-11', 'Present', 1, '1-1');
INSERT INTO attendance (student_roll_no, date, status, subject_id, semester) VALUES ('21EEE202', '2025-02-12', 'Present', 1, '1-1');
INSERT INTO attendance (student_roll_no, date, status, subject_id, semester) VALUES ('21EEE202', '2025-02-13', 'Absent', 1, '1-1');
INSERT INTO attendance (student_roll_no, date, status, subject_id, semester) VALUES ('21EEE202', '2025-02-14', 'Present', 1, '1-1');
INSERT INTO attendance (student_roll_no, date, status, subject_id, semester) VALUES ('21EEE202', '2025-02-15', 'Present', 1, '1-1');
INSERT INTO attendance (student_roll_no, date, status, subject_id, semester) VALUES ('21EEE202', '2025-02-16', 'Present', 1, '1-1');
INSERT INTO attendance (student_roll_no, date, status, subject_id, semester) VALUES ('21EEE202', '2025-02-17', 'Present', 1, '1-1');
INSERT INTO attendance (student_roll_no, date, status, subject_id, semester) VALUES ('21EEE202', '2025-02-18', 'Present', 1, '1-1');
INSERT INTO attendance (student_roll_no, date, status, subject_id, semester) VALUES ('21EEE202', '2025-02-19', 'Present', 1, '1-1');
INSERT INTO fees (student_roll_no, academic_year, tuition_fees, convener_fees, due_date, paid_fees) VALUES ('21EEE202', '2024-25', 50000, 15000, '2025-05-15', 30000);
INSERT INTO students (roll_no, admission_no, name, branch, section, year, gender, dob, religion, phone, email, aadhar, address, father_name, mother_name, parents_occupation, parents_mobile, annual_income, joining_date, photo_url, is_hosteller, password_hash) VALUES ('22CSE203', 'ADM22CSE203', 'Rakesh Gupta', 'CSE', 'B', 3, 'Female', '2005-11-09', 'Muslim', '9848125135', '22cse203@nsrit.edu.in', '5251-7848-9553', 'H.No 71, Street 3, Visakhapatnam, AP', 'Gupta Neha', 'Kiran Patel', 'Doctor', '9848125135', 851282, '2023-07-15', 'https://api.dicebear.com/7.x/avataaars/svg?seed=22CSE203', 0, 'scrypt:32768:8:1$ARD8iu2R30ZgOvjn$0c28fb2c347ac069a47026ad5d1f981cf505bbde11b1e3626b8a21147aa73e5d94d807b682b1299e2029c5c2f76884672524bbc1c3de85f345c28f406888dfe1');
INSERT INTO mentors (student_roll_no, teacher_id) VALUES ('22CSE203', 'TCH013');
INSERT INTO marks (student_roll_no, subject_id, grade, grade_point, credits) VALUES ('22CSE203', 1, 'A+', 9, 4);
INSERT INTO internal_marks (student_roll_no, subject_id, mid1, mid2, online_tests, assignments) VALUES ('22CSE203', 1, 18, 19, 10, 5);
INSERT INTO marks (student_roll_no, subject_id, grade, grade_point, credits) VALUES ('22CSE203', 2, 'B+', 7, 4);
INSERT INTO internal_marks (student_roll_no, subject_id, mid1, mid2, online_tests, assignments) VALUES ('22CSE203', 2, 21, 15, 10, 5);
INSERT INTO marks (student_roll_no, subject_id, grade, grade_point, credits) VALUES ('22CSE203', 3, 'B', 6, 4);
INSERT INTO internal_marks (student_roll_no, subject_id, mid1, mid2, online_tests, assignments) VALUES ('22CSE203', 3, 23, 15, 10, 5);
INSERT INTO semester_results (student_roll_no, semester, sgpa, cgpa, total_credits, percentage) VALUES ('22CSE203',  '1-1', 8.5, 8.5,  11,  80.0);
INSERT INTO cgpa (student_roll_no, cgpa, total_credits, total_percentage) VALUES ('22CSE203', 8.5, 11, 80.0);
INSERT INTO attendance (student_roll_no, date, status, subject_id, semester) VALUES ('22CSE203', '2025-02-01', 'Present', 1, '1-1');
INSERT INTO attendance (student_roll_no, date, status, subject_id, semester) VALUES ('22CSE203', '2025-02-02', 'Absent', 1, '1-1');
INSERT INTO attendance (student_roll_no, date, status, subject_id, semester) VALUES ('22CSE203', '2025-02-03', 'Present', 1, '1-1');
INSERT INTO attendance (student_roll_no, date, status, subject_id, semester) VALUES ('22CSE203', '2025-02-04', 'Present', 1, '1-1');
INSERT INTO attendance (student_roll_no, date, status, subject_id, semester) VALUES ('22CSE203', '2025-02-05', 'Present', 1, '1-1');
INSERT INTO attendance (student_roll_no, date, status, subject_id, semester) VALUES ('22CSE203', '2025-02-06', 'Present', 1, '1-1');
INSERT INTO attendance (student_roll_no, date, status, subject_id, semester) VALUES ('22CSE203', '2025-02-07', 'Present', 1, '1-1');
INSERT INTO attendance (student_roll_no, date, status, subject_id, semester) VALUES ('22CSE203', '2025-02-08', 'Present', 1, '1-1');
INSERT INTO attendance (student_roll_no, date, status, subject_id, semester) VALUES ('22CSE203', '2025-02-09', 'Present', 1, '1-1');
INSERT INTO attendance (student_roll_no, date, status, subject_id, semester) VALUES ('22CSE203', '2025-02-10', 'Present', 1, '1-1');
INSERT INTO attendance (student_roll_no, date, status, subject_id, semester) VALUES ('22CSE203', '2025-02-11', 'Present', 1, '1-1');
INSERT INTO attendance (student_roll_no, date, status, subject_id, semester) VALUES ('22CSE203', '2025-02-12', 'Absent', 1, '1-1');
INSERT INTO attendance (student_roll_no, date, status, subject_id, semester) VALUES ('22CSE203', '2025-02-13', 'Present', 1, '1-1');
INSERT INTO attendance (student_roll_no, date, status, subject_id, semester) VALUES ('22CSE203', '2025-02-14', 'Present', 1, '1-1');
INSERT INTO attendance (student_roll_no, date, status, subject_id, semester) VALUES ('22CSE203', '2025-02-15', 'Present', 1, '1-1');
INSERT INTO attendance (student_roll_no, date, status, subject_id, semester) VALUES ('22CSE203', '2025-02-16', 'Present', 1, '1-1');
INSERT INTO attendance (student_roll_no, date, status, subject_id, semester) VALUES ('22CSE203', '2025-02-17', 'Present', 1, '1-1');
INSERT INTO attendance (student_roll_no, date, status, subject_id, semester) VALUES ('22CSE203', '2025-02-18', 'Present', 1, '1-1');
INSERT INTO attendance (student_roll_no, date, status, subject_id, semester) VALUES ('22CSE203', '2025-02-19', 'Present', 1, '1-1');
INSERT INTO fees (student_roll_no, academic_year, tuition_fees, convener_fees, due_date, paid_fees) VALUES ('22CSE203', '2024-25', 50000, 15000, '2025-05-15', 30000);
INSERT INTO students (roll_no, admission_no, name, branch, section, year, gender, dob, religion, phone, email, aadhar, address, father_name, mother_name, parents_occupation, parents_mobile, annual_income, joining_date, photo_url, is_hosteller, password_hash) VALUES ('23IT204', 'ADM23IT204', 'Venkata Mishra', 'IT', 'C', 2, 'Female', '2005-09-14', 'Sikh', '9848604050', '23it204@nsrit.edu.in', '8264-8073-5169', 'H.No 157, Street 3, Visakhapatnam, AP', 'Chowdary Gayathri', 'Gayathri Das', 'Teacher', '9848604050', 767259, '2023-07-15', 'https://api.dicebear.com/7.x/avataaars/svg?seed=23IT204', 0, 'scrypt:32768:8:1$ARD8iu2R30ZgOvjn$0c28fb2c347ac069a47026ad5d1f981cf505bbde11b1e3626b8a21147aa73e5d94d807b682b1299e2029c5c2f76884672524bbc1c3de85f345c28f406888dfe1');
INSERT INTO mentors (student_roll_no, teacher_id) VALUES ('23IT204', 'TCH011');
INSERT INTO marks (student_roll_no, subject_id, grade, grade_point, credits) VALUES ('23IT204', 1, 'O', 10, 4);
INSERT INTO internal_marks (student_roll_no, subject_id, mid1, mid2, online_tests, assignments) VALUES ('23IT204', 1, 24, 25, 10, 5);
INSERT INTO marks (student_roll_no, subject_id, grade, grade_point, credits) VALUES ('23IT204', 2, 'A', 8, 4);
INSERT INTO internal_marks (student_roll_no, subject_id, mid1, mid2, online_tests, assignments) VALUES ('23IT204', 2, 17, 23, 10, 5);
INSERT INTO marks (student_roll_no, subject_id, grade, grade_point, credits) VALUES ('23IT204', 3, 'O', 10, 4);
INSERT INTO internal_marks (student_roll_no, subject_id, mid1, mid2, online_tests, assignments) VALUES ('23IT204', 3, 24, 20, 10, 5);
INSERT INTO semester_results (student_roll_no, semester, sgpa, cgpa, total_credits, percentage) VALUES ('23IT204',  '1-1', 8.5, 8.5,  11,  80.0);
INSERT INTO cgpa (student_roll_no, cgpa, total_credits, total_percentage) VALUES ('23IT204', 8.5, 11, 80.0);
INSERT INTO attendance (student_roll_no, date, status, subject_id, semester) VALUES ('23IT204', '2025-02-01', 'Present', 1, '1-1');
INSERT INTO attendance (student_roll_no, date, status, subject_id, semester) VALUES ('23IT204', '2025-02-02', 'Present', 1, '1-1');
INSERT INTO attendance (student_roll_no, date, status, subject_id, semester) VALUES ('23IT204', '2025-02-03', 'Present', 1, '1-1');
INSERT INTO attendance (student_roll_no, date, status, subject_id, semester) VALUES ('23IT204', '2025-02-04', 'Present', 1, '1-1');
INSERT INTO attendance (student_roll_no, date, status, subject_id, semester) VALUES ('23IT204', '2025-02-05', 'Present', 1, '1-1');
INSERT INTO attendance (student_roll_no, date, status, subject_id, semester) VALUES ('23IT204', '2025-02-06', 'Present', 1, '1-1');
INSERT INTO attendance (student_roll_no, date, status, subject_id, semester) VALUES ('23IT204', '2025-02-07', 'Present', 1, '1-1');
INSERT INTO attendance (student_roll_no, date, status, subject_id, semester) VALUES ('23IT204', '2025-02-08', 'Absent', 1, '1-1');
INSERT INTO attendance (student_roll_no, date, status, subject_id, semester) VALUES ('23IT204', '2025-02-09', 'Present', 1, '1-1');
INSERT INTO attendance (student_roll_no, date, status, subject_id, semester) VALUES ('23IT204', '2025-02-10', 'Present', 1, '1-1');
INSERT INTO attendance (student_roll_no, date, status, subject_id, semester) VALUES ('23IT204', '2025-02-11', 'Present', 1, '1-1');
INSERT INTO attendance (student_roll_no, date, status, subject_id, semester) VALUES ('23IT204', '2025-02-12', 'Present', 1, '1-1');
INSERT INTO attendance (student_roll_no, date, status, subject_id, semester) VALUES ('23IT204', '2025-02-13', 'Present', 1, '1-1');
INSERT INTO attendance (student_roll_no, date, status, subject_id, semester) VALUES ('23IT204', '2025-02-14', 'Present', 1, '1-1');
INSERT INTO attendance (student_roll_no, date, status, subject_id, semester) VALUES ('23IT204', '2025-02-15', 'Present', 1, '1-1');
INSERT INTO attendance (student_roll_no, date, status, subject_id, semester) VALUES ('23IT204', '2025-02-16', 'Present', 1, '1-1');
INSERT INTO attendance (student_roll_no, date, status, subject_id, semester) VALUES ('23IT204', '2025-02-17', 'Present', 1, '1-1');
INSERT INTO attendance (student_roll_no, date, status, subject_id, semester) VALUES ('23IT204', '2025-02-18', 'Absent', 1, '1-1');
INSERT INTO attendance (student_roll_no, date, status, subject_id, semester) VALUES ('23IT204', '2025-02-19', 'Present', 1, '1-1');
INSERT INTO fees (student_roll_no, academic_year, tuition_fees, convener_fees, due_date, paid_fees) VALUES ('23IT204', '2024-25', 50000, 15000, '2025-05-15', 30000);
INSERT INTO students (roll_no, admission_no, name, branch, section, year, gender, dob, religion, phone, email, aadhar, address, father_name, mother_name, parents_occupation, parents_mobile, annual_income, joining_date, photo_url, is_hosteller, password_hash) VALUES ('23IT205', 'ADM23IT205', 'Anil Chowdary', 'IT', 'A', 2, 'Female', '2005-06-20', 'Muslim', '9848648381', '23it205@nsrit.edu.in', '4356-1495-2241', 'H.No 315, Street 15, Visakhapatnam, AP', 'Kumar Priya', 'Karthik Goud', 'Doctor', '9848648381', 267750, '2023-07-15', 'https://api.dicebear.com/7.x/avataaars/svg?seed=23IT205', 1, 'scrypt:32768:8:1$ARD8iu2R30ZgOvjn$0c28fb2c347ac069a47026ad5d1f981cf505bbde11b1e3626b8a21147aa73e5d94d807b682b1299e2029c5c2f76884672524bbc1c3de85f345c28f406888dfe1');
INSERT INTO mentors (student_roll_no, teacher_id) VALUES ('23IT205', 'TCH013');
INSERT INTO marks (student_roll_no, subject_id, grade, grade_point, credits) VALUES ('23IT205', 1, 'A', 8, 4);
INSERT INTO internal_marks (student_roll_no, subject_id, mid1, mid2, online_tests, assignments) VALUES ('23IT205', 1, 16, 20, 10, 5);
INSERT INTO marks (student_roll_no, subject_id, grade, grade_point, credits) VALUES ('23IT205', 2, 'O', 10, 4);
INSERT INTO internal_marks (student_roll_no, subject_id, mid1, mid2, online_tests, assignments) VALUES ('23IT205', 2, 15, 18, 10, 5);
INSERT INTO marks (student_roll_no, subject_id, grade, grade_point, credits) VALUES ('23IT205', 3, 'B', 6, 4);
INSERT INTO internal_marks (student_roll_no, subject_id, mid1, mid2, online_tests, assignments) VALUES ('23IT205', 3, 17, 19, 10, 5);
INSERT INTO semester_results (student_roll_no, semester, sgpa, cgpa, total_credits, percentage) VALUES ('23IT205',  '1-1', 8.5, 8.5,  11,  80.0);
INSERT INTO cgpa (student_roll_no, cgpa, total_credits, total_percentage) VALUES ('23IT205', 8.5, 11, 80.0);
INSERT INTO attendance (student_roll_no, date, status, subject_id, semester) VALUES ('23IT205', '2025-02-01', 'Absent', 1, '1-1');
INSERT INTO attendance (student_roll_no, date, status, subject_id, semester) VALUES ('23IT205', '2025-02-02', 'Present', 1, '1-1');
INSERT INTO attendance (student_roll_no, date, status, subject_id, semester) VALUES ('23IT205', '2025-02-03', 'Present', 1, '1-1');
INSERT INTO attendance (student_roll_no, date, status, subject_id, semester) VALUES ('23IT205', '2025-02-04', 'Present', 1, '1-1');
INSERT INTO attendance (student_roll_no, date, status, subject_id, semester) VALUES ('23IT205', '2025-02-05', 'Present', 1, '1-1');
INSERT INTO attendance (student_roll_no, date, status, subject_id, semester) VALUES ('23IT205', '2025-02-06', 'Present', 1, '1-1');
INSERT INTO attendance (student_roll_no, date, status, subject_id, semester) VALUES ('23IT205', '2025-02-07', 'Present', 1, '1-1');
INSERT INTO attendance (student_roll_no, date, status, subject_id, semester) VALUES ('23IT205', '2025-02-08', 'Present', 1, '1-1');
INSERT INTO attendance (student_roll_no, date, status, subject_id, semester) VALUES ('23IT205', '2025-02-09', 'Present', 1, '1-1');
INSERT INTO attendance (student_roll_no, date, status, subject_id, semester) VALUES ('23IT205', '2025-02-10', 'Present', 1, '1-1');
INSERT INTO attendance (student_roll_no, date, status, subject_id, semester) VALUES ('23IT205', '2025-02-11', 'Present', 1, '1-1');
INSERT INTO attendance (student_roll_no, date, status, subject_id, semester) VALUES ('23IT205', '2025-02-12', 'Present', 1, '1-1');
INSERT INTO attendance (student_roll_no, date, status, subject_id, semester) VALUES ('23IT205', '2025-02-13', 'Present', 1, '1-1');
INSERT INTO attendance (student_roll_no, date, status, subject_id, semester) VALUES ('23IT205', '2025-02-14', 'Present', 1, '1-1');
INSERT INTO attendance (student_roll_no, date, status, subject_id, semester) VALUES ('23IT205', '2025-02-15', 'Present', 1, '1-1');
INSERT INTO attendance (student_roll_no, date, status, subject_id, semester) VALUES ('23IT205', '2025-02-16', 'Present', 1, '1-1');
INSERT INTO attendance (student_roll_no, date, status, subject_id, semester) VALUES ('23IT205', '2025-02-17', 'Present', 1, '1-1');
INSERT INTO attendance (student_roll_no, date, status, subject_id, semester) VALUES ('23IT205', '2025-02-18', 'Present', 1, '1-1');
INSERT INTO attendance (student_roll_no, date, status, subject_id, semester) VALUES ('23IT205', '2025-02-19', 'Present', 1, '1-1');
INSERT INTO fees (student_roll_no, academic_year, tuition_fees, convener_fees, due_date, paid_fees) VALUES ('23IT205', '2024-25', 50000, 15000, '2025-05-15', 30000);
INSERT INTO outing_records (roll_number, date, reason) VALUES ('23IT205', '2025-03-01', 'Weekend home');
INSERT INTO students (roll_no, admission_no, name, branch, section, year, gender, dob, religion, phone, email, aadhar, address, father_name, mother_name, parents_occupation, parents_mobile, annual_income, joining_date, photo_url, is_hosteller, password_hash) VALUES ('23IT206', 'ADM23IT206', 'Lakshmi Patel', 'IT', 'C', 2, 'Male', '2005-09-29', 'Hindu', '9848157386', '23it206@nsrit.edu.in', '8478-1259-1357', 'H.No 260, Street 5, Visakhapatnam, AP', 'Das Swathi', 'Suresh Naidu', 'Business', '9848157386', 711298, '2023-07-15', 'https://api.dicebear.com/7.x/avataaars/svg?seed=23IT206', 0, 'scrypt:32768:8:1$ARD8iu2R30ZgOvjn$0c28fb2c347ac069a47026ad5d1f981cf505bbde11b1e3626b8a21147aa73e5d94d807b682b1299e2029c5c2f76884672524bbc1c3de85f345c28f406888dfe1');
INSERT INTO mentors (student_roll_no, teacher_id) VALUES ('23IT206', 'TCH005');
INSERT INTO marks (student_roll_no, subject_id, grade, grade_point, credits) VALUES ('23IT206', 1, 'B+', 7, 4);
INSERT INTO internal_marks (student_roll_no, subject_id, mid1, mid2, online_tests, assignments) VALUES ('23IT206', 1, 21, 15, 10, 5);
INSERT INTO marks (student_roll_no, subject_id, grade, grade_point, credits) VALUES ('23IT206', 2, 'A', 8, 4);
INSERT INTO internal_marks (student_roll_no, subject_id, mid1, mid2, online_tests, assignments) VALUES ('23IT206', 2, 21, 24, 10, 5);
INSERT INTO marks (student_roll_no, subject_id, grade, grade_point, credits) VALUES ('23IT206', 3, 'O', 10, 4);
INSERT INTO internal_marks (student_roll_no, subject_id, mid1, mid2, online_tests, assignments) VALUES ('23IT206', 3, 24, 20, 10, 5);
INSERT INTO semester_results (student_roll_no, semester, sgpa, cgpa, total_credits, percentage) VALUES ('23IT206',  '1-1', 8.5, 8.5,  11,  80.0);
INSERT INTO cgpa (student_roll_no, cgpa, total_credits, total_percentage) VALUES ('23IT206', 8.5, 11, 80.0);
INSERT INTO attendance (student_roll_no, date, status, subject_id, semester) VALUES ('23IT206', '2025-02-01', 'Present', 1, '1-1');
INSERT INTO attendance (student_roll_no, date, status, subject_id, semester) VALUES ('23IT206', '2025-02-02', 'Present', 1, '1-1');
INSERT INTO attendance (student_roll_no, date, status, subject_id, semester) VALUES ('23IT206', '2025-02-03', 'Present', 1, '1-1');
INSERT INTO attendance (student_roll_no, date, status, subject_id, semester) VALUES ('23IT206', '2025-02-04', 'Present', 1, '1-1');
INSERT INTO attendance (student_roll_no, date, status, subject_id, semester) VALUES ('23IT206', '2025-02-05', 'Present', 1, '1-1');
INSERT INTO attendance (student_roll_no, date, status, subject_id, semester) VALUES ('23IT206', '2025-02-06', 'Present', 1, '1-1');
INSERT INTO attendance (student_roll_no, date, status, subject_id, semester) VALUES ('23IT206', '2025-02-07', 'Present', 1, '1-1');
INSERT INTO attendance (student_roll_no, date, status, subject_id, semester) VALUES ('23IT206', '2025-02-08', 'Present', 1, '1-1');
INSERT INTO attendance (student_roll_no, date, status, subject_id, semester) VALUES ('23IT206', '2025-02-09', 'Present', 1, '1-1');
INSERT INTO attendance (student_roll_no, date, status, subject_id, semester) VALUES ('23IT206', '2025-02-10', 'Present', 1, '1-1');
INSERT INTO attendance (student_roll_no, date, status, subject_id, semester) VALUES ('23IT206', '2025-02-11', 'Present', 1, '1-1');
INSERT INTO attendance (student_roll_no, date, status, subject_id, semester) VALUES ('23IT206', '2025-02-12', 'Present', 1, '1-1');
INSERT INTO attendance (student_roll_no, date, status, subject_id, semester) VALUES ('23IT206', '2025-02-13', 'Present', 1, '1-1');
INSERT INTO attendance (student_roll_no, date, status, subject_id, semester) VALUES ('23IT206', '2025-02-14', 'Present', 1, '1-1');
INSERT INTO attendance (student_roll_no, date, status, subject_id, semester) VALUES ('23IT206', '2025-02-15', 'Present', 1, '1-1');
INSERT INTO attendance (student_roll_no, date, status, subject_id, semester) VALUES ('23IT206', '2025-02-16', 'Present', 1, '1-1');
INSERT INTO attendance (student_roll_no, date, status, subject_id, semester) VALUES ('23IT206', '2025-02-17', 'Present', 1, '1-1');
INSERT INTO attendance (student_roll_no, date, status, subject_id, semester) VALUES ('23IT206', '2025-02-18', 'Absent', 1, '1-1');
INSERT INTO attendance (student_roll_no, date, status, subject_id, semester) VALUES ('23IT206', '2025-02-19', 'Present', 1, '1-1');
INSERT INTO fees (student_roll_no, academic_year, tuition_fees, convener_fees, due_date, paid_fees) VALUES ('23IT206', '2024-25', 50000, 15000, '2025-05-15', 30000);
INSERT INTO students (roll_no, admission_no, name, branch, section, year, gender, dob, religion, phone, email, aadhar, address, father_name, mother_name, parents_occupation, parents_mobile, annual_income, joining_date, photo_url, is_hosteller, password_hash) VALUES ('23ECE207', 'ADM23ECE207', 'Ravi Naidu', 'ECE', 'A', 2, 'Female', '2005-02-14', 'Muslim', '9848790291', '23ece207@nsrit.edu.in', '1786-5040-3190', 'H.No 235, Street 20, Visakhapatnam, AP', 'Chowdary Rahul', 'Kumar Reddy', 'Business', '9848790291', 569775, '2023-07-15', 'https://api.dicebear.com/7.x/avataaars/svg?seed=23ECE207', 0, 'scrypt:32768:8:1$ARD8iu2R30ZgOvjn$0c28fb2c347ac069a47026ad5d1f981cf505bbde11b1e3626b8a21147aa73e5d94d807b682b1299e2029c5c2f76884672524bbc1c3de85f345c28f406888dfe1');
INSERT INTO mentors (student_roll_no, teacher_id) VALUES ('23ECE207', 'TCH002');
INSERT INTO marks (student_roll_no, subject_id, grade, grade_point, credits) VALUES ('23ECE207', 1, 'A+', 9, 4);
INSERT INTO internal_marks (student_roll_no, subject_id, mid1, mid2, online_tests, assignments) VALUES ('23ECE207', 1, 24, 19, 10, 5);
INSERT INTO marks (student_roll_no, subject_id, grade, grade_point, credits) VALUES ('23ECE207', 2, 'A', 8, 4);
INSERT INTO internal_marks (student_roll_no, subject_id, mid1, mid2, online_tests, assignments) VALUES ('23ECE207', 2, 23, 20, 10, 5);
INSERT INTO marks (student_roll_no, subject_id, grade, grade_point, credits) VALUES ('23ECE207', 3, 'B', 6, 4);
INSERT INTO internal_marks (student_roll_no, subject_id, mid1, mid2, online_tests, assignments) VALUES ('23ECE207', 3, 22, 15, 10, 5);
INSERT INTO semester_results (student_roll_no, semester, sgpa, cgpa, total_credits, percentage) VALUES ('23ECE207',  '1-1', 8.5, 8.5,  11,  80.0);
INSERT INTO cgpa (student_roll_no, cgpa, total_credits, total_percentage) VALUES ('23ECE207', 8.5, 11, 80.0);
INSERT INTO attendance (student_roll_no, date, status, subject_id, semester) VALUES ('23ECE207', '2025-02-01', 'Present', 1, '1-1');
INSERT INTO attendance (student_roll_no, date, status, subject_id, semester) VALUES ('23ECE207', '2025-02-02', 'Present', 1, '1-1');
INSERT INTO attendance (student_roll_no, date, status, subject_id, semester) VALUES ('23ECE207', '2025-02-03', 'Absent', 1, '1-1');
INSERT INTO attendance (student_roll_no, date, status, subject_id, semester) VALUES ('23ECE207', '2025-02-04', 'Present', 1, '1-1');
INSERT INTO attendance (student_roll_no, date, status, subject_id, semester) VALUES ('23ECE207', '2025-02-05', 'Present', 1, '1-1');
INSERT INTO attendance (student_roll_no, date, status, subject_id, semester) VALUES ('23ECE207', '2025-02-06', 'Present', 1, '1-1');
INSERT INTO attendance (student_roll_no, date, status, subject_id, semester) VALUES ('23ECE207', '2025-02-07', 'Present', 1, '1-1');
INSERT INTO attendance (student_roll_no, date, status, subject_id, semester) VALUES ('23ECE207', '2025-02-08', 'Present', 1, '1-1');
INSERT INTO attendance (student_roll_no, date, status, subject_id, semester) VALUES ('23ECE207', '2025-02-09', 'Present', 1, '1-1');
INSERT INTO attendance (student_roll_no, date, status, subject_id, semester) VALUES ('23ECE207', '2025-02-10', 'Present', 1, '1-1');
INSERT INTO attendance (student_roll_no, date, status, subject_id, semester) VALUES ('23ECE207', '2025-02-11', 'Present', 1, '1-1');
INSERT INTO attendance (student_roll_no, date, status, subject_id, semester) VALUES ('23ECE207', '2025-02-12', 'Present', 1, '1-1');
INSERT INTO attendance (student_roll_no, date, status, subject_id, semester) VALUES ('23ECE207', '2025-02-13', 'Present', 1, '1-1');
INSERT INTO attendance (student_roll_no, date, status, subject_id, semester) VALUES ('23ECE207', '2025-02-14', 'Present', 1, '1-1');
INSERT INTO attendance (student_roll_no, date, status, subject_id, semester) VALUES ('23ECE207', '2025-02-15', 'Present', 1, '1-1');
INSERT INTO attendance (student_roll_no, date, status, subject_id, semester) VALUES ('23ECE207', '2025-02-16', 'Present', 1, '1-1');
INSERT INTO attendance (student_roll_no, date, status, subject_id, semester) VALUES ('23ECE207', '2025-02-17', 'Present', 1, '1-1');
INSERT INTO attendance (student_roll_no, date, status, subject_id, semester) VALUES ('23ECE207', '2025-02-18', 'Present', 1, '1-1');
INSERT INTO attendance (student_roll_no, date, status, subject_id, semester) VALUES ('23ECE207', '2025-02-19', 'Absent', 1, '1-1');
INSERT INTO fees (student_roll_no, academic_year, tuition_fees, convener_fees, due_date, paid_fees) VALUES ('23ECE207', '2024-25', 50000, 15000, '2025-05-15', 30000);
INSERT INTO students (roll_no, admission_no, name, branch, section, year, gender, dob, religion, phone, email, aadhar, address, father_name, mother_name, parents_occupation, parents_mobile, annual_income, joining_date, photo_url, is_hosteller, password_hash) VALUES ('24IT208', 'ADM24IT208', 'Hari Gupta', 'IT', 'B', 1, 'Female', '2005-05-18', 'Hindu', '9848696842', '24it208@nsrit.edu.in', '1162-6300-7129', 'H.No 72, Street 13, Visakhapatnam, AP', 'Mishra Naveen', 'Neha Rao', 'Engineer', '9848696842', 334796, '2024-07-15', 'https://api.dicebear.com/7.x/avataaars/svg?seed=24IT208', 0, 'scrypt:32768:8:1$ARD8iu2R30ZgOvjn$0c28fb2c347ac069a47026ad5d1f981cf505bbde11b1e3626b8a21147aa73e5d94d807b682b1299e2029c5c2f76884672524bbc1c3de85f345c28f406888dfe1');
INSERT INTO mentors (student_roll_no, teacher_id) VALUES ('24IT208', 'TCH004');
INSERT INTO marks (student_roll_no, subject_id, grade, grade_point, credits) VALUES ('24IT208', 1, 'B', 6, 4);
INSERT INTO internal_marks (student_roll_no, subject_id, mid1, mid2, online_tests, assignments) VALUES ('24IT208', 1, 15, 18, 10, 5);
INSERT INTO marks (student_roll_no, subject_id, grade, grade_point, credits) VALUES ('24IT208', 2, 'B', 6, 4);
INSERT INTO internal_marks (student_roll_no, subject_id, mid1, mid2, online_tests, assignments) VALUES ('24IT208', 2, 16, 23, 10, 5);
INSERT INTO marks (student_roll_no, subject_id, grade, grade_point, credits) VALUES ('24IT208', 3, 'O', 10, 4);
INSERT INTO internal_marks (student_roll_no, subject_id, mid1, mid2, online_tests, assignments) VALUES ('24IT208', 3, 25, 16, 10, 5);
INSERT INTO semester_results (student_roll_no, semester, sgpa, cgpa, total_credits, percentage) VALUES ('24IT208',  '1-1', 8.5, 8.5,  11,  80.0);
INSERT INTO cgpa (student_roll_no, cgpa, total_credits, total_percentage) VALUES ('24IT208', 8.5, 11, 80.0);
INSERT INTO attendance (student_roll_no, date, status, subject_id, semester) VALUES ('24IT208', '2025-02-01', 'Present', 1, '1-1');
INSERT INTO attendance (student_roll_no, date, status, subject_id, semester) VALUES ('24IT208', '2025-02-02', 'Present', 1, '1-1');
INSERT INTO attendance (student_roll_no, date, status, subject_id, semester) VALUES ('24IT208', '2025-02-03', 'Absent', 1, '1-1');
INSERT INTO attendance (student_roll_no, date, status, subject_id, semester) VALUES ('24IT208', '2025-02-04', 'Absent', 1, '1-1');
INSERT INTO attendance (student_roll_no, date, status, subject_id, semester) VALUES ('24IT208', '2025-02-05', 'Present', 1, '1-1');
INSERT INTO attendance (student_roll_no, date, status, subject_id, semester) VALUES ('24IT208', '2025-02-06', 'Present', 1, '1-1');
INSERT INTO attendance (student_roll_no, date, status, subject_id, semester) VALUES ('24IT208', '2025-02-07', 'Present', 1, '1-1');
INSERT INTO attendance (student_roll_no, date, status, subject_id, semester) VALUES ('24IT208', '2025-02-08', 'Absent', 1, '1-1');
INSERT INTO attendance (student_roll_no, date, status, subject_id, semester) VALUES ('24IT208', '2025-02-09', 'Absent', 1, '1-1');
INSERT INTO attendance (student_roll_no, date, status, subject_id, semester) VALUES ('24IT208', '2025-02-10', 'Present', 1, '1-1');
INSERT INTO attendance (student_roll_no, date, status, subject_id, semester) VALUES ('24IT208', '2025-02-11', 'Present', 1, '1-1');
INSERT INTO attendance (student_roll_no, date, status, subject_id, semester) VALUES ('24IT208', '2025-02-12', 'Present', 1, '1-1');
INSERT INTO attendance (student_roll_no, date, status, subject_id, semester) VALUES ('24IT208', '2025-02-13', 'Present', 1, '1-1');
INSERT INTO attendance (student_roll_no, date, status, subject_id, semester) VALUES ('24IT208', '2025-02-14', 'Present', 1, '1-1');
INSERT INTO attendance (student_roll_no, date, status, subject_id, semester) VALUES ('24IT208', '2025-02-15', 'Present', 1, '1-1');
INSERT INTO attendance (student_roll_no, date, status, subject_id, semester) VALUES ('24IT208', '2025-02-16', 'Present', 1, '1-1');
INSERT INTO attendance (student_roll_no, date, status, subject_id, semester) VALUES ('24IT208', '2025-02-17', 'Present', 1, '1-1');
INSERT INTO attendance (student_roll_no, date, status, subject_id, semester) VALUES ('24IT208', '2025-02-18', 'Present', 1, '1-1');
INSERT INTO attendance (student_roll_no, date, status, subject_id, semester) VALUES ('24IT208', '2025-02-19', 'Present', 1, '1-1');
INSERT INTO fees (student_roll_no, academic_year, tuition_fees, convener_fees, due_date, paid_fees) VALUES ('24IT208', '2024-25', 50000, 15000, '2025-05-15', 30000);
INSERT INTO students (roll_no, admission_no, name, branch, section, year, gender, dob, religion, phone, email, aadhar, address, father_name, mother_name, parents_occupation, parents_mobile, annual_income, joining_date, photo_url, is_hosteller, password_hash) VALUES ('23EEE209', 'ADM23EEE209', 'Kiran Naidu', 'EEE', 'A', 2, 'Male', '2005-03-16', 'Christian', '9848823810', '23eee209@nsrit.edu.in', '6445-7691-3930', 'H.No 439, Street 16, Visakhapatnam, AP', 'Singh Arjun', 'Akhil Varma', 'Doctor', '9848823810', 727145, '2023-07-15', 'https://api.dicebear.com/7.x/avataaars/svg?seed=23EEE209', 0, 'scrypt:32768:8:1$ARD8iu2R30ZgOvjn$0c28fb2c347ac069a47026ad5d1f981cf505bbde11b1e3626b8a21147aa73e5d94d807b682b1299e2029c5c2f76884672524bbc1c3de85f345c28f406888dfe1');
INSERT INTO mentors (student_roll_no, teacher_id) VALUES ('23EEE209', 'TCH002');
INSERT INTO marks (student_roll_no, subject_id, grade, grade_point, credits) VALUES ('23EEE209', 1, 'A', 8, 4);
INSERT INTO internal_marks (student_roll_no, subject_id, mid1, mid2, online_tests, assignments) VALUES ('23EEE209', 1, 17, 15, 10, 5);
INSERT INTO marks (student_roll_no, subject_id, grade, grade_point, credits) VALUES ('23EEE209', 2, 'A', 8, 4);
INSERT INTO internal_marks (student_roll_no, subject_id, mid1, mid2, online_tests, assignments) VALUES ('23EEE209', 2, 17, 17, 10, 5);
INSERT INTO marks (student_roll_no, subject_id, grade, grade_point, credits) VALUES ('23EEE209', 3, 'A+', 9, 4);
INSERT INTO internal_marks (student_roll_no, subject_id, mid1, mid2, online_tests, assignments) VALUES ('23EEE209', 3, 23, 18, 10, 5);
INSERT INTO semester_results (student_roll_no, semester, sgpa, cgpa, total_credits, percentage) VALUES ('23EEE209',  '1-1', 8.5, 8.5,  11,  80.0);
INSERT INTO cgpa (student_roll_no, cgpa, total_credits, total_percentage) VALUES ('23EEE209', 8.5, 11, 80.0);
INSERT INTO attendance (student_roll_no, date, status, subject_id, semester) VALUES ('23EEE209', '2025-02-01', 'Present', 1, '1-1');
INSERT INTO attendance (student_roll_no, date, status, subject_id, semester) VALUES ('23EEE209', '2025-02-02', 'Present', 1, '1-1');
INSERT INTO attendance (student_roll_no, date, status, subject_id, semester) VALUES ('23EEE209', '2025-02-03', 'Present', 1, '1-1');
INSERT INTO attendance (student_roll_no, date, status, subject_id, semester) VALUES ('23EEE209', '2025-02-04', 'Present', 1, '1-1');
INSERT INTO attendance (student_roll_no, date, status, subject_id, semester) VALUES ('23EEE209', '2025-02-05', 'Present', 1, '1-1');
INSERT INTO attendance (student_roll_no, date, status, subject_id, semester) VALUES ('23EEE209', '2025-02-06', 'Absent', 1, '1-1');
INSERT INTO attendance (student_roll_no, date, status, subject_id, semester) VALUES ('23EEE209', '2025-02-07', 'Present', 1, '1-1');
INSERT INTO attendance (student_roll_no, date, status, subject_id, semester) VALUES ('23EEE209', '2025-02-08', 'Present', 1, '1-1');
INSERT INTO attendance (student_roll_no, date, status, subject_id, semester) VALUES ('23EEE209', '2025-02-09', 'Present', 1, '1-1');
INSERT INTO attendance (student_roll_no, date, status, subject_id, semester) VALUES ('23EEE209', '2025-02-10', 'Present', 1, '1-1');
INSERT INTO attendance (student_roll_no, date, status, subject_id, semester) VALUES ('23EEE209', '2025-02-11', 'Absent', 1, '1-1');
INSERT INTO attendance (student_roll_no, date, status, subject_id, semester) VALUES ('23EEE209', '2025-02-12', 'Present', 1, '1-1');
INSERT INTO attendance (student_roll_no, date, status, subject_id, semester) VALUES ('23EEE209', '2025-02-13', 'Present', 1, '1-1');
INSERT INTO attendance (student_roll_no, date, status, subject_id, semester) VALUES ('23EEE209', '2025-02-14', 'Present', 1, '1-1');
INSERT INTO attendance (student_roll_no, date, status, subject_id, semester) VALUES ('23EEE209', '2025-02-15', 'Present', 1, '1-1');
INSERT INTO attendance (student_roll_no, date, status, subject_id, semester) VALUES ('23EEE209', '2025-02-16', 'Present', 1, '1-1');
INSERT INTO attendance (student_roll_no, date, status, subject_id, semester) VALUES ('23EEE209', '2025-02-17', 'Present', 1, '1-1');
INSERT INTO attendance (student_roll_no, date, status, subject_id, semester) VALUES ('23EEE209', '2025-02-18', 'Present', 1, '1-1');
INSERT INTO attendance (student_roll_no, date, status, subject_id, semester) VALUES ('23EEE209', '2025-02-19', 'Present', 1, '1-1');
INSERT INTO fees (student_roll_no, academic_year, tuition_fees, convener_fees, due_date, paid_fees) VALUES ('23EEE209', '2024-25', 50000, 15000, '2025-05-15', 30000);
INSERT INTO students (roll_no, admission_no, name, branch, section, year, gender, dob, religion, phone, email, aadhar, address, father_name, mother_name, parents_occupation, parents_mobile, annual_income, joining_date, photo_url, is_hosteller, password_hash) VALUES ('24MECH210', 'ADM24MECH210', 'Prasad Das', 'MECH', 'B', 1, 'Male', '2005-11-14', 'Muslim', '9848389785', '24mech210@nsrit.edu.in', '4605-6028-4017', 'H.No 54, Street 14, Visakhapatnam, AP', 'Mishra Rahul', 'Sanjana Mishra', 'Teacher', '9848389785', 847274, '2024-07-15', 'https://api.dicebear.com/7.x/avataaars/svg?seed=24MECH210', 1, 'scrypt:32768:8:1$ARD8iu2R30ZgOvjn$0c28fb2c347ac069a47026ad5d1f981cf505bbde11b1e3626b8a21147aa73e5d94d807b682b1299e2029c5c2f76884672524bbc1c3de85f345c28f406888dfe1');
INSERT INTO mentors (student_roll_no, teacher_id) VALUES ('24MECH210', 'TCH013');
INSERT INTO marks (student_roll_no, subject_id, grade, grade_point, credits) VALUES ('24MECH210', 1, 'A+', 9, 4);
INSERT INTO internal_marks (student_roll_no, subject_id, mid1, mid2, online_tests, assignments) VALUES ('24MECH210', 1, 20, 22, 10, 5);
INSERT INTO marks (student_roll_no, subject_id, grade, grade_point, credits) VALUES ('24MECH210', 2, 'B', 6, 4);
INSERT INTO internal_marks (student_roll_no, subject_id, mid1, mid2, online_tests, assignments) VALUES ('24MECH210', 2, 17, 22, 10, 5);
INSERT INTO marks (student_roll_no, subject_id, grade, grade_point, credits) VALUES ('24MECH210', 3, 'B', 6, 4);
INSERT INTO internal_marks (student_roll_no, subject_id, mid1, mid2, online_tests, assignments) VALUES ('24MECH210', 3, 15, 15, 10, 5);
INSERT INTO semester_results (student_roll_no, semester, sgpa, cgpa, total_credits, percentage) VALUES ('24MECH210',  '1-1', 8.5, 8.5,  11,  80.0);
INSERT INTO cgpa (student_roll_no, cgpa, total_credits, total_percentage) VALUES ('24MECH210', 8.5, 11, 80.0);
INSERT INTO attendance (student_roll_no, date, status, subject_id, semester) VALUES ('24MECH210', '2025-02-01', 'Present', 1, '1-1');
INSERT INTO attendance (student_roll_no, date, status, subject_id, semester) VALUES ('24MECH210', '2025-02-02', 'Present', 1, '1-1');
INSERT INTO attendance (student_roll_no, date, status, subject_id, semester) VALUES ('24MECH210', '2025-02-03', 'Present', 1, '1-1');
INSERT INTO attendance (student_roll_no, date, status, subject_id, semester) VALUES ('24MECH210', '2025-02-04', 'Present', 1, '1-1');
INSERT INTO attendance (student_roll_no, date, status, subject_id, semester) VALUES ('24MECH210', '2025-02-05', 'Present', 1, '1-1');
INSERT INTO attendance (student_roll_no, date, status, subject_id, semester) VALUES ('24MECH210', '2025-02-06', 'Present', 1, '1-1');
INSERT INTO attendance (student_roll_no, date, status, subject_id, semester) VALUES ('24MECH210', '2025-02-07', 'Present', 1, '1-1');
INSERT INTO attendance (student_roll_no, date, status, subject_id, semester) VALUES ('24MECH210', '2025-02-08', 'Present', 1, '1-1');
INSERT INTO attendance (student_roll_no, date, status, subject_id, semester) VALUES ('24MECH210', '2025-02-09', 'Present', 1, '1-1');
INSERT INTO attendance (student_roll_no, date, status, subject_id, semester) VALUES ('24MECH210', '2025-02-10', 'Absent', 1, '1-1');
INSERT INTO attendance (student_roll_no, date, status, subject_id, semester) VALUES ('24MECH210', '2025-02-11', 'Present', 1, '1-1');
INSERT INTO attendance (student_roll_no, date, status, subject_id, semester) VALUES ('24MECH210', '2025-02-12', 'Present', 1, '1-1');
INSERT INTO attendance (student_roll_no, date, status, subject_id, semester) VALUES ('24MECH210', '2025-02-13', 'Present', 1, '1-1');
INSERT INTO attendance (student_roll_no, date, status, subject_id, semester) VALUES ('24MECH210', '2025-02-14', 'Present', 1, '1-1');
INSERT INTO attendance (student_roll_no, date, status, subject_id, semester) VALUES ('24MECH210', '2025-02-15', 'Absent', 1, '1-1');
INSERT INTO attendance (student_roll_no, date, status, subject_id, semester) VALUES ('24MECH210', '2025-02-16', 'Present', 1, '1-1');
INSERT INTO attendance (student_roll_no, date, status, subject_id, semester) VALUES ('24MECH210', '2025-02-17', 'Present', 1, '1-1');
INSERT INTO attendance (student_roll_no, date, status, subject_id, semester) VALUES ('24MECH210', '2025-02-18', 'Absent', 1, '1-1');
INSERT INTO attendance (student_roll_no, date, status, subject_id, semester) VALUES ('24MECH210', '2025-02-19', 'Present', 1, '1-1');
INSERT INTO fees (student_roll_no, academic_year, tuition_fees, convener_fees, due_date, paid_fees) VALUES ('24MECH210', '2024-25', 50000, 15000, '2025-05-15', 30000);
INSERT INTO outing_records (roll_number, date, reason) VALUES ('24MECH210', '2025-03-01', 'Weekend home');
INSERT INTO students (roll_no, admission_no, name, branch, section, year, gender, dob, religion, phone, email, aadhar, address, father_name, mother_name, parents_occupation, parents_mobile, annual_income, joining_date, photo_url, is_hosteller, password_hash) VALUES ('22CIVIL211', 'ADM22CIVIL211', 'Karthik Reddy', 'CIVIL', 'A', 3, 'Male', '2005-05-17', 'Muslim', '9848642655', '22civil211@nsrit.edu.in', '6818-5578-7819', 'H.No 189, Street 17, Visakhapatnam, AP', 'Reddy Neha', 'Hari Patel', 'Farmer', '9848642655', 553909, '2023-07-15', 'https://api.dicebear.com/7.x/avataaars/svg?seed=22CIVIL211', 0, 'scrypt:32768:8:1$ARD8iu2R30ZgOvjn$0c28fb2c347ac069a47026ad5d1f981cf505bbde11b1e3626b8a21147aa73e5d94d807b682b1299e2029c5c2f76884672524bbc1c3de85f345c28f406888dfe1');
INSERT INTO mentors (student_roll_no, teacher_id) VALUES ('22CIVIL211', 'TCH011');
INSERT INTO marks (student_roll_no, subject_id, grade, grade_point, credits) VALUES ('22CIVIL211', 1, 'C', 5, 4);
INSERT INTO internal_marks (student_roll_no, subject_id, mid1, mid2, online_tests, assignments) VALUES ('22CIVIL211', 1, 24, 21, 10, 5);
INSERT INTO marks (student_roll_no, subject_id, grade, grade_point, credits) VALUES ('22CIVIL211', 2, 'A', 8, 4);
INSERT INTO internal_marks (student_roll_no, subject_id, mid1, mid2, online_tests, assignments) VALUES ('22CIVIL211', 2, 20, 21, 10, 5);
INSERT INTO marks (student_roll_no, subject_id, grade, grade_point, credits) VALUES ('22CIVIL211', 3, 'A', 8, 4);
INSERT INTO internal_marks (student_roll_no, subject_id, mid1, mid2, online_tests, assignments) VALUES ('22CIVIL211', 3, 16, 17, 10, 5);
INSERT INTO semester_results (student_roll_no, semester, sgpa, cgpa, total_credits, percentage) VALUES ('22CIVIL211',  '1-1', 8.5, 8.5,  11,  80.0);
INSERT INTO cgpa (student_roll_no, cgpa, total_credits, total_percentage) VALUES ('22CIVIL211', 8.5, 11, 80.0);
INSERT INTO attendance (student_roll_no, date, status, subject_id, semester) VALUES ('22CIVIL211', '2025-02-01', 'Present', 1, '1-1');
INSERT INTO attendance (student_roll_no, date, status, subject_id, semester) VALUES ('22CIVIL211', '2025-02-02', 'Present', 1, '1-1');
INSERT INTO attendance (student_roll_no, date, status, subject_id, semester) VALUES ('22CIVIL211', '2025-02-03', 'Present', 1, '1-1');
INSERT INTO attendance (student_roll_no, date, status, subject_id, semester) VALUES ('22CIVIL211', '2025-02-04', 'Present', 1, '1-1');
INSERT INTO attendance (student_roll_no, date, status, subject_id, semester) VALUES ('22CIVIL211', '2025-02-05', 'Absent', 1, '1-1');
INSERT INTO attendance (student_roll_no, date, status, subject_id, semester) VALUES ('22CIVIL211', '2025-02-06', 'Present', 1, '1-1');
INSERT INTO attendance (student_roll_no, date, status, subject_id, semester) VALUES ('22CIVIL211', '2025-02-07', 'Present', 1, '1-1');
INSERT INTO attendance (student_roll_no, date, status, subject_id, semester) VALUES ('22CIVIL211', '2025-02-08', 'Present', 1, '1-1');
INSERT INTO attendance (student_roll_no, date, status, subject_id, semester) VALUES ('22CIVIL211', '2025-02-09', 'Absent', 1, '1-1');
INSERT INTO attendance (student_roll_no, date, status, subject_id, semester) VALUES ('22CIVIL211', '2025-02-10', 'Present', 1, '1-1');
INSERT INTO attendance (student_roll_no, date, status, subject_id, semester) VALUES ('22CIVIL211', '2025-02-11', 'Present', 1, '1-1');
INSERT INTO attendance (student_roll_no, date, status, subject_id, semester) VALUES ('22CIVIL211', '2025-02-12', 'Present', 1, '1-1');
INSERT INTO attendance (student_roll_no, date, status, subject_id, semester) VALUES ('22CIVIL211', '2025-02-13', 'Absent', 1, '1-1');
INSERT INTO attendance (student_roll_no, date, status, subject_id, semester) VALUES ('22CIVIL211', '2025-02-14', 'Present', 1, '1-1');
INSERT INTO attendance (student_roll_no, date, status, subject_id, semester) VALUES ('22CIVIL211', '2025-02-15', 'Present', 1, '1-1');
INSERT INTO attendance (student_roll_no, date, status, subject_id, semester) VALUES ('22CIVIL211', '2025-02-16', 'Absent', 1, '1-1');
INSERT INTO attendance (student_roll_no, date, status, subject_id, semester) VALUES ('22CIVIL211', '2025-02-17', 'Present', 1, '1-1');
INSERT INTO attendance (student_roll_no, date, status, subject_id, semester) VALUES ('22CIVIL211', '2025-02-18', 'Present', 1, '1-1');
INSERT INTO attendance (student_roll_no, date, status, subject_id, semester) VALUES ('22CIVIL211', '2025-02-19', 'Present', 1, '1-1');
INSERT INTO fees (student_roll_no, academic_year, tuition_fees, convener_fees, due_date, paid_fees) VALUES ('22CIVIL211', '2024-25', 50000, 15000, '2025-05-15', 30000);
INSERT INTO students (roll_no, admission_no, name, branch, section, year, gender, dob, religion, phone, email, aadhar, address, father_name, mother_name, parents_occupation, parents_mobile, annual_income, joining_date, photo_url, is_hosteller, password_hash) VALUES ('21ECE212', 'ADM21ECE212', 'Naveen Reddy', 'ECE', 'B', 4, 'Male', '2005-08-27', 'Sikh', '9848840519', '21ece212@nsrit.edu.in', '9026-8865-8377', 'H.No 297, Street 15, Visakhapatnam, AP', 'Rao Divya', 'Gayathri Kumar', 'Farmer', '9848840519', 537888, '2023-07-15', 'https://api.dicebear.com/7.x/avataaars/svg?seed=21ECE212', 0, 'scrypt:32768:8:1$ARD8iu2R30ZgOvjn$0c28fb2c347ac069a47026ad5d1f981cf505bbde11b1e3626b8a21147aa73e5d94d807b682b1299e2029c5c2f76884672524bbc1c3de85f345c28f406888dfe1');
INSERT INTO mentors (student_roll_no, teacher_id) VALUES ('21ECE212', 'TCH006');
INSERT INTO marks (student_roll_no, subject_id, grade, grade_point, credits) VALUES ('21ECE212', 1, 'O', 10, 4);
INSERT INTO internal_marks (student_roll_no, subject_id, mid1, mid2, online_tests, assignments) VALUES ('21ECE212', 1, 22, 21, 10, 5);
INSERT INTO marks (student_roll_no, subject_id, grade, grade_point, credits) VALUES ('21ECE212', 2, 'B', 6, 4);
INSERT INTO internal_marks (student_roll_no, subject_id, mid1, mid2, online_tests, assignments) VALUES ('21ECE212', 2, 23, 15, 10, 5);
INSERT INTO marks (student_roll_no, subject_id, grade, grade_point, credits) VALUES ('21ECE212', 3, 'A+', 9, 4);
INSERT INTO internal_marks (student_roll_no, subject_id, mid1, mid2, online_tests, assignments) VALUES ('21ECE212', 3, 17, 22, 10, 5);
INSERT INTO semester_results (student_roll_no, semester, sgpa, cgpa, total_credits, percentage) VALUES ('21ECE212',  '1-1', 8.5, 8.5,  11,  80.0);
INSERT INTO cgpa (student_roll_no, cgpa, total_credits, total_percentage) VALUES ('21ECE212', 8.5, 11, 80.0);
INSERT INTO attendance (student_roll_no, date, status, subject_id, semester) VALUES ('21ECE212', '2025-02-01', 'Present', 1, '1-1');
INSERT INTO attendance (student_roll_no, date, status, subject_id, semester) VALUES ('21ECE212', '2025-02-02', 'Present', 1, '1-1');
INSERT INTO attendance (student_roll_no, date, status, subject_id, semester) VALUES ('21ECE212', '2025-02-03', 'Present', 1, '1-1');
INSERT INTO attendance (student_roll_no, date, status, subject_id, semester) VALUES ('21ECE212', '2025-02-04', 'Present', 1, '1-1');
INSERT INTO attendance (student_roll_no, date, status, subject_id, semester) VALUES ('21ECE212', '2025-02-05', 'Present', 1, '1-1');
INSERT INTO attendance (student_roll_no, date, status, subject_id, semester) VALUES ('21ECE212', '2025-02-06', 'Present', 1, '1-1');
INSERT INTO attendance (student_roll_no, date, status, subject_id, semester) VALUES ('21ECE212', '2025-02-07', 'Present', 1, '1-1');
INSERT INTO attendance (student_roll_no, date, status, subject_id, semester) VALUES ('21ECE212', '2025-02-08', 'Present', 1, '1-1');
INSERT INTO attendance (student_roll_no, date, status, subject_id, semester) VALUES ('21ECE212', '2025-02-09', 'Present', 1, '1-1');
INSERT INTO attendance (student_roll_no, date, status, subject_id, semester) VALUES ('21ECE212', '2025-02-10', 'Present', 1, '1-1');
INSERT INTO attendance (student_roll_no, date, status, subject_id, semester) VALUES ('21ECE212', '2025-02-11', 'Present', 1, '1-1');
INSERT INTO attendance (student_roll_no, date, status, subject_id, semester) VALUES ('21ECE212', '2025-02-12', 'Present', 1, '1-1');
INSERT INTO attendance (student_roll_no, date, status, subject_id, semester) VALUES ('21ECE212', '2025-02-13', 'Present', 1, '1-1');
INSERT INTO attendance (student_roll_no, date, status, subject_id, semester) VALUES ('21ECE212', '2025-02-14', 'Present', 1, '1-1');
INSERT INTO attendance (student_roll_no, date, status, subject_id, semester) VALUES ('21ECE212', '2025-02-15', 'Present', 1, '1-1');
INSERT INTO attendance (student_roll_no, date, status, subject_id, semester) VALUES ('21ECE212', '2025-02-16', 'Present', 1, '1-1');
INSERT INTO attendance (student_roll_no, date, status, subject_id, semester) VALUES ('21ECE212', '2025-02-17', 'Present', 1, '1-1');
INSERT INTO attendance (student_roll_no, date, status, subject_id, semester) VALUES ('21ECE212', '2025-02-18', 'Present', 1, '1-1');
INSERT INTO attendance (student_roll_no, date, status, subject_id, semester) VALUES ('21ECE212', '2025-02-19', 'Absent', 1, '1-1');
INSERT INTO fees (student_roll_no, academic_year, tuition_fees, convener_fees, due_date, paid_fees) VALUES ('21ECE212', '2024-25', 50000, 15000, '2025-05-15', 30000);
INSERT INTO students (roll_no, admission_no, name, branch, section, year, gender, dob, religion, phone, email, aadhar, address, father_name, mother_name, parents_occupation, parents_mobile, annual_income, joining_date, photo_url, is_hosteller, password_hash) VALUES ('23EEE213', 'ADM23EEE213', 'Naveen Mishra', 'EEE', 'C', 2, 'Male', '2005-06-25', 'Sikh', '9848155377', '23eee213@nsrit.edu.in', '9923-3150-4007', 'H.No 432, Street 1, Visakhapatnam, AP', 'Goud Rakesh', 'Lakshmi Yadav', 'Engineer', '9848155377', 328902, '2023-07-15', 'https://api.dicebear.com/7.x/avataaars/svg?seed=23EEE213', 0, 'scrypt:32768:8:1$ARD8iu2R30ZgOvjn$0c28fb2c347ac069a47026ad5d1f981cf505bbde11b1e3626b8a21147aa73e5d94d807b682b1299e2029c5c2f76884672524bbc1c3de85f345c28f406888dfe1');
INSERT INTO mentors (student_roll_no, teacher_id) VALUES ('23EEE213', 'TCH009');
INSERT INTO marks (student_roll_no, subject_id, grade, grade_point, credits) VALUES ('23EEE213', 1, 'O', 10, 4);
INSERT INTO internal_marks (student_roll_no, subject_id, mid1, mid2, online_tests, assignments) VALUES ('23EEE213', 1, 17, 20, 10, 5);
INSERT INTO marks (student_roll_no, subject_id, grade, grade_point, credits) VALUES ('23EEE213', 2, 'B', 6, 4);
INSERT INTO internal_marks (student_roll_no, subject_id, mid1, mid2, online_tests, assignments) VALUES ('23EEE213', 2, 23, 22, 10, 5);
INSERT INTO marks (student_roll_no, subject_id, grade, grade_point, credits) VALUES ('23EEE213', 3, 'O', 10, 4);
INSERT INTO internal_marks (student_roll_no, subject_id, mid1, mid2, online_tests, assignments) VALUES ('23EEE213', 3, 24, 24, 10, 5);
INSERT INTO semester_results (student_roll_no, semester, sgpa, cgpa, total_credits, percentage) VALUES ('23EEE213',  '1-1', 8.5, 8.5,  11,  80.0);
INSERT INTO cgpa (student_roll_no, cgpa, total_credits, total_percentage) VALUES ('23EEE213', 8.5, 11, 80.0);
INSERT INTO attendance (student_roll_no, date, status, subject_id, semester) VALUES ('23EEE213', '2025-02-01', 'Absent', 1, '1-1');
INSERT INTO attendance (student_roll_no, date, status, subject_id, semester) VALUES ('23EEE213', '2025-02-02', 'Present', 1, '1-1');
INSERT INTO attendance (student_roll_no, date, status, subject_id, semester) VALUES ('23EEE213', '2025-02-03', 'Present', 1, '1-1');
INSERT INTO attendance (student_roll_no, date, status, subject_id, semester) VALUES ('23EEE213', '2025-02-04', 'Present', 1, '1-1');
INSERT INTO attendance (student_roll_no, date, status, subject_id, semester) VALUES ('23EEE213', '2025-02-05', 'Absent', 1, '1-1');
INSERT INTO attendance (student_roll_no, date, status, subject_id, semester) VALUES ('23EEE213', '2025-02-06', 'Present', 1, '1-1');
INSERT INTO attendance (student_roll_no, date, status, subject_id, semester) VALUES ('23EEE213', '2025-02-07', 'Present', 1, '1-1');
INSERT INTO attendance (student_roll_no, date, status, subject_id, semester) VALUES ('23EEE213', '2025-02-08', 'Present', 1, '1-1');
INSERT INTO attendance (student_roll_no, date, status, subject_id, semester) VALUES ('23EEE213', '2025-02-09', 'Present', 1, '1-1');
INSERT INTO attendance (student_roll_no, date, status, subject_id, semester) VALUES ('23EEE213', '2025-02-10', 'Present', 1, '1-1');
INSERT INTO attendance (student_roll_no, date, status, subject_id, semester) VALUES ('23EEE213', '2025-02-11', 'Present', 1, '1-1');
INSERT INTO attendance (student_roll_no, date, status, subject_id, semester) VALUES ('23EEE213', '2025-02-12', 'Absent', 1, '1-1');
INSERT INTO attendance (student_roll_no, date, status, subject_id, semester) VALUES ('23EEE213', '2025-02-13', 'Present', 1, '1-1');
INSERT INTO attendance (student_roll_no, date, status, subject_id, semester) VALUES ('23EEE213', '2025-02-14', 'Present', 1, '1-1');
INSERT INTO attendance (student_roll_no, date, status, subject_id, semester) VALUES ('23EEE213', '2025-02-15', 'Present', 1, '1-1');
INSERT INTO attendance (student_roll_no, date, status, subject_id, semester) VALUES ('23EEE213', '2025-02-16', 'Present', 1, '1-1');
INSERT INTO attendance (student_roll_no, date, status, subject_id, semester) VALUES ('23EEE213', '2025-02-17', 'Present', 1, '1-1');
INSERT INTO attendance (student_roll_no, date, status, subject_id, semester) VALUES ('23EEE213', '2025-02-18', 'Absent', 1, '1-1');
INSERT INTO attendance (student_roll_no, date, status, subject_id, semester) VALUES ('23EEE213', '2025-02-19', 'Present', 1, '1-1');
INSERT INTO fees (student_roll_no, academic_year, tuition_fees, convener_fees, due_date, paid_fees) VALUES ('23EEE213', '2024-25', 50000, 15000, '2025-05-15', 30000);
INSERT INTO students (roll_no, admission_no, name, branch, section, year, gender, dob, religion, phone, email, aadhar, address, father_name, mother_name, parents_occupation, parents_mobile, annual_income, joining_date, photo_url, is_hosteller, password_hash) VALUES ('23MECH214', 'ADM23MECH214', 'Ravi Gupta', 'MECH', 'A', 2, 'Female', '2005-11-29', 'Christian', '9848290654', '23mech214@nsrit.edu.in', '4376-6942-2930', 'H.No 209, Street 9, Visakhapatnam, AP', 'Singh Divya', 'Neha Das', 'Teacher', '9848290654', 356028, '2023-07-15', 'https://api.dicebear.com/7.x/avataaars/svg?seed=23MECH214', 0, 'scrypt:32768:8:1$ARD8iu2R30ZgOvjn$0c28fb2c347ac069a47026ad5d1f981cf505bbde11b1e3626b8a21147aa73e5d94d807b682b1299e2029c5c2f76884672524bbc1c3de85f345c28f406888dfe1');
INSERT INTO mentors (student_roll_no, teacher_id) VALUES ('23MECH214', 'TCH002');
INSERT INTO marks (student_roll_no, subject_id, grade, grade_point, credits) VALUES ('23MECH214', 1, 'A', 8, 4);
INSERT INTO internal_marks (student_roll_no, subject_id, mid1, mid2, online_tests, assignments) VALUES ('23MECH214', 1, 15, 22, 10, 5);
INSERT INTO marks (student_roll_no, subject_id, grade, grade_point, credits) VALUES ('23MECH214', 2, 'B+', 7, 4);
INSERT INTO internal_marks (student_roll_no, subject_id, mid1, mid2, online_tests, assignments) VALUES ('23MECH214', 2, 25, 15, 10, 5);
INSERT INTO marks (student_roll_no, subject_id, grade, grade_point, credits) VALUES ('23MECH214', 3, 'C', 5, 4);
INSERT INTO internal_marks (student_roll_no, subject_id, mid1, mid2, online_tests, assignments) VALUES ('23MECH214', 3, 18, 24, 10, 5);
INSERT INTO semester_results (student_roll_no, semester, sgpa, cgpa, total_credits, percentage) VALUES ('23MECH214',  '1-1', 8.5, 8.5,  11,  80.0);
INSERT INTO cgpa (student_roll_no, cgpa, total_credits, total_percentage) VALUES ('23MECH214', 8.5, 11, 80.0);
INSERT INTO attendance (student_roll_no, date, status, subject_id, semester) VALUES ('23MECH214', '2025-02-01', 'Present', 1, '1-1');
INSERT INTO attendance (student_roll_no, date, status, subject_id, semester) VALUES ('23MECH214', '2025-02-02', 'Present', 1, '1-1');
INSERT INTO attendance (student_roll_no, date, status, subject_id, semester) VALUES ('23MECH214', '2025-02-03', 'Present', 1, '1-1');
INSERT INTO attendance (student_roll_no, date, status, subject_id, semester) VALUES ('23MECH214', '2025-02-04', 'Present', 1, '1-1');
INSERT INTO attendance (student_roll_no, date, status, subject_id, semester) VALUES ('23MECH214', '2025-02-05', 'Absent', 1, '1-1');
INSERT INTO attendance (student_roll_no, date, status, subject_id, semester) VALUES ('23MECH214', '2025-02-06', 'Present', 1, '1-1');
INSERT INTO attendance (student_roll_no, date, status, subject_id, semester) VALUES ('23MECH214', '2025-02-07', 'Absent', 1, '1-1');
INSERT INTO attendance (student_roll_no, date, status, subject_id, semester) VALUES ('23MECH214', '2025-02-08', 'Present', 1, '1-1');
INSERT INTO attendance (student_roll_no, date, status, subject_id, semester) VALUES ('23MECH214', '2025-02-09', 'Present', 1, '1-1');
INSERT INTO attendance (student_roll_no, date, status, subject_id, semester) VALUES ('23MECH214', '2025-02-10', 'Present', 1, '1-1');
INSERT INTO attendance (student_roll_no, date, status, subject_id, semester) VALUES ('23MECH214', '2025-02-11', 'Present', 1, '1-1');
INSERT INTO attendance (student_roll_no, date, status, subject_id, semester) VALUES ('23MECH214', '2025-02-12', 'Absent', 1, '1-1');
INSERT INTO attendance (student_roll_no, date, status, subject_id, semester) VALUES ('23MECH214', '2025-02-13', 'Present', 1, '1-1');
INSERT INTO attendance (student_roll_no, date, status, subject_id, semester) VALUES ('23MECH214', '2025-02-14', 'Present', 1, '1-1');
INSERT INTO attendance (student_roll_no, date, status, subject_id, semester) VALUES ('23MECH214', '2025-02-15', 'Present', 1, '1-1');
INSERT INTO attendance (student_roll_no, date, status, subject_id, semester) VALUES ('23MECH214', '2025-02-16', 'Present', 1, '1-1');
INSERT INTO attendance (student_roll_no, date, status, subject_id, semester) VALUES ('23MECH214', '2025-02-17', 'Present', 1, '1-1');
INSERT INTO attendance (student_roll_no, date, status, subject_id, semester) VALUES ('23MECH214', '2025-02-18', 'Present', 1, '1-1');
INSERT INTO attendance (student_roll_no, date, status, subject_id, semester) VALUES ('23MECH214', '2025-02-19', 'Present', 1, '1-1');
INSERT INTO fees (student_roll_no, academic_year, tuition_fees, convener_fees, due_date, paid_fees) VALUES ('23MECH214', '2024-25', 50000, 15000, '2025-05-15', 30000);
INSERT INTO students (roll_no, admission_no, name, branch, section, year, gender, dob, religion, phone, email, aadhar, address, father_name, mother_name, parents_occupation, parents_mobile, annual_income, joining_date, photo_url, is_hosteller, password_hash) VALUES ('22CSE215', 'ADM22CSE215', 'Gayathri Varma', 'CSE', 'B', 3, 'Male', '2005-03-28', 'Hindu', '9848810821', '22cse215@nsrit.edu.in', '4993-5457-8660', 'H.No 481, Street 3, Visakhapatnam, AP', 'Singh Suresh', 'Prasad Yadav', 'Business', '9848810821', 622456, '2023-07-15', 'https://api.dicebear.com/7.x/avataaars/svg?seed=22CSE215', 1, 'scrypt:32768:8:1$ARD8iu2R30ZgOvjn$0c28fb2c347ac069a47026ad5d1f981cf505bbde11b1e3626b8a21147aa73e5d94d807b682b1299e2029c5c2f76884672524bbc1c3de85f345c28f406888dfe1');
INSERT INTO mentors (student_roll_no, teacher_id) VALUES ('22CSE215', 'TCH012');
INSERT INTO marks (student_roll_no, subject_id, grade, grade_point, credits) VALUES ('22CSE215', 1, 'A', 8, 4);
INSERT INTO internal_marks (student_roll_no, subject_id, mid1, mid2, online_tests, assignments) VALUES ('22CSE215', 1, 17, 19, 10, 5);
INSERT INTO marks (student_roll_no, subject_id, grade, grade_point, credits) VALUES ('22CSE215', 2, 'A+', 9, 4);
INSERT INTO internal_marks (student_roll_no, subject_id, mid1, mid2, online_tests, assignments) VALUES ('22CSE215', 2, 20, 21, 10, 5);
INSERT INTO marks (student_roll_no, subject_id, grade, grade_point, credits) VALUES ('22CSE215', 3, 'O', 10, 4);
INSERT INTO internal_marks (student_roll_no, subject_id, mid1, mid2, online_tests, assignments) VALUES ('22CSE215', 3, 16, 20, 10, 5);
INSERT INTO semester_results (student_roll_no, semester, sgpa, cgpa, total_credits, percentage) VALUES ('22CSE215',  '1-1', 8.5, 8.5,  11,  80.0);
INSERT INTO cgpa (student_roll_no, cgpa, total_credits, total_percentage) VALUES ('22CSE215', 8.5, 11, 80.0);
INSERT INTO attendance (student_roll_no, date, status, subject_id, semester) VALUES ('22CSE215', '2025-02-01', 'Present', 1, '1-1');
INSERT INTO attendance (student_roll_no, date, status, subject_id, semester) VALUES ('22CSE215', '2025-02-02', 'Present', 1, '1-1');
INSERT INTO attendance (student_roll_no, date, status, subject_id, semester) VALUES ('22CSE215', '2025-02-03', 'Present', 1, '1-1');
INSERT INTO attendance (student_roll_no, date, status, subject_id, semester) VALUES ('22CSE215', '2025-02-04', 'Present', 1, '1-1');
INSERT INTO attendance (student_roll_no, date, status, subject_id, semester) VALUES ('22CSE215', '2025-02-05', 'Present', 1, '1-1');
INSERT INTO attendance (student_roll_no, date, status, subject_id, semester) VALUES ('22CSE215', '2025-02-06', 'Present', 1, '1-1');
INSERT INTO attendance (student_roll_no, date, status, subject_id, semester) VALUES ('22CSE215', '2025-02-07', 'Present', 1, '1-1');
INSERT INTO attendance (student_roll_no, date, status, subject_id, semester) VALUES ('22CSE215', '2025-02-08', 'Present', 1, '1-1');
INSERT INTO attendance (student_roll_no, date, status, subject_id, semester) VALUES ('22CSE215', '2025-02-09', 'Present', 1, '1-1');
INSERT INTO attendance (student_roll_no, date, status, subject_id, semester) VALUES ('22CSE215', '2025-02-10', 'Absent', 1, '1-1');
INSERT INTO attendance (student_roll_no, date, status, subject_id, semester) VALUES ('22CSE215', '2025-02-11', 'Present', 1, '1-1');
INSERT INTO attendance (student_roll_no, date, status, subject_id, semester) VALUES ('22CSE215', '2025-02-12', 'Present', 1, '1-1');
INSERT INTO attendance (student_roll_no, date, status, subject_id, semester) VALUES ('22CSE215', '2025-02-13', 'Present', 1, '1-1');
INSERT INTO attendance (student_roll_no, date, status, subject_id, semester) VALUES ('22CSE215', '2025-02-14', 'Present', 1, '1-1');
INSERT INTO attendance (student_roll_no, date, status, subject_id, semester) VALUES ('22CSE215', '2025-02-15', 'Present', 1, '1-1');
INSERT INTO attendance (student_roll_no, date, status, subject_id, semester) VALUES ('22CSE215', '2025-02-16', 'Present', 1, '1-1');
INSERT INTO attendance (student_roll_no, date, status, subject_id, semester) VALUES ('22CSE215', '2025-02-17', 'Present', 1, '1-1');
INSERT INTO attendance (student_roll_no, date, status, subject_id, semester) VALUES ('22CSE215', '2025-02-18', 'Present', 1, '1-1');
INSERT INTO attendance (student_roll_no, date, status, subject_id, semester) VALUES ('22CSE215', '2025-02-19', 'Present', 1, '1-1');
INSERT INTO fees (student_roll_no, academic_year, tuition_fees, convener_fees, due_date, paid_fees) VALUES ('22CSE215', '2024-25', 50000, 15000, '2025-05-15', 30000);
INSERT INTO outing_records (roll_number, date, reason) VALUES ('22CSE215', '2025-03-01', 'Weekend home');
INSERT INTO students (roll_no, admission_no, name, branch, section, year, gender, dob, religion, phone, email, aadhar, address, father_name, mother_name, parents_occupation, parents_mobile, annual_income, joining_date, photo_url, is_hosteller, password_hash) VALUES ('23CIVIL216', 'ADM23CIVIL216', 'Neha Sharma', 'CIVIL', 'B', 2, 'Male', '2005-10-09', 'Muslim', '9848698362', '23civil216@nsrit.edu.in', '1290-2604-4455', 'H.No 493, Street 5, Visakhapatnam, AP', 'Rao Swathi', 'Kiran Goud', 'Teacher', '9848698362', 818749, '2023-07-15', 'https://api.dicebear.com/7.x/avataaars/svg?seed=23CIVIL216', 0, 'scrypt:32768:8:1$ARD8iu2R30ZgOvjn$0c28fb2c347ac069a47026ad5d1f981cf505bbde11b1e3626b8a21147aa73e5d94d807b682b1299e2029c5c2f76884672524bbc1c3de85f345c28f406888dfe1');
INSERT INTO mentors (student_roll_no, teacher_id) VALUES ('23CIVIL216', 'TCH002');
INSERT INTO marks (student_roll_no, subject_id, grade, grade_point, credits) VALUES ('23CIVIL216', 1, 'B', 6, 4);
INSERT INTO internal_marks (student_roll_no, subject_id, mid1, mid2, online_tests, assignments) VALUES ('23CIVIL216', 1, 25, 25, 10, 5);
INSERT INTO marks (student_roll_no, subject_id, grade, grade_point, credits) VALUES ('23CIVIL216', 2, 'A+', 9, 4);
INSERT INTO internal_marks (student_roll_no, subject_id, mid1, mid2, online_tests, assignments) VALUES ('23CIVIL216', 2, 22, 16, 10, 5);
INSERT INTO marks (student_roll_no, subject_id, grade, grade_point, credits) VALUES ('23CIVIL216', 3, 'C', 5, 4);
INSERT INTO internal_marks (student_roll_no, subject_id, mid1, mid2, online_tests, assignments) VALUES ('23CIVIL216', 3, 18, 25, 10, 5);
INSERT INTO semester_results (student_roll_no, semester, sgpa, cgpa, total_credits, percentage) VALUES ('23CIVIL216',  '1-1', 8.5, 8.5,  11,  80.0);
INSERT INTO cgpa (student_roll_no, cgpa, total_credits, total_percentage) VALUES ('23CIVIL216', 8.5, 11, 80.0);
INSERT INTO attendance (student_roll_no, date, status, subject_id, semester) VALUES ('23CIVIL216', '2025-02-01', 'Present', 1, '1-1');
INSERT INTO attendance (student_roll_no, date, status, subject_id, semester) VALUES ('23CIVIL216', '2025-02-02', 'Present', 1, '1-1');
INSERT INTO attendance (student_roll_no, date, status, subject_id, semester) VALUES ('23CIVIL216', '2025-02-03', 'Present', 1, '1-1');
INSERT INTO attendance (student_roll_no, date, status, subject_id, semester) VALUES ('23CIVIL216', '2025-02-04', 'Present', 1, '1-1');
INSERT INTO attendance (student_roll_no, date, status, subject_id, semester) VALUES ('23CIVIL216', '2025-02-05', 'Present', 1, '1-1');
INSERT INTO attendance (student_roll_no, date, status, subject_id, semester) VALUES ('23CIVIL216', '2025-02-06', 'Present', 1, '1-1');
INSERT INTO attendance (student_roll_no, date, status, subject_id, semester) VALUES ('23CIVIL216', '2025-02-07', 'Present', 1, '1-1');
INSERT INTO attendance (student_roll_no, date, status, subject_id, semester) VALUES ('23CIVIL216', '2025-02-08', 'Present', 1, '1-1');
INSERT INTO attendance (student_roll_no, date, status, subject_id, semester) VALUES ('23CIVIL216', '2025-02-09', 'Absent', 1, '1-1');
INSERT INTO attendance (student_roll_no, date, status, subject_id, semester) VALUES ('23CIVIL216', '2025-02-10', 'Present', 1, '1-1');
INSERT INTO attendance (student_roll_no, date, status, subject_id, semester) VALUES ('23CIVIL216', '2025-02-11', 'Present', 1, '1-1');
INSERT INTO attendance (student_roll_no, date, status, subject_id, semester) VALUES ('23CIVIL216', '2025-02-12', 'Present', 1, '1-1');
INSERT INTO attendance (student_roll_no, date, status, subject_id, semester) VALUES ('23CIVIL216', '2025-02-13', 'Present', 1, '1-1');
INSERT INTO attendance (student_roll_no, date, status, subject_id, semester) VALUES ('23CIVIL216', '2025-02-14', 'Present', 1, '1-1');
INSERT INTO attendance (student_roll_no, date, status, subject_id, semester) VALUES ('23CIVIL216', '2025-02-15', 'Absent', 1, '1-1');
INSERT INTO attendance (student_roll_no, date, status, subject_id, semester) VALUES ('23CIVIL216', '2025-02-16', 'Present', 1, '1-1');
INSERT INTO attendance (student_roll_no, date, status, subject_id, semester) VALUES ('23CIVIL216', '2025-02-17', 'Absent', 1, '1-1');
INSERT INTO attendance (student_roll_no, date, status, subject_id, semester) VALUES ('23CIVIL216', '2025-02-18', 'Present', 1, '1-1');
INSERT INTO attendance (student_roll_no, date, status, subject_id, semester) VALUES ('23CIVIL216', '2025-02-19', 'Present', 1, '1-1');
INSERT INTO fees (student_roll_no, academic_year, tuition_fees, convener_fees, due_date, paid_fees) VALUES ('23CIVIL216', '2024-25', 50000, 15000, '2025-05-15', 30000);
INSERT INTO students (roll_no, admission_no, name, branch, section, year, gender, dob, religion, phone, email, aadhar, address, father_name, mother_name, parents_occupation, parents_mobile, annual_income, joining_date, photo_url, is_hosteller, password_hash) VALUES ('21EEE217', 'ADM21EEE217', 'Naveen Singh', 'EEE', 'A', 4, 'Female', '2005-10-09', 'Christian', '9848228332', '21eee217@nsrit.edu.in', '7609-6334-4385', 'H.No 366, Street 16, Visakhapatnam, AP', 'Patel Naveen', 'Anil Sharma', 'Teacher', '9848228332', 781623, '2023-07-15', 'https://api.dicebear.com/7.x/avataaars/svg?seed=21EEE217', 0, 'scrypt:32768:8:1$ARD8iu2R30ZgOvjn$0c28fb2c347ac069a47026ad5d1f981cf505bbde11b1e3626b8a21147aa73e5d94d807b682b1299e2029c5c2f76884672524bbc1c3de85f345c28f406888dfe1');
INSERT INTO mentors (student_roll_no, teacher_id) VALUES ('21EEE217', 'TCH003');
INSERT INTO marks (student_roll_no, subject_id, grade, grade_point, credits) VALUES ('21EEE217', 1, 'B+', 7, 4);
INSERT INTO internal_marks (student_roll_no, subject_id, mid1, mid2, online_tests, assignments) VALUES ('21EEE217', 1, 22, 17, 10, 5);
INSERT INTO marks (student_roll_no, subject_id, grade, grade_point, credits) VALUES ('21EEE217', 2, 'B', 6, 4);
INSERT INTO internal_marks (student_roll_no, subject_id, mid1, mid2, online_tests, assignments) VALUES ('21EEE217', 2, 23, 23, 10, 5);
INSERT INTO marks (student_roll_no, subject_id, grade, grade_point, credits) VALUES ('21EEE217', 3, 'O', 10, 4);
INSERT INTO internal_marks (student_roll_no, subject_id, mid1, mid2, online_tests, assignments) VALUES ('21EEE217', 3, 18, 19, 10, 5);
INSERT INTO semester_results (student_roll_no, semester, sgpa, cgpa, total_credits, percentage) VALUES ('21EEE217',  '1-1', 8.5, 8.5,  11,  80.0);
INSERT INTO cgpa (student_roll_no, cgpa, total_credits, total_percentage) VALUES ('21EEE217', 8.5, 11, 80.0);
INSERT INTO attendance (student_roll_no, date, status, subject_id, semester) VALUES ('21EEE217', '2025-02-01', 'Present', 1, '1-1');
INSERT INTO attendance (student_roll_no, date, status, subject_id, semester) VALUES ('21EEE217', '2025-02-02', 'Present', 1, '1-1');
INSERT INTO attendance (student_roll_no, date, status, subject_id, semester) VALUES ('21EEE217', '2025-02-03', 'Present', 1, '1-1');
INSERT INTO attendance (student_roll_no, date, status, subject_id, semester) VALUES ('21EEE217', '2025-02-04', 'Present', 1, '1-1');
INSERT INTO attendance (student_roll_no, date, status, subject_id, semester) VALUES ('21EEE217', '2025-02-05', 'Present', 1, '1-1');
INSERT INTO attendance (student_roll_no, date, status, subject_id, semester) VALUES ('21EEE217', '2025-02-06', 'Present', 1, '1-1');
INSERT INTO attendance (student_roll_no, date, status, subject_id, semester) VALUES ('21EEE217', '2025-02-07', 'Present', 1, '1-1');
INSERT INTO attendance (student_roll_no, date, status, subject_id, semester) VALUES ('21EEE217', '2025-02-08', 'Present', 1, '1-1');
INSERT INTO attendance (student_roll_no, date, status, subject_id, semester) VALUES ('21EEE217', '2025-02-09', 'Present', 1, '1-1');
INSERT INTO attendance (student_roll_no, date, status, subject_id, semester) VALUES ('21EEE217', '2025-02-10', 'Present', 1, '1-1');
INSERT INTO attendance (student_roll_no, date, status, subject_id, semester) VALUES ('21EEE217', '2025-02-11', 'Present', 1, '1-1');
INSERT INTO attendance (student_roll_no, date, status, subject_id, semester) VALUES ('21EEE217', '2025-02-12', 'Present', 1, '1-1');
INSERT INTO attendance (student_roll_no, date, status, subject_id, semester) VALUES ('21EEE217', '2025-02-13', 'Present', 1, '1-1');
INSERT INTO attendance (student_roll_no, date, status, subject_id, semester) VALUES ('21EEE217', '2025-02-14', 'Present', 1, '1-1');
INSERT INTO attendance (student_roll_no, date, status, subject_id, semester) VALUES ('21EEE217', '2025-02-15', 'Present', 1, '1-1');
INSERT INTO attendance (student_roll_no, date, status, subject_id, semester) VALUES ('21EEE217', '2025-02-16', 'Present', 1, '1-1');
INSERT INTO attendance (student_roll_no, date, status, subject_id, semester) VALUES ('21EEE217', '2025-02-17', 'Present', 1, '1-1');
INSERT INTO attendance (student_roll_no, date, status, subject_id, semester) VALUES ('21EEE217', '2025-02-18', 'Present', 1, '1-1');
INSERT INTO attendance (student_roll_no, date, status, subject_id, semester) VALUES ('21EEE217', '2025-02-19', 'Present', 1, '1-1');
INSERT INTO fees (student_roll_no, academic_year, tuition_fees, convener_fees, due_date, paid_fees) VALUES ('21EEE217', '2024-25', 50000, 15000, '2025-05-15', 30000);
INSERT INTO students (roll_no, admission_no, name, branch, section, year, gender, dob, religion, phone, email, aadhar, address, father_name, mother_name, parents_occupation, parents_mobile, annual_income, joining_date, photo_url, is_hosteller, password_hash) VALUES ('23ECE218', 'ADM23ECE218', 'Prasad Kumar', 'ECE', 'C', 2, 'Male', '2005-02-08', 'Christian', '9848666411', '23ece218@nsrit.edu.in', '9419-9180-1494', 'H.No 72, Street 8, Visakhapatnam, AP', 'Rao Akhil', 'Suresh Patel', 'Business', '9848666411', 782615, '2023-07-15', 'https://api.dicebear.com/7.x/avataaars/svg?seed=23ECE218', 0, 'scrypt:32768:8:1$ARD8iu2R30ZgOvjn$0c28fb2c347ac069a47026ad5d1f981cf505bbde11b1e3626b8a21147aa73e5d94d807b682b1299e2029c5c2f76884672524bbc1c3de85f345c28f406888dfe1');
INSERT INTO mentors (student_roll_no, teacher_id) VALUES ('23ECE218', 'TCH009');
INSERT INTO marks (student_roll_no, subject_id, grade, grade_point, credits) VALUES ('23ECE218', 1, 'B', 6, 4);
INSERT INTO internal_marks (student_roll_no, subject_id, mid1, mid2, online_tests, assignments) VALUES ('23ECE218', 1, 18, 20, 10, 5);
INSERT INTO marks (student_roll_no, subject_id, grade, grade_point, credits) VALUES ('23ECE218', 2, 'B+', 7, 4);
INSERT INTO internal_marks (student_roll_no, subject_id, mid1, mid2, online_tests, assignments) VALUES ('23ECE218', 2, 19, 21, 10, 5);
INSERT INTO marks (student_roll_no, subject_id, grade, grade_point, credits) VALUES ('23ECE218', 3, 'A', 8, 4);
INSERT INTO internal_marks (student_roll_no, subject_id, mid1, mid2, online_tests, assignments) VALUES ('23ECE218', 3, 24, 17, 10, 5);
INSERT INTO semester_results (student_roll_no, semester, sgpa, cgpa, total_credits, percentage) VALUES ('23ECE218',  '1-1', 8.5, 8.5,  11,  80.0);
INSERT INTO cgpa (student_roll_no, cgpa, total_credits, total_percentage) VALUES ('23ECE218', 8.5, 11, 80.0);
INSERT INTO attendance (student_roll_no, date, status, subject_id, semester) VALUES ('23ECE218', '2025-02-01', 'Present', 1, '1-1');
INSERT INTO attendance (student_roll_no, date, status, subject_id, semester) VALUES ('23ECE218', '2025-02-02', 'Absent', 1, '1-1');
INSERT INTO attendance (student_roll_no, date, status, subject_id, semester) VALUES ('23ECE218', '2025-02-03', 'Present', 1, '1-1');
INSERT INTO attendance (student_roll_no, date, status, subject_id, semester) VALUES ('23ECE218', '2025-02-04', 'Present', 1, '1-1');
INSERT INTO attendance (student_roll_no, date, status, subject_id, semester) VALUES ('23ECE218', '2025-02-05', 'Present', 1, '1-1');
INSERT INTO attendance (student_roll_no, date, status, subject_id, semester) VALUES ('23ECE218', '2025-02-06', 'Present', 1, '1-1');
INSERT INTO attendance (student_roll_no, date, status, subject_id, semester) VALUES ('23ECE218', '2025-02-07', 'Present', 1, '1-1');
INSERT INTO attendance (student_roll_no, date, status, subject_id, semester) VALUES ('23ECE218', '2025-02-08', 'Present', 1, '1-1');
INSERT INTO attendance (student_roll_no, date, status, subject_id, semester) VALUES ('23ECE218', '2025-02-09', 'Present', 1, '1-1');
INSERT INTO attendance (student_roll_no, date, status, subject_id, semester) VALUES ('23ECE218', '2025-02-10', 'Present', 1, '1-1');
INSERT INTO attendance (student_roll_no, date, status, subject_id, semester) VALUES ('23ECE218', '2025-02-11', 'Absent', 1, '1-1');
INSERT INTO attendance (student_roll_no, date, status, subject_id, semester) VALUES ('23ECE218', '2025-02-12', 'Present', 1, '1-1');
INSERT INTO attendance (student_roll_no, date, status, subject_id, semester) VALUES ('23ECE218', '2025-02-13', 'Absent', 1, '1-1');
INSERT INTO attendance (student_roll_no, date, status, subject_id, semester) VALUES ('23ECE218', '2025-02-14', 'Present', 1, '1-1');
INSERT INTO attendance (student_roll_no, date, status, subject_id, semester) VALUES ('23ECE218', '2025-02-15', 'Present', 1, '1-1');
INSERT INTO attendance (student_roll_no, date, status, subject_id, semester) VALUES ('23ECE218', '2025-02-16', 'Present', 1, '1-1');
INSERT INTO attendance (student_roll_no, date, status, subject_id, semester) VALUES ('23ECE218', '2025-02-17', 'Absent', 1, '1-1');
INSERT INTO attendance (student_roll_no, date, status, subject_id, semester) VALUES ('23ECE218', '2025-02-18', 'Present', 1, '1-1');
INSERT INTO attendance (student_roll_no, date, status, subject_id, semester) VALUES ('23ECE218', '2025-02-19', 'Present', 1, '1-1');
INSERT INTO fees (student_roll_no, academic_year, tuition_fees, convener_fees, due_date, paid_fees) VALUES ('23ECE218', '2024-25', 50000, 15000, '2025-05-15', 30000);
INSERT INTO students (roll_no, admission_no, name, branch, section, year, gender, dob, religion, phone, email, aadhar, address, father_name, mother_name, parents_occupation, parents_mobile, annual_income, joining_date, photo_url, is_hosteller, password_hash) VALUES ('21CSE219', 'ADM21CSE219', 'Lakshmi Patel', 'CSE', 'C', 4, 'Male', '2005-09-06', 'Hindu', '9848340268', '21cse219@nsrit.edu.in', '4264-3860-3426', 'H.No 169, Street 18, Visakhapatnam, AP', 'Gupta Venkata', 'Arjun Varma', 'Business', '9848340268', 563863, '2023-07-15', 'https://api.dicebear.com/7.x/avataaars/svg?seed=21CSE219', 0, 'scrypt:32768:8:1$ARD8iu2R30ZgOvjn$0c28fb2c347ac069a47026ad5d1f981cf505bbde11b1e3626b8a21147aa73e5d94d807b682b1299e2029c5c2f76884672524bbc1c3de85f345c28f406888dfe1');
INSERT INTO mentors (student_roll_no, teacher_id) VALUES ('21CSE219', 'TCH006');
INSERT INTO marks (student_roll_no, subject_id, grade, grade_point, credits) VALUES ('21CSE219', 1, 'B', 6, 4);
INSERT INTO internal_marks (student_roll_no, subject_id, mid1, mid2, online_tests, assignments) VALUES ('21CSE219', 1, 15, 20, 10, 5);
INSERT INTO marks (student_roll_no, subject_id, grade, grade_point, credits) VALUES ('21CSE219', 2, 'B+', 7, 4);
INSERT INTO internal_marks (student_roll_no, subject_id, mid1, mid2, online_tests, assignments) VALUES ('21CSE219', 2, 18, 20, 10, 5);
INSERT INTO marks (student_roll_no, subject_id, grade, grade_point, credits) VALUES ('21CSE219', 3, 'B', 6, 4);
INSERT INTO internal_marks (student_roll_no, subject_id, mid1, mid2, online_tests, assignments) VALUES ('21CSE219', 3, 24, 23, 10, 5);
INSERT INTO semester_results (student_roll_no, semester, sgpa, cgpa, total_credits, percentage) VALUES ('21CSE219',  '1-1', 8.5, 8.5,  11,  80.0);
INSERT INTO cgpa (student_roll_no, cgpa, total_credits, total_percentage) VALUES ('21CSE219', 8.5, 11, 80.0);
INSERT INTO attendance (student_roll_no, date, status, subject_id, semester) VALUES ('21CSE219', '2025-02-01', 'Present', 1, '1-1');
INSERT INTO attendance (student_roll_no, date, status, subject_id, semester) VALUES ('21CSE219', '2025-02-02', 'Present', 1, '1-1');
INSERT INTO attendance (student_roll_no, date, status, subject_id, semester) VALUES ('21CSE219', '2025-02-03', 'Present', 1, '1-1');
INSERT INTO attendance (student_roll_no, date, status, subject_id, semester) VALUES ('21CSE219', '2025-02-04', 'Present', 1, '1-1');
INSERT INTO attendance (student_roll_no, date, status, subject_id, semester) VALUES ('21CSE219', '2025-02-05', 'Present', 1, '1-1');
INSERT INTO attendance (student_roll_no, date, status, subject_id, semester) VALUES ('21CSE219', '2025-02-06', 'Present', 1, '1-1');
INSERT INTO attendance (student_roll_no, date, status, subject_id, semester) VALUES ('21CSE219', '2025-02-07', 'Present', 1, '1-1');
INSERT INTO attendance (student_roll_no, date, status, subject_id, semester) VALUES ('21CSE219', '2025-02-08', 'Present', 1, '1-1');
INSERT INTO attendance (student_roll_no, date, status, subject_id, semester) VALUES ('21CSE219', '2025-02-09', 'Present', 1, '1-1');
INSERT INTO attendance (student_roll_no, date, status, subject_id, semester) VALUES ('21CSE219', '2025-02-10', 'Present', 1, '1-1');
INSERT INTO attendance (student_roll_no, date, status, subject_id, semester) VALUES ('21CSE219', '2025-02-11', 'Present', 1, '1-1');
INSERT INTO attendance (student_roll_no, date, status, subject_id, semester) VALUES ('21CSE219', '2025-02-12', 'Present', 1, '1-1');
INSERT INTO attendance (student_roll_no, date, status, subject_id, semester) VALUES ('21CSE219', '2025-02-13', 'Present', 1, '1-1');
INSERT INTO attendance (student_roll_no, date, status, subject_id, semester) VALUES ('21CSE219', '2025-02-14', 'Present', 1, '1-1');
INSERT INTO attendance (student_roll_no, date, status, subject_id, semester) VALUES ('21CSE219', '2025-02-15', 'Absent', 1, '1-1');
INSERT INTO attendance (student_roll_no, date, status, subject_id, semester) VALUES ('21CSE219', '2025-02-16', 'Present', 1, '1-1');
INSERT INTO attendance (student_roll_no, date, status, subject_id, semester) VALUES ('21CSE219', '2025-02-17', 'Present', 1, '1-1');
INSERT INTO attendance (student_roll_no, date, status, subject_id, semester) VALUES ('21CSE219', '2025-02-18', 'Present', 1, '1-1');
INSERT INTO attendance (student_roll_no, date, status, subject_id, semester) VALUES ('21CSE219', '2025-02-19', 'Present', 1, '1-1');
INSERT INTO fees (student_roll_no, academic_year, tuition_fees, convener_fees, due_date, paid_fees) VALUES ('21CSE219', '2024-25', 50000, 15000, '2025-05-15', 30000);
INSERT INTO students (roll_no, admission_no, name, branch, section, year, gender, dob, religion, phone, email, aadhar, address, father_name, mother_name, parents_occupation, parents_mobile, annual_income, joining_date, photo_url, is_hosteller, password_hash) VALUES ('22CSE220', 'ADM22CSE220', 'Akhil Rao', 'CSE', 'B', 3, 'Female', '2005-05-01', 'Christian', '9848389524', '22cse220@nsrit.edu.in', '8716-7417-1883', 'H.No 334, Street 12, Visakhapatnam, AP', 'Sharma Anil', 'Rakesh Chowdary', 'Teacher', '9848389524', 369387, '2023-07-15', 'https://api.dicebear.com/7.x/avataaars/svg?seed=22CSE220', 1, 'scrypt:32768:8:1$ARD8iu2R30ZgOvjn$0c28fb2c347ac069a47026ad5d1f981cf505bbde11b1e3626b8a21147aa73e5d94d807b682b1299e2029c5c2f76884672524bbc1c3de85f345c28f406888dfe1');
INSERT INTO mentors (student_roll_no, teacher_id) VALUES ('22CSE220', 'TCH002');
INSERT INTO marks (student_roll_no, subject_id, grade, grade_point, credits) VALUES ('22CSE220', 1, 'B', 6, 4);
INSERT INTO internal_marks (student_roll_no, subject_id, mid1, mid2, online_tests, assignments) VALUES ('22CSE220', 1, 25, 24, 10, 5);
INSERT INTO marks (student_roll_no, subject_id, grade, grade_point, credits) VALUES ('22CSE220', 2, 'C', 5, 4);
INSERT INTO internal_marks (student_roll_no, subject_id, mid1, mid2, online_tests, assignments) VALUES ('22CSE220', 2, 16, 24, 10, 5);
INSERT INTO marks (student_roll_no, subject_id, grade, grade_point, credits) VALUES ('22CSE220', 3, 'B', 6, 4);
INSERT INTO internal_marks (student_roll_no, subject_id, mid1, mid2, online_tests, assignments) VALUES ('22CSE220', 3, 19, 20, 10, 5);
INSERT INTO semester_results (student_roll_no, semester, sgpa, cgpa, total_credits, percentage) VALUES ('22CSE220',  '1-1', 8.5, 8.5,  11,  80.0);
INSERT INTO cgpa (student_roll_no, cgpa, total_credits, total_percentage) VALUES ('22CSE220', 8.5, 11, 80.0);
INSERT INTO attendance (student_roll_no, date, status, subject_id, semester) VALUES ('22CSE220', '2025-02-01', 'Present', 1, '1-1');
INSERT INTO attendance (student_roll_no, date, status, subject_id, semester) VALUES ('22CSE220', '2025-02-02', 'Present', 1, '1-1');
INSERT INTO attendance (student_roll_no, date, status, subject_id, semester) VALUES ('22CSE220', '2025-02-03', 'Present', 1, '1-1');
INSERT INTO attendance (student_roll_no, date, status, subject_id, semester) VALUES ('22CSE220', '2025-02-04', 'Present', 1, '1-1');
INSERT INTO attendance (student_roll_no, date, status, subject_id, semester) VALUES ('22CSE220', '2025-02-05', 'Present', 1, '1-1');
INSERT INTO attendance (student_roll_no, date, status, subject_id, semester) VALUES ('22CSE220', '2025-02-06', 'Present', 1, '1-1');
INSERT INTO attendance (student_roll_no, date, status, subject_id, semester) VALUES ('22CSE220', '2025-02-07', 'Present', 1, '1-1');
INSERT INTO attendance (student_roll_no, date, status, subject_id, semester) VALUES ('22CSE220', '2025-02-08', 'Present', 1, '1-1');
INSERT INTO attendance (student_roll_no, date, status, subject_id, semester) VALUES ('22CSE220', '2025-02-09', 'Present', 1, '1-1');
INSERT INTO attendance (student_roll_no, date, status, subject_id, semester) VALUES ('22CSE220', '2025-02-10', 'Present', 1, '1-1');
INSERT INTO attendance (student_roll_no, date, status, subject_id, semester) VALUES ('22CSE220', '2025-02-11', 'Present', 1, '1-1');
INSERT INTO attendance (student_roll_no, date, status, subject_id, semester) VALUES ('22CSE220', '2025-02-12', 'Present', 1, '1-1');
INSERT INTO attendance (student_roll_no, date, status, subject_id, semester) VALUES ('22CSE220', '2025-02-13', 'Present', 1, '1-1');
INSERT INTO attendance (student_roll_no, date, status, subject_id, semester) VALUES ('22CSE220', '2025-02-14', 'Absent', 1, '1-1');
INSERT INTO attendance (student_roll_no, date, status, subject_id, semester) VALUES ('22CSE220', '2025-02-15', 'Present', 1, '1-1');
INSERT INTO attendance (student_roll_no, date, status, subject_id, semester) VALUES ('22CSE220', '2025-02-16', 'Present', 1, '1-1');
INSERT INTO attendance (student_roll_no, date, status, subject_id, semester) VALUES ('22CSE220', '2025-02-17', 'Present', 1, '1-1');
INSERT INTO attendance (student_roll_no, date, status, subject_id, semester) VALUES ('22CSE220', '2025-02-18', 'Present', 1, '1-1');
INSERT INTO attendance (student_roll_no, date, status, subject_id, semester) VALUES ('22CSE220', '2025-02-19', 'Present', 1, '1-1');
INSERT INTO fees (student_roll_no, academic_year, tuition_fees, convener_fees, due_date, paid_fees) VALUES ('22CSE220', '2024-25', 50000, 15000, '2025-05-15', 30000);
INSERT INTO outing_records (roll_number, date, reason) VALUES ('22CSE220', '2025-03-01', 'Weekend home');
INSERT INTO students (roll_no, admission_no, name, branch, section, year, gender, dob, religion, phone, email, aadhar, address, father_name, mother_name, parents_occupation, parents_mobile, annual_income, joining_date, photo_url, is_hosteller, password_hash) VALUES ('21EEE221', 'ADM21EEE221', 'Kiran Naidu', 'EEE', 'A', 4, 'Female', '2005-10-22', 'Sikh', '9848960451', '21eee221@nsrit.edu.in', '9546-9257-6424', 'H.No 14, Street 3, Visakhapatnam, AP', 'Chowdary Gayathri', 'Swathi Sharma', 'Engineer', '9848960451', 210367, '2023-07-15', 'https://api.dicebear.com/7.x/avataaars/svg?seed=21EEE221', 0, 'scrypt:32768:8:1$ARD8iu2R30ZgOvjn$0c28fb2c347ac069a47026ad5d1f981cf505bbde11b1e3626b8a21147aa73e5d94d807b682b1299e2029c5c2f76884672524bbc1c3de85f345c28f406888dfe1');
INSERT INTO mentors (student_roll_no, teacher_id) VALUES ('21EEE221', 'TCH001');
INSERT INTO marks (student_roll_no, subject_id, grade, grade_point, credits) VALUES ('21EEE221', 1, 'O', 10, 4);
INSERT INTO internal_marks (student_roll_no, subject_id, mid1, mid2, online_tests, assignments) VALUES ('21EEE221', 1, 20, 21, 10, 5);
INSERT INTO marks (student_roll_no, subject_id, grade, grade_point, credits) VALUES ('21EEE221', 2, 'B+', 7, 4);
INSERT INTO internal_marks (student_roll_no, subject_id, mid1, mid2, online_tests, assignments) VALUES ('21EEE221', 2, 19, 20, 10, 5);
INSERT INTO marks (student_roll_no, subject_id, grade, grade_point, credits) VALUES ('21EEE221', 3, 'A+', 9, 4);
INSERT INTO internal_marks (student_roll_no, subject_id, mid1, mid2, online_tests, assignments) VALUES ('21EEE221', 3, 23, 16, 10, 5);
INSERT INTO semester_results (student_roll_no, semester, sgpa, cgpa, total_credits, percentage) VALUES ('21EEE221',  '1-1', 8.5, 8.5,  11,  80.0);
INSERT INTO cgpa (student_roll_no, cgpa, total_credits, total_percentage) VALUES ('21EEE221', 8.5, 11, 80.0);
INSERT INTO attendance (student_roll_no, date, status, subject_id, semester) VALUES ('21EEE221', '2025-02-01', 'Present', 1, '1-1');
INSERT INTO attendance (student_roll_no, date, status, subject_id, semester) VALUES ('21EEE221', '2025-02-02', 'Present', 1, '1-1');
INSERT INTO attendance (student_roll_no, date, status, subject_id, semester) VALUES ('21EEE221', '2025-02-03', 'Absent', 1, '1-1');
INSERT INTO attendance (student_roll_no, date, status, subject_id, semester) VALUES ('21EEE221', '2025-02-04', 'Present', 1, '1-1');
INSERT INTO attendance (student_roll_no, date, status, subject_id, semester) VALUES ('21EEE221', '2025-02-05', 'Present', 1, '1-1');
INSERT INTO attendance (student_roll_no, date, status, subject_id, semester) VALUES ('21EEE221', '2025-02-06', 'Present', 1, '1-1');
INSERT INTO attendance (student_roll_no, date, status, subject_id, semester) VALUES ('21EEE221', '2025-02-07', 'Present', 1, '1-1');
INSERT INTO attendance (student_roll_no, date, status, subject_id, semester) VALUES ('21EEE221', '2025-02-08', 'Present', 1, '1-1');
INSERT INTO attendance (student_roll_no, date, status, subject_id, semester) VALUES ('21EEE221', '2025-02-09', 'Present', 1, '1-1');
INSERT INTO attendance (student_roll_no, date, status, subject_id, semester) VALUES ('21EEE221', '2025-02-10', 'Present', 1, '1-1');
INSERT INTO attendance (student_roll_no, date, status, subject_id, semester) VALUES ('21EEE221', '2025-02-11', 'Present', 1, '1-1');
INSERT INTO attendance (student_roll_no, date, status, subject_id, semester) VALUES ('21EEE221', '2025-02-12', 'Present', 1, '1-1');
INSERT INTO attendance (student_roll_no, date, status, subject_id, semester) VALUES ('21EEE221', '2025-02-13', 'Present', 1, '1-1');
INSERT INTO attendance (student_roll_no, date, status, subject_id, semester) VALUES ('21EEE221', '2025-02-14', 'Present', 1, '1-1');
INSERT INTO attendance (student_roll_no, date, status, subject_id, semester) VALUES ('21EEE221', '2025-02-15', 'Absent', 1, '1-1');
INSERT INTO attendance (student_roll_no, date, status, subject_id, semester) VALUES ('21EEE221', '2025-02-16', 'Present', 1, '1-1');
INSERT INTO attendance (student_roll_no, date, status, subject_id, semester) VALUES ('21EEE221', '2025-02-17', 'Present', 1, '1-1');
INSERT INTO attendance (student_roll_no, date, status, subject_id, semester) VALUES ('21EEE221', '2025-02-18', 'Present', 1, '1-1');
INSERT INTO attendance (student_roll_no, date, status, subject_id, semester) VALUES ('21EEE221', '2025-02-19', 'Present', 1, '1-1');
INSERT INTO fees (student_roll_no, academic_year, tuition_fees, convener_fees, due_date, paid_fees) VALUES ('21EEE221', '2024-25', 50000, 15000, '2025-05-15', 30000);
INSERT INTO students (roll_no, admission_no, name, branch, section, year, gender, dob, religion, phone, email, aadhar, address, father_name, mother_name, parents_occupation, parents_mobile, annual_income, joining_date, photo_url, is_hosteller, password_hash) VALUES ('24CSE222', 'ADM24CSE222', 'Gayathri Das', 'CSE', 'A', 1, 'Male', '2005-06-03', 'Christian', '9848544830', '24cse222@nsrit.edu.in', '7226-6146-2193', 'H.No 398, Street 12, Visakhapatnam, AP', 'Naidu Kiran', 'Gayathri Kumar', 'Farmer', '9848544830', 170768, '2024-07-15', 'https://api.dicebear.com/7.x/avataaars/svg?seed=24CSE222', 0, 'scrypt:32768:8:1$ARD8iu2R30ZgOvjn$0c28fb2c347ac069a47026ad5d1f981cf505bbde11b1e3626b8a21147aa73e5d94d807b682b1299e2029c5c2f76884672524bbc1c3de85f345c28f406888dfe1');
INSERT INTO mentors (student_roll_no, teacher_id) VALUES ('24CSE222', 'TCH006');
INSERT INTO marks (student_roll_no, subject_id, grade, grade_point, credits) VALUES ('24CSE222', 1, 'B+', 7, 4);
INSERT INTO internal_marks (student_roll_no, subject_id, mid1, mid2, online_tests, assignments) VALUES ('24CSE222', 1, 18, 20, 10, 5);
INSERT INTO marks (student_roll_no, subject_id, grade, grade_point, credits) VALUES ('24CSE222', 2, 'B', 6, 4);
INSERT INTO internal_marks (student_roll_no, subject_id, mid1, mid2, online_tests, assignments) VALUES ('24CSE222', 2, 17, 15, 10, 5);
INSERT INTO marks (student_roll_no, subject_id, grade, grade_point, credits) VALUES ('24CSE222', 3, 'B', 6, 4);
INSERT INTO internal_marks (student_roll_no, subject_id, mid1, mid2, online_tests, assignments) VALUES ('24CSE222', 3, 25, 19, 10, 5);
INSERT INTO semester_results (student_roll_no, semester, sgpa, cgpa, total_credits, percentage) VALUES ('24CSE222',  '1-1', 8.5, 8.5,  11,  80.0);
INSERT INTO cgpa (student_roll_no, cgpa, total_credits, total_percentage) VALUES ('24CSE222', 8.5, 11, 80.0);
INSERT INTO attendance (student_roll_no, date, status, subject_id, semester) VALUES ('24CSE222', '2025-02-01', 'Present', 1, '1-1');
INSERT INTO attendance (student_roll_no, date, status, subject_id, semester) VALUES ('24CSE222', '2025-02-02', 'Present', 1, '1-1');
INSERT INTO attendance (student_roll_no, date, status, subject_id, semester) VALUES ('24CSE222', '2025-02-03', 'Present', 1, '1-1');
INSERT INTO attendance (student_roll_no, date, status, subject_id, semester) VALUES ('24CSE222', '2025-02-04', 'Present', 1, '1-1');
INSERT INTO attendance (student_roll_no, date, status, subject_id, semester) VALUES ('24CSE222', '2025-02-05', 'Present', 1, '1-1');
INSERT INTO attendance (student_roll_no, date, status, subject_id, semester) VALUES ('24CSE222', '2025-02-06', 'Present', 1, '1-1');
INSERT INTO attendance (student_roll_no, date, status, subject_id, semester) VALUES ('24CSE222', '2025-02-07', 'Present', 1, '1-1');
INSERT INTO attendance (student_roll_no, date, status, subject_id, semester) VALUES ('24CSE222', '2025-02-08', 'Present', 1, '1-1');
INSERT INTO attendance (student_roll_no, date, status, subject_id, semester) VALUES ('24CSE222', '2025-02-09', 'Present', 1, '1-1');
INSERT INTO attendance (student_roll_no, date, status, subject_id, semester) VALUES ('24CSE222', '2025-02-10', 'Present', 1, '1-1');
INSERT INTO attendance (student_roll_no, date, status, subject_id, semester) VALUES ('24CSE222', '2025-02-11', 'Absent', 1, '1-1');
INSERT INTO attendance (student_roll_no, date, status, subject_id, semester) VALUES ('24CSE222', '2025-02-12', 'Present', 1, '1-1');
INSERT INTO attendance (student_roll_no, date, status, subject_id, semester) VALUES ('24CSE222', '2025-02-13', 'Present', 1, '1-1');
INSERT INTO attendance (student_roll_no, date, status, subject_id, semester) VALUES ('24CSE222', '2025-02-14', 'Present', 1, '1-1');
INSERT INTO attendance (student_roll_no, date, status, subject_id, semester) VALUES ('24CSE222', '2025-02-15', 'Present', 1, '1-1');
INSERT INTO attendance (student_roll_no, date, status, subject_id, semester) VALUES ('24CSE222', '2025-02-16', 'Present', 1, '1-1');
INSERT INTO attendance (student_roll_no, date, status, subject_id, semester) VALUES ('24CSE222', '2025-02-17', 'Present', 1, '1-1');
INSERT INTO attendance (student_roll_no, date, status, subject_id, semester) VALUES ('24CSE222', '2025-02-18', 'Present', 1, '1-1');
INSERT INTO attendance (student_roll_no, date, status, subject_id, semester) VALUES ('24CSE222', '2025-02-19', 'Present', 1, '1-1');
INSERT INTO fees (student_roll_no, academic_year, tuition_fees, convener_fees, due_date, paid_fees) VALUES ('24CSE222', '2024-25', 50000, 15000, '2025-05-15', 30000);
INSERT INTO students (roll_no, admission_no, name, branch, section, year, gender, dob, religion, phone, email, aadhar, address, father_name, mother_name, parents_occupation, parents_mobile, annual_income, joining_date, photo_url, is_hosteller, password_hash) VALUES ('21IT223', 'ADM21IT223', 'Swathi Chowdary', 'IT', 'A', 4, 'Female', '2005-06-02', 'Sikh', '9848432783', '21it223@nsrit.edu.in', '7508-6958-3661', 'H.No 163, Street 17, Visakhapatnam, AP', 'Singh Ravi', 'Arjun Yadav', 'Doctor', '9848432783', 817272, '2023-07-15', 'https://api.dicebear.com/7.x/avataaars/svg?seed=21IT223', 0, 'scrypt:32768:8:1$ARD8iu2R30ZgOvjn$0c28fb2c347ac069a47026ad5d1f981cf505bbde11b1e3626b8a21147aa73e5d94d807b682b1299e2029c5c2f76884672524bbc1c3de85f345c28f406888dfe1');
INSERT INTO mentors (student_roll_no, teacher_id) VALUES ('21IT223', 'TCH010');
INSERT INTO marks (student_roll_no, subject_id, grade, grade_point, credits) VALUES ('21IT223', 1, 'B', 6, 4);
INSERT INTO internal_marks (student_roll_no, subject_id, mid1, mid2, online_tests, assignments) VALUES ('21IT223', 1, 22, 15, 10, 5);
INSERT INTO marks (student_roll_no, subject_id, grade, grade_point, credits) VALUES ('21IT223', 2, 'B', 6, 4);
INSERT INTO internal_marks (student_roll_no, subject_id, mid1, mid2, online_tests, assignments) VALUES ('21IT223', 2, 18, 23, 10, 5);
INSERT INTO marks (student_roll_no, subject_id, grade, grade_point, credits) VALUES ('21IT223', 3, 'A', 8, 4);
INSERT INTO internal_marks (student_roll_no, subject_id, mid1, mid2, online_tests, assignments) VALUES ('21IT223', 3, 20, 23, 10, 5);
INSERT INTO semester_results (student_roll_no, semester, sgpa, cgpa, total_credits, percentage) VALUES ('21IT223',  '1-1', 8.5, 8.5,  11,  80.0);
INSERT INTO cgpa (student_roll_no, cgpa, total_credits, total_percentage) VALUES ('21IT223', 8.5, 11, 80.0);
INSERT INTO attendance (student_roll_no, date, status, subject_id, semester) VALUES ('21IT223', '2025-02-01', 'Present', 1, '1-1');
INSERT INTO attendance (student_roll_no, date, status, subject_id, semester) VALUES ('21IT223', '2025-02-02', 'Present', 1, '1-1');
INSERT INTO attendance (student_roll_no, date, status, subject_id, semester) VALUES ('21IT223', '2025-02-03', 'Present', 1, '1-1');
INSERT INTO attendance (student_roll_no, date, status, subject_id, semester) VALUES ('21IT223', '2025-02-04', 'Present', 1, '1-1');
INSERT INTO attendance (student_roll_no, date, status, subject_id, semester) VALUES ('21IT223', '2025-02-05', 'Present', 1, '1-1');
INSERT INTO attendance (student_roll_no, date, status, subject_id, semester) VALUES ('21IT223', '2025-02-06', 'Present', 1, '1-1');
INSERT INTO attendance (student_roll_no, date, status, subject_id, semester) VALUES ('21IT223', '2025-02-07', 'Present', 1, '1-1');
INSERT INTO attendance (student_roll_no, date, status, subject_id, semester) VALUES ('21IT223', '2025-02-08', 'Present', 1, '1-1');
INSERT INTO attendance (student_roll_no, date, status, subject_id, semester) VALUES ('21IT223', '2025-02-09', 'Present', 1, '1-1');
INSERT INTO attendance (student_roll_no, date, status, subject_id, semester) VALUES ('21IT223', '2025-02-10', 'Present', 1, '1-1');
INSERT INTO attendance (student_roll_no, date, status, subject_id, semester) VALUES ('21IT223', '2025-02-11', 'Present', 1, '1-1');
INSERT INTO attendance (student_roll_no, date, status, subject_id, semester) VALUES ('21IT223', '2025-02-12', 'Present', 1, '1-1');
INSERT INTO attendance (student_roll_no, date, status, subject_id, semester) VALUES ('21IT223', '2025-02-13', 'Present', 1, '1-1');
INSERT INTO attendance (student_roll_no, date, status, subject_id, semester) VALUES ('21IT223', '2025-02-14', 'Present', 1, '1-1');
INSERT INTO attendance (student_roll_no, date, status, subject_id, semester) VALUES ('21IT223', '2025-02-15', 'Present', 1, '1-1');
INSERT INTO attendance (student_roll_no, date, status, subject_id, semester) VALUES ('21IT223', '2025-02-16', 'Absent', 1, '1-1');
INSERT INTO attendance (student_roll_no, date, status, subject_id, semester) VALUES ('21IT223', '2025-02-17', 'Present', 1, '1-1');
INSERT INTO attendance (student_roll_no, date, status, subject_id, semester) VALUES ('21IT223', '2025-02-18', 'Present', 1, '1-1');
INSERT INTO attendance (student_roll_no, date, status, subject_id, semester) VALUES ('21IT223', '2025-02-19', 'Present', 1, '1-1');
INSERT INTO fees (student_roll_no, academic_year, tuition_fees, convener_fees, due_date, paid_fees) VALUES ('21IT223', '2024-25', 50000, 15000, '2025-05-15', 30000);
INSERT INTO students (roll_no, admission_no, name, branch, section, year, gender, dob, religion, phone, email, aadhar, address, father_name, mother_name, parents_occupation, parents_mobile, annual_income, joining_date, photo_url, is_hosteller, password_hash) VALUES ('24MECH224', 'ADM24MECH224', 'Prasad Goud', 'MECH', 'B', 1, 'Male', '2005-03-02', 'Muslim', '9848719967', '24mech224@nsrit.edu.in', '6310-5182-4695', 'H.No 427, Street 19, Visakhapatnam, AP', 'Reddy Arjun', 'Arjun Yadav', 'Engineer', '9848719967', 911383, '2024-07-15', 'https://api.dicebear.com/7.x/avataaars/svg?seed=24MECH224', 0, 'scrypt:32768:8:1$ARD8iu2R30ZgOvjn$0c28fb2c347ac069a47026ad5d1f981cf505bbde11b1e3626b8a21147aa73e5d94d807b682b1299e2029c5c2f76884672524bbc1c3de85f345c28f406888dfe1');
INSERT INTO mentors (student_roll_no, teacher_id) VALUES ('24MECH224', 'TCH009');
INSERT INTO marks (student_roll_no, subject_id, grade, grade_point, credits) VALUES ('24MECH224', 1, 'A', 8, 4);
INSERT INTO internal_marks (student_roll_no, subject_id, mid1, mid2, online_tests, assignments) VALUES ('24MECH224', 1, 20, 21, 10, 5);
INSERT INTO marks (student_roll_no, subject_id, grade, grade_point, credits) VALUES ('24MECH224', 2, 'C', 5, 4);
INSERT INTO internal_marks (student_roll_no, subject_id, mid1, mid2, online_tests, assignments) VALUES ('24MECH224', 2, 23, 18, 10, 5);
INSERT INTO marks (student_roll_no, subject_id, grade, grade_point, credits) VALUES ('24MECH224', 3, 'O', 10, 4);
INSERT INTO internal_marks (student_roll_no, subject_id, mid1, mid2, online_tests, assignments) VALUES ('24MECH224', 3, 15, 20, 10, 5);
INSERT INTO semester_results (student_roll_no, semester, sgpa, cgpa, total_credits, percentage) VALUES ('24MECH224',  '1-1', 8.5, 8.5,  11,  80.0);
INSERT INTO cgpa (student_roll_no, cgpa, total_credits, total_percentage) VALUES ('24MECH224', 8.5, 11, 80.0);
INSERT INTO attendance (student_roll_no, date, status, subject_id, semester) VALUES ('24MECH224', '2025-02-01', 'Present', 1, '1-1');
INSERT INTO attendance (student_roll_no, date, status, subject_id, semester) VALUES ('24MECH224', '2025-02-02', 'Present', 1, '1-1');
INSERT INTO attendance (student_roll_no, date, status, subject_id, semester) VALUES ('24MECH224', '2025-02-03', 'Present', 1, '1-1');
INSERT INTO attendance (student_roll_no, date, status, subject_id, semester) VALUES ('24MECH224', '2025-02-04', 'Present', 1, '1-1');
INSERT INTO attendance (student_roll_no, date, status, subject_id, semester) VALUES ('24MECH224', '2025-02-05', 'Present', 1, '1-1');
INSERT INTO attendance (student_roll_no, date, status, subject_id, semester) VALUES ('24MECH224', '2025-02-06', 'Present', 1, '1-1');
INSERT INTO attendance (student_roll_no, date, status, subject_id, semester) VALUES ('24MECH224', '2025-02-07', 'Present', 1, '1-1');
INSERT INTO attendance (student_roll_no, date, status, subject_id, semester) VALUES ('24MECH224', '2025-02-08', 'Present', 1, '1-1');
INSERT INTO attendance (student_roll_no, date, status, subject_id, semester) VALUES ('24MECH224', '2025-02-09', 'Present', 1, '1-1');
INSERT INTO attendance (student_roll_no, date, status, subject_id, semester) VALUES ('24MECH224', '2025-02-10', 'Present', 1, '1-1');
INSERT INTO attendance (student_roll_no, date, status, subject_id, semester) VALUES ('24MECH224', '2025-02-11', 'Present', 1, '1-1');
INSERT INTO attendance (student_roll_no, date, status, subject_id, semester) VALUES ('24MECH224', '2025-02-12', 'Present', 1, '1-1');
INSERT INTO attendance (student_roll_no, date, status, subject_id, semester) VALUES ('24MECH224', '2025-02-13', 'Absent', 1, '1-1');
INSERT INTO attendance (student_roll_no, date, status, subject_id, semester) VALUES ('24MECH224', '2025-02-14', 'Present', 1, '1-1');
INSERT INTO attendance (student_roll_no, date, status, subject_id, semester) VALUES ('24MECH224', '2025-02-15', 'Present', 1, '1-1');
INSERT INTO attendance (student_roll_no, date, status, subject_id, semester) VALUES ('24MECH224', '2025-02-16', 'Present', 1, '1-1');
INSERT INTO attendance (student_roll_no, date, status, subject_id, semester) VALUES ('24MECH224', '2025-02-17', 'Present', 1, '1-1');
INSERT INTO attendance (student_roll_no, date, status, subject_id, semester) VALUES ('24MECH224', '2025-02-18', 'Present', 1, '1-1');
INSERT INTO attendance (student_roll_no, date, status, subject_id, semester) VALUES ('24MECH224', '2025-02-19', 'Present', 1, '1-1');
INSERT INTO fees (student_roll_no, academic_year, tuition_fees, convener_fees, due_date, paid_fees) VALUES ('24MECH224', '2024-25', 50000, 15000, '2025-05-15', 30000);
INSERT INTO students (roll_no, admission_no, name, branch, section, year, gender, dob, religion, phone, email, aadhar, address, father_name, mother_name, parents_occupation, parents_mobile, annual_income, joining_date, photo_url, is_hosteller, password_hash) VALUES ('24ECE225', 'ADM24ECE225', 'Swathi Sharma', 'ECE', 'B', 1, 'Female', '2005-06-13', 'Christian', '9848682453', '24ece225@nsrit.edu.in', '4686-8180-1716', 'H.No 477, Street 17, Visakhapatnam, AP', 'Patel Prasad', 'Swathi Singh', 'Farmer', '9848682453', 657621, '2024-07-15', 'https://api.dicebear.com/7.x/avataaars/svg?seed=24ECE225', 1, 'scrypt:32768:8:1$ARD8iu2R30ZgOvjn$0c28fb2c347ac069a47026ad5d1f981cf505bbde11b1e3626b8a21147aa73e5d94d807b682b1299e2029c5c2f76884672524bbc1c3de85f345c28f406888dfe1');
INSERT INTO mentors (student_roll_no, teacher_id) VALUES ('24ECE225', 'TCH007');
INSERT INTO marks (student_roll_no, subject_id, grade, grade_point, credits) VALUES ('24ECE225', 1, 'A+', 9, 4);
INSERT INTO internal_marks (student_roll_no, subject_id, mid1, mid2, online_tests, assignments) VALUES ('24ECE225', 1, 17, 20, 10, 5);
INSERT INTO marks (student_roll_no, subject_id, grade, grade_point, credits) VALUES ('24ECE225', 2, 'O', 10, 4);
INSERT INTO internal_marks (student_roll_no, subject_id, mid1, mid2, online_tests, assignments) VALUES ('24ECE225', 2, 25, 23, 10, 5);
INSERT INTO marks (student_roll_no, subject_id, grade, grade_point, credits) VALUES ('24ECE225', 3, 'C', 5, 4);
INSERT INTO internal_marks (student_roll_no, subject_id, mid1, mid2, online_tests, assignments) VALUES ('24ECE225', 3, 18, 25, 10, 5);
INSERT INTO semester_results (student_roll_no, semester, sgpa, cgpa, total_credits, percentage) VALUES ('24ECE225',  '1-1', 8.5, 8.5,  11,  80.0);
INSERT INTO cgpa (student_roll_no, cgpa, total_credits, total_percentage) VALUES ('24ECE225', 8.5, 11, 80.0);
INSERT INTO attendance (student_roll_no, date, status, subject_id, semester) VALUES ('24ECE225', '2025-02-01', 'Present', 1, '1-1');
INSERT INTO attendance (student_roll_no, date, status, subject_id, semester) VALUES ('24ECE225', '2025-02-02', 'Present', 1, '1-1');
INSERT INTO attendance (student_roll_no, date, status, subject_id, semester) VALUES ('24ECE225', '2025-02-03', 'Absent', 1, '1-1');
INSERT INTO attendance (student_roll_no, date, status, subject_id, semester) VALUES ('24ECE225', '2025-02-04', 'Present', 1, '1-1');
INSERT INTO attendance (student_roll_no, date, status, subject_id, semester) VALUES ('24ECE225', '2025-02-05', 'Present', 1, '1-1');
INSERT INTO attendance (student_roll_no, date, status, subject_id, semester) VALUES ('24ECE225', '2025-02-06', 'Present', 1, '1-1');
INSERT INTO attendance (student_roll_no, date, status, subject_id, semester) VALUES ('24ECE225', '2025-02-07', 'Present', 1, '1-1');
INSERT INTO attendance (student_roll_no, date, status, subject_id, semester) VALUES ('24ECE225', '2025-02-08', 'Present', 1, '1-1');
INSERT INTO attendance (student_roll_no, date, status, subject_id, semester) VALUES ('24ECE225', '2025-02-09', 'Present', 1, '1-1');
INSERT INTO attendance (student_roll_no, date, status, subject_id, semester) VALUES ('24ECE225', '2025-02-10', 'Present', 1, '1-1');
INSERT INTO attendance (student_roll_no, date, status, subject_id, semester) VALUES ('24ECE225', '2025-02-11', 'Present', 1, '1-1');
INSERT INTO attendance (student_roll_no, date, status, subject_id, semester) VALUES ('24ECE225', '2025-02-12', 'Present', 1, '1-1');
INSERT INTO attendance (student_roll_no, date, status, subject_id, semester) VALUES ('24ECE225', '2025-02-13', 'Present', 1, '1-1');
INSERT INTO attendance (student_roll_no, date, status, subject_id, semester) VALUES ('24ECE225', '2025-02-14', 'Present', 1, '1-1');
INSERT INTO attendance (student_roll_no, date, status, subject_id, semester) VALUES ('24ECE225', '2025-02-15', 'Present', 1, '1-1');
INSERT INTO attendance (student_roll_no, date, status, subject_id, semester) VALUES ('24ECE225', '2025-02-16', 'Present', 1, '1-1');
INSERT INTO attendance (student_roll_no, date, status, subject_id, semester) VALUES ('24ECE225', '2025-02-17', 'Present', 1, '1-1');
INSERT INTO attendance (student_roll_no, date, status, subject_id, semester) VALUES ('24ECE225', '2025-02-18', 'Present', 1, '1-1');
INSERT INTO attendance (student_roll_no, date, status, subject_id, semester) VALUES ('24ECE225', '2025-02-19', 'Present', 1, '1-1');
INSERT INTO fees (student_roll_no, academic_year, tuition_fees, convener_fees, due_date, paid_fees) VALUES ('24ECE225', '2024-25', 50000, 15000, '2025-05-15', 30000);
INSERT INTO outing_records (roll_number, date, reason) VALUES ('24ECE225', '2025-03-01', 'Weekend home');
INSERT INTO students (roll_no, admission_no, name, branch, section, year, gender, dob, religion, phone, email, aadhar, address, father_name, mother_name, parents_occupation, parents_mobile, annual_income, joining_date, photo_url, is_hosteller, password_hash) VALUES ('23CIVIL226', 'ADM23CIVIL226', 'Gayathri Chowdary', 'CIVIL', 'C', 2, 'Female', '2005-06-04', 'Hindu', '9848309664', '23civil226@nsrit.edu.in', '1022-9140-4877', 'H.No 107, Street 13, Visakhapatnam, AP', 'Yadav Kiran', 'Priya Gupta', 'Teacher', '9848309664', 790643, '2023-07-15', 'https://api.dicebear.com/7.x/avataaars/svg?seed=23CIVIL226', 0, 'scrypt:32768:8:1$ARD8iu2R30ZgOvjn$0c28fb2c347ac069a47026ad5d1f981cf505bbde11b1e3626b8a21147aa73e5d94d807b682b1299e2029c5c2f76884672524bbc1c3de85f345c28f406888dfe1');
INSERT INTO mentors (student_roll_no, teacher_id) VALUES ('23CIVIL226', 'TCH014');
INSERT INTO marks (student_roll_no, subject_id, grade, grade_point, credits) VALUES ('23CIVIL226', 1, 'C', 5, 4);
INSERT INTO internal_marks (student_roll_no, subject_id, mid1, mid2, online_tests, assignments) VALUES ('23CIVIL226', 1, 22, 16, 10, 5);
INSERT INTO marks (student_roll_no, subject_id, grade, grade_point, credits) VALUES ('23CIVIL226', 2, 'A', 8, 4);
INSERT INTO internal_marks (student_roll_no, subject_id, mid1, mid2, online_tests, assignments) VALUES ('23CIVIL226', 2, 15, 24, 10, 5);
INSERT INTO marks (student_roll_no, subject_id, grade, grade_point, credits) VALUES ('23CIVIL226', 3, 'C', 5, 4);
INSERT INTO internal_marks (student_roll_no, subject_id, mid1, mid2, online_tests, assignments) VALUES ('23CIVIL226', 3, 25, 22, 10, 5);
INSERT INTO semester_results (student_roll_no, semester, sgpa, cgpa, total_credits, percentage) VALUES ('23CIVIL226',  '1-1', 8.5, 8.5,  11,  80.0);
INSERT INTO cgpa (student_roll_no, cgpa, total_credits, total_percentage) VALUES ('23CIVIL226', 8.5, 11, 80.0);
INSERT INTO attendance (student_roll_no, date, status, subject_id, semester) VALUES ('23CIVIL226', '2025-02-01', 'Present', 1, '1-1');
INSERT INTO attendance (student_roll_no, date, status, subject_id, semester) VALUES ('23CIVIL226', '2025-02-02', 'Present', 1, '1-1');
INSERT INTO attendance (student_roll_no, date, status, subject_id, semester) VALUES ('23CIVIL226', '2025-02-03', 'Present', 1, '1-1');
INSERT INTO attendance (student_roll_no, date, status, subject_id, semester) VALUES ('23CIVIL226', '2025-02-04', 'Present', 1, '1-1');
INSERT INTO attendance (student_roll_no, date, status, subject_id, semester) VALUES ('23CIVIL226', '2025-02-05', 'Absent', 1, '1-1');
INSERT INTO attendance (student_roll_no, date, status, subject_id, semester) VALUES ('23CIVIL226', '2025-02-06', 'Present', 1, '1-1');
INSERT INTO attendance (student_roll_no, date, status, subject_id, semester) VALUES ('23CIVIL226', '2025-02-07', 'Present', 1, '1-1');
INSERT INTO attendance (student_roll_no, date, status, subject_id, semester) VALUES ('23CIVIL226', '2025-02-08', 'Present', 1, '1-1');
INSERT INTO attendance (student_roll_no, date, status, subject_id, semester) VALUES ('23CIVIL226', '2025-02-09', 'Present', 1, '1-1');
INSERT INTO attendance (student_roll_no, date, status, subject_id, semester) VALUES ('23CIVIL226', '2025-02-10', 'Absent', 1, '1-1');
INSERT INTO attendance (student_roll_no, date, status, subject_id, semester) VALUES ('23CIVIL226', '2025-02-11', 'Present', 1, '1-1');
INSERT INTO attendance (student_roll_no, date, status, subject_id, semester) VALUES ('23CIVIL226', '2025-02-12', 'Absent', 1, '1-1');
INSERT INTO attendance (student_roll_no, date, status, subject_id, semester) VALUES ('23CIVIL226', '2025-02-13', 'Absent', 1, '1-1');
INSERT INTO attendance (student_roll_no, date, status, subject_id, semester) VALUES ('23CIVIL226', '2025-02-14', 'Present', 1, '1-1');
INSERT INTO attendance (student_roll_no, date, status, subject_id, semester) VALUES ('23CIVIL226', '2025-02-15', 'Present', 1, '1-1');
INSERT INTO attendance (student_roll_no, date, status, subject_id, semester) VALUES ('23CIVIL226', '2025-02-16', 'Present', 1, '1-1');
INSERT INTO attendance (student_roll_no, date, status, subject_id, semester) VALUES ('23CIVIL226', '2025-02-17', 'Present', 1, '1-1');
INSERT INTO attendance (student_roll_no, date, status, subject_id, semester) VALUES ('23CIVIL226', '2025-02-18', 'Present', 1, '1-1');
INSERT INTO attendance (student_roll_no, date, status, subject_id, semester) VALUES ('23CIVIL226', '2025-02-19', 'Present', 1, '1-1');
INSERT INTO fees (student_roll_no, academic_year, tuition_fees, convener_fees, due_date, paid_fees) VALUES ('23CIVIL226', '2024-25', 50000, 15000, '2025-05-15', 30000);
INSERT INTO students (roll_no, admission_no, name, branch, section, year, gender, dob, religion, phone, email, aadhar, address, father_name, mother_name, parents_occupation, parents_mobile, annual_income, joining_date, photo_url, is_hosteller, password_hash) VALUES ('24CSE227', 'ADM24CSE227', 'Ravi Varma', 'CSE', 'A', 1, 'Male', '2005-05-19', 'Hindu', '9848256225', '24cse227@nsrit.edu.in', '9011-4646-4909', 'H.No 1, Street 6, Visakhapatnam, AP', 'Das Suresh', 'Divya Rao', 'Doctor', '9848256225', 725250, '2024-07-15', 'https://api.dicebear.com/7.x/avataaars/svg?seed=24CSE227', 0, 'scrypt:32768:8:1$ARD8iu2R30ZgOvjn$0c28fb2c347ac069a47026ad5d1f981cf505bbde11b1e3626b8a21147aa73e5d94d807b682b1299e2029c5c2f76884672524bbc1c3de85f345c28f406888dfe1');
INSERT INTO mentors (student_roll_no, teacher_id) VALUES ('24CSE227', 'TCH011');
INSERT INTO marks (student_roll_no, subject_id, grade, grade_point, credits) VALUES ('24CSE227', 1, 'C', 5, 4);
INSERT INTO internal_marks (student_roll_no, subject_id, mid1, mid2, online_tests, assignments) VALUES ('24CSE227', 1, 21, 17, 10, 5);
INSERT INTO marks (student_roll_no, subject_id, grade, grade_point, credits) VALUES ('24CSE227', 2, 'B+', 7, 4);
INSERT INTO internal_marks (student_roll_no, subject_id, mid1, mid2, online_tests, assignments) VALUES ('24CSE227', 2, 18, 25, 10, 5);
INSERT INTO marks (student_roll_no, subject_id, grade, grade_point, credits) VALUES ('24CSE227', 3, 'B', 6, 4);
INSERT INTO internal_marks (student_roll_no, subject_id, mid1, mid2, online_tests, assignments) VALUES ('24CSE227', 3, 19, 15, 10, 5);
INSERT INTO semester_results (student_roll_no, semester, sgpa, cgpa, total_credits, percentage) VALUES ('24CSE227',  '1-1', 8.5, 8.5,  11,  80.0);
INSERT INTO cgpa (student_roll_no, cgpa, total_credits, total_percentage) VALUES ('24CSE227', 8.5, 11, 80.0);
INSERT INTO attendance (student_roll_no, date, status, subject_id, semester) VALUES ('24CSE227', '2025-02-01', 'Present', 1, '1-1');
INSERT INTO attendance (student_roll_no, date, status, subject_id, semester) VALUES ('24CSE227', '2025-02-02', 'Present', 1, '1-1');
INSERT INTO attendance (student_roll_no, date, status, subject_id, semester) VALUES ('24CSE227', '2025-02-03', 'Present', 1, '1-1');
INSERT INTO attendance (student_roll_no, date, status, subject_id, semester) VALUES ('24CSE227', '2025-02-04', 'Present', 1, '1-1');
INSERT INTO attendance (student_roll_no, date, status, subject_id, semester) VALUES ('24CSE227', '2025-02-05', 'Absent', 1, '1-1');
INSERT INTO attendance (student_roll_no, date, status, subject_id, semester) VALUES ('24CSE227', '2025-02-06', 'Present', 1, '1-1');
INSERT INTO attendance (student_roll_no, date, status, subject_id, semester) VALUES ('24CSE227', '2025-02-07', 'Present', 1, '1-1');
INSERT INTO attendance (student_roll_no, date, status, subject_id, semester) VALUES ('24CSE227', '2025-02-08', 'Present', 1, '1-1');
INSERT INTO attendance (student_roll_no, date, status, subject_id, semester) VALUES ('24CSE227', '2025-02-09', 'Present', 1, '1-1');
INSERT INTO attendance (student_roll_no, date, status, subject_id, semester) VALUES ('24CSE227', '2025-02-10', 'Present', 1, '1-1');
INSERT INTO attendance (student_roll_no, date, status, subject_id, semester) VALUES ('24CSE227', '2025-02-11', 'Present', 1, '1-1');
INSERT INTO attendance (student_roll_no, date, status, subject_id, semester) VALUES ('24CSE227', '2025-02-12', 'Present', 1, '1-1');
INSERT INTO attendance (student_roll_no, date, status, subject_id, semester) VALUES ('24CSE227', '2025-02-13', 'Present', 1, '1-1');
INSERT INTO attendance (student_roll_no, date, status, subject_id, semester) VALUES ('24CSE227', '2025-02-14', 'Present', 1, '1-1');
INSERT INTO attendance (student_roll_no, date, status, subject_id, semester) VALUES ('24CSE227', '2025-02-15', 'Present', 1, '1-1');
INSERT INTO attendance (student_roll_no, date, status, subject_id, semester) VALUES ('24CSE227', '2025-02-16', 'Present', 1, '1-1');
INSERT INTO attendance (student_roll_no, date, status, subject_id, semester) VALUES ('24CSE227', '2025-02-17', 'Present', 1, '1-1');
INSERT INTO attendance (student_roll_no, date, status, subject_id, semester) VALUES ('24CSE227', '2025-02-18', 'Present', 1, '1-1');
INSERT INTO attendance (student_roll_no, date, status, subject_id, semester) VALUES ('24CSE227', '2025-02-19', 'Present', 1, '1-1');
INSERT INTO fees (student_roll_no, academic_year, tuition_fees, convener_fees, due_date, paid_fees) VALUES ('24CSE227', '2024-25', 50000, 15000, '2025-05-15', 30000);
INSERT INTO students (roll_no, admission_no, name, branch, section, year, gender, dob, religion, phone, email, aadhar, address, father_name, mother_name, parents_occupation, parents_mobile, annual_income, joining_date, photo_url, is_hosteller, password_hash) VALUES ('21IT228', 'ADM21IT228', 'Arjun Kumar', 'IT', 'C', 4, 'Female', '2005-03-20', 'Muslim', '9848487679', '21it228@nsrit.edu.in', '8829-8979-4533', 'H.No 199, Street 14, Visakhapatnam, AP', 'Rao Karthik', 'Sowmya Singh', 'Business', '9848487679', 325189, '2023-07-15', 'https://api.dicebear.com/7.x/avataaars/svg?seed=21IT228', 0, 'scrypt:32768:8:1$ARD8iu2R30ZgOvjn$0c28fb2c347ac069a47026ad5d1f981cf505bbde11b1e3626b8a21147aa73e5d94d807b682b1299e2029c5c2f76884672524bbc1c3de85f345c28f406888dfe1');
INSERT INTO mentors (student_roll_no, teacher_id) VALUES ('21IT228', 'TCH010');
INSERT INTO marks (student_roll_no, subject_id, grade, grade_point, credits) VALUES ('21IT228', 1, 'O', 10, 4);
INSERT INTO internal_marks (student_roll_no, subject_id, mid1, mid2, online_tests, assignments) VALUES ('21IT228', 1, 19, 23, 10, 5);
INSERT INTO marks (student_roll_no, subject_id, grade, grade_point, credits) VALUES ('21IT228', 2, 'O', 10, 4);
INSERT INTO internal_marks (student_roll_no, subject_id, mid1, mid2, online_tests, assignments) VALUES ('21IT228', 2, 15, 18, 10, 5);
INSERT INTO marks (student_roll_no, subject_id, grade, grade_point, credits) VALUES ('21IT228', 3, 'A+', 9, 4);
INSERT INTO internal_marks (student_roll_no, subject_id, mid1, mid2, online_tests, assignments) VALUES ('21IT228', 3, 15, 18, 10, 5);
INSERT INTO semester_results (student_roll_no, semester, sgpa, cgpa, total_credits, percentage) VALUES ('21IT228',  '1-1', 8.5, 8.5,  11,  80.0);
INSERT INTO cgpa (student_roll_no, cgpa, total_credits, total_percentage) VALUES ('21IT228', 8.5, 11, 80.0);
INSERT INTO attendance (student_roll_no, date, status, subject_id, semester) VALUES ('21IT228', '2025-02-01', 'Present', 1, '1-1');
INSERT INTO attendance (student_roll_no, date, status, subject_id, semester) VALUES ('21IT228', '2025-02-02', 'Present', 1, '1-1');
INSERT INTO attendance (student_roll_no, date, status, subject_id, semester) VALUES ('21IT228', '2025-02-03', 'Present', 1, '1-1');
INSERT INTO attendance (student_roll_no, date, status, subject_id, semester) VALUES ('21IT228', '2025-02-04', 'Absent', 1, '1-1');
INSERT INTO attendance (student_roll_no, date, status, subject_id, semester) VALUES ('21IT228', '2025-02-05', 'Absent', 1, '1-1');
INSERT INTO attendance (student_roll_no, date, status, subject_id, semester) VALUES ('21IT228', '2025-02-06', 'Present', 1, '1-1');
INSERT INTO attendance (student_roll_no, date, status, subject_id, semester) VALUES ('21IT228', '2025-02-07', 'Present', 1, '1-1');
INSERT INTO attendance (student_roll_no, date, status, subject_id, semester) VALUES ('21IT228', '2025-02-08', 'Present', 1, '1-1');
INSERT INTO attendance (student_roll_no, date, status, subject_id, semester) VALUES ('21IT228', '2025-02-09', 'Present', 1, '1-1');
INSERT INTO attendance (student_roll_no, date, status, subject_id, semester) VALUES ('21IT228', '2025-02-10', 'Present', 1, '1-1');
INSERT INTO attendance (student_roll_no, date, status, subject_id, semester) VALUES ('21IT228', '2025-02-11', 'Present', 1, '1-1');
INSERT INTO attendance (student_roll_no, date, status, subject_id, semester) VALUES ('21IT228', '2025-02-12', 'Present', 1, '1-1');
INSERT INTO attendance (student_roll_no, date, status, subject_id, semester) VALUES ('21IT228', '2025-02-13', 'Present', 1, '1-1');
INSERT INTO attendance (student_roll_no, date, status, subject_id, semester) VALUES ('21IT228', '2025-02-14', 'Absent', 1, '1-1');
INSERT INTO attendance (student_roll_no, date, status, subject_id, semester) VALUES ('21IT228', '2025-02-15', 'Present', 1, '1-1');
INSERT INTO attendance (student_roll_no, date, status, subject_id, semester) VALUES ('21IT228', '2025-02-16', 'Present', 1, '1-1');
INSERT INTO attendance (student_roll_no, date, status, subject_id, semester) VALUES ('21IT228', '2025-02-17', 'Present', 1, '1-1');
INSERT INTO attendance (student_roll_no, date, status, subject_id, semester) VALUES ('21IT228', '2025-02-18', 'Present', 1, '1-1');
INSERT INTO attendance (student_roll_no, date, status, subject_id, semester) VALUES ('21IT228', '2025-02-19', 'Present', 1, '1-1');
INSERT INTO fees (student_roll_no, academic_year, tuition_fees, convener_fees, due_date, paid_fees) VALUES ('21IT228', '2024-25', 50000, 15000, '2025-05-15', 30000);
INSERT INTO students (roll_no, admission_no, name, branch, section, year, gender, dob, religion, phone, email, aadhar, address, father_name, mother_name, parents_occupation, parents_mobile, annual_income, joining_date, photo_url, is_hosteller, password_hash) VALUES ('23EEE229', 'ADM23EEE229', 'Gayathri Rao', 'EEE', 'C', 2, 'Female', '2005-01-04', 'Hindu', '9848177559', '23eee229@nsrit.edu.in', '5521-9175-8963', 'H.No 131, Street 8, Visakhapatnam, AP', 'Varma Kumar', 'Prasad Goud', 'Teacher', '9848177559', 778486, '2023-07-15', 'https://api.dicebear.com/7.x/avataaars/svg?seed=23EEE229', 0, 'scrypt:32768:8:1$ARD8iu2R30ZgOvjn$0c28fb2c347ac069a47026ad5d1f981cf505bbde11b1e3626b8a21147aa73e5d94d807b682b1299e2029c5c2f76884672524bbc1c3de85f345c28f406888dfe1');
INSERT INTO mentors (student_roll_no, teacher_id) VALUES ('23EEE229', 'TCH005');
INSERT INTO marks (student_roll_no, subject_id, grade, grade_point, credits) VALUES ('23EEE229', 1, 'A+', 9, 4);
INSERT INTO internal_marks (student_roll_no, subject_id, mid1, mid2, online_tests, assignments) VALUES ('23EEE229', 1, 15, 20, 10, 5);
INSERT INTO marks (student_roll_no, subject_id, grade, grade_point, credits) VALUES ('23EEE229', 2, 'A+', 9, 4);
INSERT INTO internal_marks (student_roll_no, subject_id, mid1, mid2, online_tests, assignments) VALUES ('23EEE229', 2, 17, 21, 10, 5);
INSERT INTO marks (student_roll_no, subject_id, grade, grade_point, credits) VALUES ('23EEE229', 3, 'A+', 9, 4);
INSERT INTO internal_marks (student_roll_no, subject_id, mid1, mid2, online_tests, assignments) VALUES ('23EEE229', 3, 24, 25, 10, 5);
INSERT INTO semester_results (student_roll_no, semester, sgpa, cgpa, total_credits, percentage) VALUES ('23EEE229',  '1-1', 8.5, 8.5,  11,  80.0);
INSERT INTO cgpa (student_roll_no, cgpa, total_credits, total_percentage) VALUES ('23EEE229', 8.5, 11, 80.0);
INSERT INTO attendance (student_roll_no, date, status, subject_id, semester) VALUES ('23EEE229', '2025-02-01', 'Present', 1, '1-1');
INSERT INTO attendance (student_roll_no, date, status, subject_id, semester) VALUES ('23EEE229', '2025-02-02', 'Absent', 1, '1-1');
INSERT INTO attendance (student_roll_no, date, status, subject_id, semester) VALUES ('23EEE229', '2025-02-03', 'Present', 1, '1-1');
INSERT INTO attendance (student_roll_no, date, status, subject_id, semester) VALUES ('23EEE229', '2025-02-04', 'Present', 1, '1-1');
INSERT INTO attendance (student_roll_no, date, status, subject_id, semester) VALUES ('23EEE229', '2025-02-05', 'Present', 1, '1-1');
INSERT INTO attendance (student_roll_no, date, status, subject_id, semester) VALUES ('23EEE229', '2025-02-06', 'Present', 1, '1-1');
INSERT INTO attendance (student_roll_no, date, status, subject_id, semester) VALUES ('23EEE229', '2025-02-07', 'Present', 1, '1-1');
INSERT INTO attendance (student_roll_no, date, status, subject_id, semester) VALUES ('23EEE229', '2025-02-08', 'Absent', 1, '1-1');
INSERT INTO attendance (student_roll_no, date, status, subject_id, semester) VALUES ('23EEE229', '2025-02-09', 'Present', 1, '1-1');
INSERT INTO attendance (student_roll_no, date, status, subject_id, semester) VALUES ('23EEE229', '2025-02-10', 'Present', 1, '1-1');
INSERT INTO attendance (student_roll_no, date, status, subject_id, semester) VALUES ('23EEE229', '2025-02-11', 'Present', 1, '1-1');
INSERT INTO attendance (student_roll_no, date, status, subject_id, semester) VALUES ('23EEE229', '2025-02-12', 'Absent', 1, '1-1');
INSERT INTO attendance (student_roll_no, date, status, subject_id, semester) VALUES ('23EEE229', '2025-02-13', 'Present', 1, '1-1');
INSERT INTO attendance (student_roll_no, date, status, subject_id, semester) VALUES ('23EEE229', '2025-02-14', 'Absent', 1, '1-1');
INSERT INTO attendance (student_roll_no, date, status, subject_id, semester) VALUES ('23EEE229', '2025-02-15', 'Absent', 1, '1-1');
INSERT INTO attendance (student_roll_no, date, status, subject_id, semester) VALUES ('23EEE229', '2025-02-16', 'Present', 1, '1-1');
INSERT INTO attendance (student_roll_no, date, status, subject_id, semester) VALUES ('23EEE229', '2025-02-17', 'Present', 1, '1-1');
INSERT INTO attendance (student_roll_no, date, status, subject_id, semester) VALUES ('23EEE229', '2025-02-18', 'Present', 1, '1-1');
INSERT INTO attendance (student_roll_no, date, status, subject_id, semester) VALUES ('23EEE229', '2025-02-19', 'Absent', 1, '1-1');
INSERT INTO fees (student_roll_no, academic_year, tuition_fees, convener_fees, due_date, paid_fees) VALUES ('23EEE229', '2024-25', 50000, 15000, '2025-05-15', 30000);
INSERT INTO students (roll_no, admission_no, name, branch, section, year, gender, dob, religion, phone, email, aadhar, address, father_name, mother_name, parents_occupation, parents_mobile, annual_income, joining_date, photo_url, is_hosteller, password_hash) VALUES ('22CSE230', 'ADM22CSE230', 'Lakshmi Patel', 'CSE', 'A', 3, 'Female', '2005-07-05', 'Christian', '9848141554', '22cse230@nsrit.edu.in', '5161-5130-6470', 'H.No 356, Street 20, Visakhapatnam, AP', 'Kumar Lakshmi', 'Kumar Patel', 'Business', '9848141554', 837443, '2023-07-15', 'https://api.dicebear.com/7.x/avataaars/svg?seed=22CSE230', 1, 'scrypt:32768:8:1$ARD8iu2R30ZgOvjn$0c28fb2c347ac069a47026ad5d1f981cf505bbde11b1e3626b8a21147aa73e5d94d807b682b1299e2029c5c2f76884672524bbc1c3de85f345c28f406888dfe1');
INSERT INTO mentors (student_roll_no, teacher_id) VALUES ('22CSE230', 'TCH011');
INSERT INTO marks (student_roll_no, subject_id, grade, grade_point, credits) VALUES ('22CSE230', 1, 'O', 10, 4);
INSERT INTO internal_marks (student_roll_no, subject_id, mid1, mid2, online_tests, assignments) VALUES ('22CSE230', 1, 24, 19, 10, 5);
INSERT INTO marks (student_roll_no, subject_id, grade, grade_point, credits) VALUES ('22CSE230', 2, 'C', 5, 4);
INSERT INTO internal_marks (student_roll_no, subject_id, mid1, mid2, online_tests, assignments) VALUES ('22CSE230', 2, 19, 22, 10, 5);
INSERT INTO marks (student_roll_no, subject_id, grade, grade_point, credits) VALUES ('22CSE230', 3, 'C', 5, 4);
INSERT INTO internal_marks (student_roll_no, subject_id, mid1, mid2, online_tests, assignments) VALUES ('22CSE230', 3, 16, 20, 10, 5);
INSERT INTO semester_results (student_roll_no, semester, sgpa, cgpa, total_credits, percentage) VALUES ('22CSE230',  '1-1', 8.5, 8.5,  11,  80.0);
INSERT INTO cgpa (student_roll_no, cgpa, total_credits, total_percentage) VALUES ('22CSE230', 8.5, 11, 80.0);
INSERT INTO attendance (student_roll_no, date, status, subject_id, semester) VALUES ('22CSE230', '2025-02-01', 'Present', 1, '1-1');
INSERT INTO attendance (student_roll_no, date, status, subject_id, semester) VALUES ('22CSE230', '2025-02-02', 'Present', 1, '1-1');
INSERT INTO attendance (student_roll_no, date, status, subject_id, semester) VALUES ('22CSE230', '2025-02-03', 'Present', 1, '1-1');
INSERT INTO attendance (student_roll_no, date, status, subject_id, semester) VALUES ('22CSE230', '2025-02-04', 'Present', 1, '1-1');
INSERT INTO attendance (student_roll_no, date, status, subject_id, semester) VALUES ('22CSE230', '2025-02-05', 'Present', 1, '1-1');
INSERT INTO attendance (student_roll_no, date, status, subject_id, semester) VALUES ('22CSE230', '2025-02-06', 'Present', 1, '1-1');
INSERT INTO attendance (student_roll_no, date, status, subject_id, semester) VALUES ('22CSE230', '2025-02-07', 'Present', 1, '1-1');
INSERT INTO attendance (student_roll_no, date, status, subject_id, semester) VALUES ('22CSE230', '2025-02-08', 'Present', 1, '1-1');
INSERT INTO attendance (student_roll_no, date, status, subject_id, semester) VALUES ('22CSE230', '2025-02-09', 'Absent', 1, '1-1');
INSERT INTO attendance (student_roll_no, date, status, subject_id, semester) VALUES ('22CSE230', '2025-02-10', 'Present', 1, '1-1');
INSERT INTO attendance (student_roll_no, date, status, subject_id, semester) VALUES ('22CSE230', '2025-02-11', 'Absent', 1, '1-1');
INSERT INTO attendance (student_roll_no, date, status, subject_id, semester) VALUES ('22CSE230', '2025-02-12', 'Present', 1, '1-1');
INSERT INTO attendance (student_roll_no, date, status, subject_id, semester) VALUES ('22CSE230', '2025-02-13', 'Present', 1, '1-1');
INSERT INTO attendance (student_roll_no, date, status, subject_id, semester) VALUES ('22CSE230', '2025-02-14', 'Absent', 1, '1-1');
INSERT INTO attendance (student_roll_no, date, status, subject_id, semester) VALUES ('22CSE230', '2025-02-15', 'Present', 1, '1-1');
INSERT INTO attendance (student_roll_no, date, status, subject_id, semester) VALUES ('22CSE230', '2025-02-16', 'Present', 1, '1-1');
INSERT INTO attendance (student_roll_no, date, status, subject_id, semester) VALUES ('22CSE230', '2025-02-17', 'Present', 1, '1-1');
INSERT INTO attendance (student_roll_no, date, status, subject_id, semester) VALUES ('22CSE230', '2025-02-18', 'Present', 1, '1-1');
INSERT INTO attendance (student_roll_no, date, status, subject_id, semester) VALUES ('22CSE230', '2025-02-19', 'Present', 1, '1-1');
INSERT INTO fees (student_roll_no, academic_year, tuition_fees, convener_fees, due_date, paid_fees) VALUES ('22CSE230', '2024-25', 50000, 15000, '2025-05-15', 30000);
INSERT INTO outing_records (roll_number, date, reason) VALUES ('22CSE230', '2025-03-01', 'Weekend home');
INSERT INTO students (roll_no, admission_no, name, branch, section, year, gender, dob, religion, phone, email, aadhar, address, father_name, mother_name, parents_occupation, parents_mobile, annual_income, joining_date, photo_url, is_hosteller, password_hash) VALUES ('22CIVIL231', 'ADM22CIVIL231', 'Neha Kumar', 'CIVIL', 'C', 3, 'Male', '2005-10-05', 'Hindu', '9848552585', '22civil231@nsrit.edu.in', '6133-9124-4403', 'H.No 269, Street 6, Visakhapatnam, AP', 'Kumar Rahul', 'Sanjana Varma', 'Farmer', '9848552585', 603733, '2023-07-15', 'https://api.dicebear.com/7.x/avataaars/svg?seed=22CIVIL231', 0, 'scrypt:32768:8:1$ARD8iu2R30ZgOvjn$0c28fb2c347ac069a47026ad5d1f981cf505bbde11b1e3626b8a21147aa73e5d94d807b682b1299e2029c5c2f76884672524bbc1c3de85f345c28f406888dfe1');
INSERT INTO mentors (student_roll_no, teacher_id) VALUES ('22CIVIL231', 'TCH003');
INSERT INTO marks (student_roll_no, subject_id, grade, grade_point, credits) VALUES ('22CIVIL231', 1, 'C', 5, 4);
INSERT INTO internal_marks (student_roll_no, subject_id, mid1, mid2, online_tests, assignments) VALUES ('22CIVIL231', 1, 19, 22, 10, 5);
INSERT INTO marks (student_roll_no, subject_id, grade, grade_point, credits) VALUES ('22CIVIL231', 2, 'C', 5, 4);
INSERT INTO internal_marks (student_roll_no, subject_id, mid1, mid2, online_tests, assignments) VALUES ('22CIVIL231', 2, 17, 16, 10, 5);
INSERT INTO marks (student_roll_no, subject_id, grade, grade_point, credits) VALUES ('22CIVIL231', 3, 'B+', 7, 4);
INSERT INTO internal_marks (student_roll_no, subject_id, mid1, mid2, online_tests, assignments) VALUES ('22CIVIL231', 3, 20, 21, 10, 5);
INSERT INTO semester_results (student_roll_no, semester, sgpa, cgpa, total_credits, percentage) VALUES ('22CIVIL231',  '1-1', 8.5, 8.5,  11,  80.0);
INSERT INTO cgpa (student_roll_no, cgpa, total_credits, total_percentage) VALUES ('22CIVIL231', 8.5, 11, 80.0);
INSERT INTO attendance (student_roll_no, date, status, subject_id, semester) VALUES ('22CIVIL231', '2025-02-01', 'Present', 1, '1-1');
INSERT INTO attendance (student_roll_no, date, status, subject_id, semester) VALUES ('22CIVIL231', '2025-02-02', 'Absent', 1, '1-1');
INSERT INTO attendance (student_roll_no, date, status, subject_id, semester) VALUES ('22CIVIL231', '2025-02-03', 'Present', 1, '1-1');
INSERT INTO attendance (student_roll_no, date, status, subject_id, semester) VALUES ('22CIVIL231', '2025-02-04', 'Present', 1, '1-1');
INSERT INTO attendance (student_roll_no, date, status, subject_id, semester) VALUES ('22CIVIL231', '2025-02-05', 'Present', 1, '1-1');
INSERT INTO attendance (student_roll_no, date, status, subject_id, semester) VALUES ('22CIVIL231', '2025-02-06', 'Absent', 1, '1-1');
INSERT INTO attendance (student_roll_no, date, status, subject_id, semester) VALUES ('22CIVIL231', '2025-02-07', 'Present', 1, '1-1');
INSERT INTO attendance (student_roll_no, date, status, subject_id, semester) VALUES ('22CIVIL231', '2025-02-08', 'Present', 1, '1-1');
INSERT INTO attendance (student_roll_no, date, status, subject_id, semester) VALUES ('22CIVIL231', '2025-02-09', 'Present', 1, '1-1');
INSERT INTO attendance (student_roll_no, date, status, subject_id, semester) VALUES ('22CIVIL231', '2025-02-10', 'Present', 1, '1-1');
INSERT INTO attendance (student_roll_no, date, status, subject_id, semester) VALUES ('22CIVIL231', '2025-02-11', 'Absent', 1, '1-1');
INSERT INTO attendance (student_roll_no, date, status, subject_id, semester) VALUES ('22CIVIL231', '2025-02-12', 'Present', 1, '1-1');
INSERT INTO attendance (student_roll_no, date, status, subject_id, semester) VALUES ('22CIVIL231', '2025-02-13', 'Present', 1, '1-1');
INSERT INTO attendance (student_roll_no, date, status, subject_id, semester) VALUES ('22CIVIL231', '2025-02-14', 'Present', 1, '1-1');
INSERT INTO attendance (student_roll_no, date, status, subject_id, semester) VALUES ('22CIVIL231', '2025-02-15', 'Present', 1, '1-1');
INSERT INTO attendance (student_roll_no, date, status, subject_id, semester) VALUES ('22CIVIL231', '2025-02-16', 'Present', 1, '1-1');
INSERT INTO attendance (student_roll_no, date, status, subject_id, semester) VALUES ('22CIVIL231', '2025-02-17', 'Present', 1, '1-1');
INSERT INTO attendance (student_roll_no, date, status, subject_id, semester) VALUES ('22CIVIL231', '2025-02-18', 'Present', 1, '1-1');
INSERT INTO attendance (student_roll_no, date, status, subject_id, semester) VALUES ('22CIVIL231', '2025-02-19', 'Present', 1, '1-1');
INSERT INTO fees (student_roll_no, academic_year, tuition_fees, convener_fees, due_date, paid_fees) VALUES ('22CIVIL231', '2024-25', 50000, 15000, '2025-05-15', 30000);
INSERT INTO students (roll_no, admission_no, name, branch, section, year, gender, dob, religion, phone, email, aadhar, address, father_name, mother_name, parents_occupation, parents_mobile, annual_income, joining_date, photo_url, is_hosteller, password_hash) VALUES ('23EEE232', 'ADM23EEE232', 'Gayathri Varma', 'EEE', 'B', 2, 'Female', '2005-04-26', 'Sikh', '9848678918', '23eee232@nsrit.edu.in', '5693-1568-3264', 'H.No 338, Street 5, Visakhapatnam, AP', 'Sharma Prasad', 'Raja Mishra', 'Teacher', '9848678918', 725226, '2023-07-15', 'https://api.dicebear.com/7.x/avataaars/svg?seed=23EEE232', 0, 'scrypt:32768:8:1$ARD8iu2R30ZgOvjn$0c28fb2c347ac069a47026ad5d1f981cf505bbde11b1e3626b8a21147aa73e5d94d807b682b1299e2029c5c2f76884672524bbc1c3de85f345c28f406888dfe1');
INSERT INTO mentors (student_roll_no, teacher_id) VALUES ('23EEE232', 'TCH008');
INSERT INTO marks (student_roll_no, subject_id, grade, grade_point, credits) VALUES ('23EEE232', 1, 'A', 8, 4);
INSERT INTO internal_marks (student_roll_no, subject_id, mid1, mid2, online_tests, assignments) VALUES ('23EEE232', 1, 22, 21, 10, 5);
INSERT INTO marks (student_roll_no, subject_id, grade, grade_point, credits) VALUES ('23EEE232', 2, 'B', 6, 4);
INSERT INTO internal_marks (student_roll_no, subject_id, mid1, mid2, online_tests, assignments) VALUES ('23EEE232', 2, 19, 18, 10, 5);
INSERT INTO marks (student_roll_no, subject_id, grade, grade_point, credits) VALUES ('23EEE232', 3, 'A+', 9, 4);
INSERT INTO internal_marks (student_roll_no, subject_id, mid1, mid2, online_tests, assignments) VALUES ('23EEE232', 3, 21, 20, 10, 5);
INSERT INTO semester_results (student_roll_no, semester, sgpa, cgpa, total_credits, percentage) VALUES ('23EEE232',  '1-1', 8.5, 8.5,  11,  80.0);
INSERT INTO cgpa (student_roll_no, cgpa, total_credits, total_percentage) VALUES ('23EEE232', 8.5, 11, 80.0);
INSERT INTO attendance (student_roll_no, date, status, subject_id, semester) VALUES ('23EEE232', '2025-02-01', 'Present', 1, '1-1');
INSERT INTO attendance (student_roll_no, date, status, subject_id, semester) VALUES ('23EEE232', '2025-02-02', 'Absent', 1, '1-1');
INSERT INTO attendance (student_roll_no, date, status, subject_id, semester) VALUES ('23EEE232', '2025-02-03', 'Present', 1, '1-1');
INSERT INTO attendance (student_roll_no, date, status, subject_id, semester) VALUES ('23EEE232', '2025-02-04', 'Present', 1, '1-1');
INSERT INTO attendance (student_roll_no, date, status, subject_id, semester) VALUES ('23EEE232', '2025-02-05', 'Present', 1, '1-1');
INSERT INTO attendance (student_roll_no, date, status, subject_id, semester) VALUES ('23EEE232', '2025-02-06', 'Present', 1, '1-1');
INSERT INTO attendance (student_roll_no, date, status, subject_id, semester) VALUES ('23EEE232', '2025-02-07', 'Present', 1, '1-1');
INSERT INTO attendance (student_roll_no, date, status, subject_id, semester) VALUES ('23EEE232', '2025-02-08', 'Present', 1, '1-1');
INSERT INTO attendance (student_roll_no, date, status, subject_id, semester) VALUES ('23EEE232', '2025-02-09', 'Present', 1, '1-1');
INSERT INTO attendance (student_roll_no, date, status, subject_id, semester) VALUES ('23EEE232', '2025-02-10', 'Present', 1, '1-1');
INSERT INTO attendance (student_roll_no, date, status, subject_id, semester) VALUES ('23EEE232', '2025-02-11', 'Present', 1, '1-1');
INSERT INTO attendance (student_roll_no, date, status, subject_id, semester) VALUES ('23EEE232', '2025-02-12', 'Present', 1, '1-1');
INSERT INTO attendance (student_roll_no, date, status, subject_id, semester) VALUES ('23EEE232', '2025-02-13', 'Present', 1, '1-1');
INSERT INTO attendance (student_roll_no, date, status, subject_id, semester) VALUES ('23EEE232', '2025-02-14', 'Present', 1, '1-1');
INSERT INTO attendance (student_roll_no, date, status, subject_id, semester) VALUES ('23EEE232', '2025-02-15', 'Absent', 1, '1-1');
INSERT INTO attendance (student_roll_no, date, status, subject_id, semester) VALUES ('23EEE232', '2025-02-16', 'Present', 1, '1-1');
INSERT INTO attendance (student_roll_no, date, status, subject_id, semester) VALUES ('23EEE232', '2025-02-17', 'Present', 1, '1-1');
INSERT INTO attendance (student_roll_no, date, status, subject_id, semester) VALUES ('23EEE232', '2025-02-18', 'Present', 1, '1-1');
INSERT INTO attendance (student_roll_no, date, status, subject_id, semester) VALUES ('23EEE232', '2025-02-19', 'Present', 1, '1-1');
INSERT INTO fees (student_roll_no, academic_year, tuition_fees, convener_fees, due_date, paid_fees) VALUES ('23EEE232', '2024-25', 50000, 15000, '2025-05-15', 30000);
INSERT INTO students (roll_no, admission_no, name, branch, section, year, gender, dob, religion, phone, email, aadhar, address, father_name, mother_name, parents_occupation, parents_mobile, annual_income, joining_date, photo_url, is_hosteller, password_hash) VALUES ('24EEE233', 'ADM24EEE233', 'Venkata Kumar', 'EEE', 'B', 1, 'Female', '2005-05-29', 'Hindu', '9848886993', '24eee233@nsrit.edu.in', '4285-6015-3516', 'H.No 247, Street 6, Visakhapatnam, AP', 'Goud Prasad', 'Venkata Yadav', 'Business', '9848886993', 300926, '2024-07-15', 'https://api.dicebear.com/7.x/avataaars/svg?seed=24EEE233', 0, 'scrypt:32768:8:1$ARD8iu2R30ZgOvjn$0c28fb2c347ac069a47026ad5d1f981cf505bbde11b1e3626b8a21147aa73e5d94d807b682b1299e2029c5c2f76884672524bbc1c3de85f345c28f406888dfe1');
INSERT INTO mentors (student_roll_no, teacher_id) VALUES ('24EEE233', 'TCH012');
INSERT INTO marks (student_roll_no, subject_id, grade, grade_point, credits) VALUES ('24EEE233', 1, 'A', 8, 4);
INSERT INTO internal_marks (student_roll_no, subject_id, mid1, mid2, online_tests, assignments) VALUES ('24EEE233', 1, 18, 19, 10, 5);
INSERT INTO marks (student_roll_no, subject_id, grade, grade_point, credits) VALUES ('24EEE233', 2, 'A', 8, 4);
INSERT INTO internal_marks (student_roll_no, subject_id, mid1, mid2, online_tests, assignments) VALUES ('24EEE233', 2, 18, 21, 10, 5);
INSERT INTO marks (student_roll_no, subject_id, grade, grade_point, credits) VALUES ('24EEE233', 3, 'B', 6, 4);
INSERT INTO internal_marks (student_roll_no, subject_id, mid1, mid2, online_tests, assignments) VALUES ('24EEE233', 3, 17, 21, 10, 5);
INSERT INTO semester_results (student_roll_no, semester, sgpa, cgpa, total_credits, percentage) VALUES ('24EEE233',  '1-1', 8.5, 8.5,  11,  80.0);
INSERT INTO cgpa (student_roll_no, cgpa, total_credits, total_percentage) VALUES ('24EEE233', 8.5, 11, 80.0);
INSERT INTO attendance (student_roll_no, date, status, subject_id, semester) VALUES ('24EEE233', '2025-02-01', 'Present', 1, '1-1');
INSERT INTO attendance (student_roll_no, date, status, subject_id, semester) VALUES ('24EEE233', '2025-02-02', 'Present', 1, '1-1');
INSERT INTO attendance (student_roll_no, date, status, subject_id, semester) VALUES ('24EEE233', '2025-02-03', 'Present', 1, '1-1');
INSERT INTO attendance (student_roll_no, date, status, subject_id, semester) VALUES ('24EEE233', '2025-02-04', 'Present', 1, '1-1');
INSERT INTO attendance (student_roll_no, date, status, subject_id, semester) VALUES ('24EEE233', '2025-02-05', 'Present', 1, '1-1');
INSERT INTO attendance (student_roll_no, date, status, subject_id, semester) VALUES ('24EEE233', '2025-02-06', 'Present', 1, '1-1');
INSERT INTO attendance (student_roll_no, date, status, subject_id, semester) VALUES ('24EEE233', '2025-02-07', 'Present', 1, '1-1');
INSERT INTO attendance (student_roll_no, date, status, subject_id, semester) VALUES ('24EEE233', '2025-02-08', 'Present', 1, '1-1');
INSERT INTO attendance (student_roll_no, date, status, subject_id, semester) VALUES ('24EEE233', '2025-02-09', 'Present', 1, '1-1');
INSERT INTO attendance (student_roll_no, date, status, subject_id, semester) VALUES ('24EEE233', '2025-02-10', 'Present', 1, '1-1');
INSERT INTO attendance (student_roll_no, date, status, subject_id, semester) VALUES ('24EEE233', '2025-02-11', 'Present', 1, '1-1');
INSERT INTO attendance (student_roll_no, date, status, subject_id, semester) VALUES ('24EEE233', '2025-02-12', 'Present', 1, '1-1');
INSERT INTO attendance (student_roll_no, date, status, subject_id, semester) VALUES ('24EEE233', '2025-02-13', 'Present', 1, '1-1');
INSERT INTO attendance (student_roll_no, date, status, subject_id, semester) VALUES ('24EEE233', '2025-02-14', 'Present', 1, '1-1');
INSERT INTO attendance (student_roll_no, date, status, subject_id, semester) VALUES ('24EEE233', '2025-02-15', 'Absent', 1, '1-1');
INSERT INTO attendance (student_roll_no, date, status, subject_id, semester) VALUES ('24EEE233', '2025-02-16', 'Present', 1, '1-1');
INSERT INTO attendance (student_roll_no, date, status, subject_id, semester) VALUES ('24EEE233', '2025-02-17', 'Present', 1, '1-1');
INSERT INTO attendance (student_roll_no, date, status, subject_id, semester) VALUES ('24EEE233', '2025-02-18', 'Present', 1, '1-1');
INSERT INTO attendance (student_roll_no, date, status, subject_id, semester) VALUES ('24EEE233', '2025-02-19', 'Present', 1, '1-1');
INSERT INTO fees (student_roll_no, academic_year, tuition_fees, convener_fees, due_date, paid_fees) VALUES ('24EEE233', '2024-25', 50000, 15000, '2025-05-15', 30000);
INSERT INTO students (roll_no, admission_no, name, branch, section, year, gender, dob, religion, phone, email, aadhar, address, father_name, mother_name, parents_occupation, parents_mobile, annual_income, joining_date, photo_url, is_hosteller, password_hash) VALUES ('24EEE234', 'ADM24EEE234', 'Venkata Naidu', 'EEE', 'B', 1, 'Male', '2005-10-01', 'Muslim', '9848609800', '24eee234@nsrit.edu.in', '2423-2550-2082', 'H.No 83, Street 1, Visakhapatnam, AP', 'Goud Sanjana', 'Karthik Mishra', 'Business', '9848609800', 935127, '2024-07-15', 'https://api.dicebear.com/7.x/avataaars/svg?seed=24EEE234', 0, 'scrypt:32768:8:1$ARD8iu2R30ZgOvjn$0c28fb2c347ac069a47026ad5d1f981cf505bbde11b1e3626b8a21147aa73e5d94d807b682b1299e2029c5c2f76884672524bbc1c3de85f345c28f406888dfe1');
INSERT INTO mentors (student_roll_no, teacher_id) VALUES ('24EEE234', 'TCH005');
INSERT INTO marks (student_roll_no, subject_id, grade, grade_point, credits) VALUES ('24EEE234', 1, 'A', 8, 4);
INSERT INTO internal_marks (student_roll_no, subject_id, mid1, mid2, online_tests, assignments) VALUES ('24EEE234', 1, 20, 25, 10, 5);
INSERT INTO marks (student_roll_no, subject_id, grade, grade_point, credits) VALUES ('24EEE234', 2, 'B', 6, 4);
INSERT INTO internal_marks (student_roll_no, subject_id, mid1, mid2, online_tests, assignments) VALUES ('24EEE234', 2, 23, 18, 10, 5);
INSERT INTO marks (student_roll_no, subject_id, grade, grade_point, credits) VALUES ('24EEE234', 3, 'A+', 9, 4);
INSERT INTO internal_marks (student_roll_no, subject_id, mid1, mid2, online_tests, assignments) VALUES ('24EEE234', 3, 17, 19, 10, 5);
INSERT INTO semester_results (student_roll_no, semester, sgpa, cgpa, total_credits, percentage) VALUES ('24EEE234',  '1-1', 8.5, 8.5,  11,  80.0);
INSERT INTO cgpa (student_roll_no, cgpa, total_credits, total_percentage) VALUES ('24EEE234', 8.5, 11, 80.0);
INSERT INTO attendance (student_roll_no, date, status, subject_id, semester) VALUES ('24EEE234', '2025-02-01', 'Present', 1, '1-1');
INSERT INTO attendance (student_roll_no, date, status, subject_id, semester) VALUES ('24EEE234', '2025-02-02', 'Present', 1, '1-1');
INSERT INTO attendance (student_roll_no, date, status, subject_id, semester) VALUES ('24EEE234', '2025-02-03', 'Present', 1, '1-1');
INSERT INTO attendance (student_roll_no, date, status, subject_id, semester) VALUES ('24EEE234', '2025-02-04', 'Present', 1, '1-1');
INSERT INTO attendance (student_roll_no, date, status, subject_id, semester) VALUES ('24EEE234', '2025-02-05', 'Absent', 1, '1-1');
INSERT INTO attendance (student_roll_no, date, status, subject_id, semester) VALUES ('24EEE234', '2025-02-06', 'Present', 1, '1-1');
INSERT INTO attendance (student_roll_no, date, status, subject_id, semester) VALUES ('24EEE234', '2025-02-07', 'Present', 1, '1-1');
INSERT INTO attendance (student_roll_no, date, status, subject_id, semester) VALUES ('24EEE234', '2025-02-08', 'Present', 1, '1-1');
INSERT INTO attendance (student_roll_no, date, status, subject_id, semester) VALUES ('24EEE234', '2025-02-09', 'Present', 1, '1-1');
INSERT INTO attendance (student_roll_no, date, status, subject_id, semester) VALUES ('24EEE234', '2025-02-10', 'Present', 1, '1-1');
INSERT INTO attendance (student_roll_no, date, status, subject_id, semester) VALUES ('24EEE234', '2025-02-11', 'Absent', 1, '1-1');
INSERT INTO attendance (student_roll_no, date, status, subject_id, semester) VALUES ('24EEE234', '2025-02-12', 'Present', 1, '1-1');
INSERT INTO attendance (student_roll_no, date, status, subject_id, semester) VALUES ('24EEE234', '2025-02-13', 'Absent', 1, '1-1');
INSERT INTO attendance (student_roll_no, date, status, subject_id, semester) VALUES ('24EEE234', '2025-02-14', 'Present', 1, '1-1');
INSERT INTO attendance (student_roll_no, date, status, subject_id, semester) VALUES ('24EEE234', '2025-02-15', 'Present', 1, '1-1');
INSERT INTO attendance (student_roll_no, date, status, subject_id, semester) VALUES ('24EEE234', '2025-02-16', 'Present', 1, '1-1');
INSERT INTO attendance (student_roll_no, date, status, subject_id, semester) VALUES ('24EEE234', '2025-02-17', 'Present', 1, '1-1');
INSERT INTO attendance (student_roll_no, date, status, subject_id, semester) VALUES ('24EEE234', '2025-02-18', 'Present', 1, '1-1');
INSERT INTO attendance (student_roll_no, date, status, subject_id, semester) VALUES ('24EEE234', '2025-02-19', 'Present', 1, '1-1');
INSERT INTO fees (student_roll_no, academic_year, tuition_fees, convener_fees, due_date, paid_fees) VALUES ('24EEE234', '2024-25', 50000, 15000, '2025-05-15', 30000);
INSERT INTO students (roll_no, admission_no, name, branch, section, year, gender, dob, religion, phone, email, aadhar, address, father_name, mother_name, parents_occupation, parents_mobile, annual_income, joining_date, photo_url, is_hosteller, password_hash) VALUES ('22IT235', 'ADM22IT235', 'Rahul Singh', 'IT', 'C', 3, 'Female', '2005-01-17', 'Hindu', '9848585363', '22it235@nsrit.edu.in', '9944-5008-7472', 'H.No 381, Street 3, Visakhapatnam, AP', 'Chowdary Ravi', 'Lakshmi Sharma', 'Doctor', '9848585363', 299996, '2023-07-15', 'https://api.dicebear.com/7.x/avataaars/svg?seed=22IT235', 1, 'scrypt:32768:8:1$ARD8iu2R30ZgOvjn$0c28fb2c347ac069a47026ad5d1f981cf505bbde11b1e3626b8a21147aa73e5d94d807b682b1299e2029c5c2f76884672524bbc1c3de85f345c28f406888dfe1');
INSERT INTO mentors (student_roll_no, teacher_id) VALUES ('22IT235', 'TCH008');
INSERT INTO marks (student_roll_no, subject_id, grade, grade_point, credits) VALUES ('22IT235', 1, 'B', 6, 4);
INSERT INTO internal_marks (student_roll_no, subject_id, mid1, mid2, online_tests, assignments) VALUES ('22IT235', 1, 25, 24, 10, 5);
INSERT INTO marks (student_roll_no, subject_id, grade, grade_point, credits) VALUES ('22IT235', 2, 'C', 5, 4);
INSERT INTO internal_marks (student_roll_no, subject_id, mid1, mid2, online_tests, assignments) VALUES ('22IT235', 2, 22, 18, 10, 5);
INSERT INTO marks (student_roll_no, subject_id, grade, grade_point, credits) VALUES ('22IT235', 3, 'O', 10, 4);
INSERT INTO internal_marks (student_roll_no, subject_id, mid1, mid2, online_tests, assignments) VALUES ('22IT235', 3, 22, 21, 10, 5);
INSERT INTO semester_results (student_roll_no, semester, sgpa, cgpa, total_credits, percentage) VALUES ('22IT235',  '1-1', 8.5, 8.5,  11,  80.0);
INSERT INTO cgpa (student_roll_no, cgpa, total_credits, total_percentage) VALUES ('22IT235', 8.5, 11, 80.0);
INSERT INTO attendance (student_roll_no, date, status, subject_id, semester) VALUES ('22IT235', '2025-02-01', 'Present', 1, '1-1');
INSERT INTO attendance (student_roll_no, date, status, subject_id, semester) VALUES ('22IT235', '2025-02-02', 'Present', 1, '1-1');
INSERT INTO attendance (student_roll_no, date, status, subject_id, semester) VALUES ('22IT235', '2025-02-03', 'Present', 1, '1-1');
INSERT INTO attendance (student_roll_no, date, status, subject_id, semester) VALUES ('22IT235', '2025-02-04', 'Present', 1, '1-1');
INSERT INTO attendance (student_roll_no, date, status, subject_id, semester) VALUES ('22IT235', '2025-02-05', 'Present', 1, '1-1');
INSERT INTO attendance (student_roll_no, date, status, subject_id, semester) VALUES ('22IT235', '2025-02-06', 'Present', 1, '1-1');
INSERT INTO attendance (student_roll_no, date, status, subject_id, semester) VALUES ('22IT235', '2025-02-07', 'Present', 1, '1-1');
INSERT INTO attendance (student_roll_no, date, status, subject_id, semester) VALUES ('22IT235', '2025-02-08', 'Present', 1, '1-1');
INSERT INTO attendance (student_roll_no, date, status, subject_id, semester) VALUES ('22IT235', '2025-02-09', 'Present', 1, '1-1');
INSERT INTO attendance (student_roll_no, date, status, subject_id, semester) VALUES ('22IT235', '2025-02-10', 'Present', 1, '1-1');
INSERT INTO attendance (student_roll_no, date, status, subject_id, semester) VALUES ('22IT235', '2025-02-11', 'Present', 1, '1-1');
INSERT INTO attendance (student_roll_no, date, status, subject_id, semester) VALUES ('22IT235', '2025-02-12', 'Present', 1, '1-1');
INSERT INTO attendance (student_roll_no, date, status, subject_id, semester) VALUES ('22IT235', '2025-02-13', 'Present', 1, '1-1');
INSERT INTO attendance (student_roll_no, date, status, subject_id, semester) VALUES ('22IT235', '2025-02-14', 'Present', 1, '1-1');
INSERT INTO attendance (student_roll_no, date, status, subject_id, semester) VALUES ('22IT235', '2025-02-15', 'Present', 1, '1-1');
INSERT INTO attendance (student_roll_no, date, status, subject_id, semester) VALUES ('22IT235', '2025-02-16', 'Present', 1, '1-1');
INSERT INTO attendance (student_roll_no, date, status, subject_id, semester) VALUES ('22IT235', '2025-02-17', 'Present', 1, '1-1');
INSERT INTO attendance (student_roll_no, date, status, subject_id, semester) VALUES ('22IT235', '2025-02-18', 'Present', 1, '1-1');
INSERT INTO attendance (student_roll_no, date, status, subject_id, semester) VALUES ('22IT235', '2025-02-19', 'Present', 1, '1-1');
INSERT INTO fees (student_roll_no, academic_year, tuition_fees, convener_fees, due_date, paid_fees) VALUES ('22IT235', '2024-25', 50000, 15000, '2025-05-15', 30000);
INSERT INTO outing_records (roll_number, date, reason) VALUES ('22IT235', '2025-03-01', 'Weekend home');
INSERT INTO students (roll_no, admission_no, name, branch, section, year, gender, dob, religion, phone, email, aadhar, address, father_name, mother_name, parents_occupation, parents_mobile, annual_income, joining_date, photo_url, is_hosteller, password_hash) VALUES ('21CIVIL236', 'ADM21CIVIL236', 'Priya Varma', 'CIVIL', 'A', 4, 'Female', '2005-05-09', 'Christian', '9848636817', '21civil236@nsrit.edu.in', '8118-3660-7553', 'H.No 5, Street 11, Visakhapatnam, AP', 'Rao Sanjana', 'Praveen Singh', 'Doctor', '9848636817', 563544, '2023-07-15', 'https://api.dicebear.com/7.x/avataaars/svg?seed=21CIVIL236', 0, 'scrypt:32768:8:1$ARD8iu2R30ZgOvjn$0c28fb2c347ac069a47026ad5d1f981cf505bbde11b1e3626b8a21147aa73e5d94d807b682b1299e2029c5c2f76884672524bbc1c3de85f345c28f406888dfe1');
INSERT INTO mentors (student_roll_no, teacher_id) VALUES ('21CIVIL236', 'TCH001');
INSERT INTO marks (student_roll_no, subject_id, grade, grade_point, credits) VALUES ('21CIVIL236', 1, 'C', 5, 4);
INSERT INTO internal_marks (student_roll_no, subject_id, mid1, mid2, online_tests, assignments) VALUES ('21CIVIL236', 1, 16, 25, 10, 5);
INSERT INTO marks (student_roll_no, subject_id, grade, grade_point, credits) VALUES ('21CIVIL236', 2, 'B', 6, 4);
INSERT INTO internal_marks (student_roll_no, subject_id, mid1, mid2, online_tests, assignments) VALUES ('21CIVIL236', 2, 15, 20, 10, 5);
INSERT INTO marks (student_roll_no, subject_id, grade, grade_point, credits) VALUES ('21CIVIL236', 3, 'C', 5, 4);
INSERT INTO internal_marks (student_roll_no, subject_id, mid1, mid2, online_tests, assignments) VALUES ('21CIVIL236', 3, 18, 23, 10, 5);
INSERT INTO semester_results (student_roll_no, semester, sgpa, cgpa, total_credits, percentage) VALUES ('21CIVIL236',  '1-1', 8.5, 8.5,  11,  80.0);
INSERT INTO cgpa (student_roll_no, cgpa, total_credits, total_percentage) VALUES ('21CIVIL236', 8.5, 11, 80.0);
INSERT INTO attendance (student_roll_no, date, status, subject_id, semester) VALUES ('21CIVIL236', '2025-02-01', 'Present', 1, '1-1');
INSERT INTO attendance (student_roll_no, date, status, subject_id, semester) VALUES ('21CIVIL236', '2025-02-02', 'Present', 1, '1-1');
INSERT INTO attendance (student_roll_no, date, status, subject_id, semester) VALUES ('21CIVIL236', '2025-02-03', 'Present', 1, '1-1');
INSERT INTO attendance (student_roll_no, date, status, subject_id, semester) VALUES ('21CIVIL236', '2025-02-04', 'Absent', 1, '1-1');
INSERT INTO attendance (student_roll_no, date, status, subject_id, semester) VALUES ('21CIVIL236', '2025-02-05', 'Absent', 1, '1-1');
INSERT INTO attendance (student_roll_no, date, status, subject_id, semester) VALUES ('21CIVIL236', '2025-02-06', 'Present', 1, '1-1');
INSERT INTO attendance (student_roll_no, date, status, subject_id, semester) VALUES ('21CIVIL236', '2025-02-07', 'Present', 1, '1-1');
INSERT INTO attendance (student_roll_no, date, status, subject_id, semester) VALUES ('21CIVIL236', '2025-02-08', 'Present', 1, '1-1');
INSERT INTO attendance (student_roll_no, date, status, subject_id, semester) VALUES ('21CIVIL236', '2025-02-09', 'Present', 1, '1-1');
INSERT INTO attendance (student_roll_no, date, status, subject_id, semester) VALUES ('21CIVIL236', '2025-02-10', 'Present', 1, '1-1');
INSERT INTO attendance (student_roll_no, date, status, subject_id, semester) VALUES ('21CIVIL236', '2025-02-11', 'Present', 1, '1-1');
INSERT INTO attendance (student_roll_no, date, status, subject_id, semester) VALUES ('21CIVIL236', '2025-02-12', 'Present', 1, '1-1');
INSERT INTO attendance (student_roll_no, date, status, subject_id, semester) VALUES ('21CIVIL236', '2025-02-13', 'Present', 1, '1-1');
INSERT INTO attendance (student_roll_no, date, status, subject_id, semester) VALUES ('21CIVIL236', '2025-02-14', 'Absent', 1, '1-1');
INSERT INTO attendance (student_roll_no, date, status, subject_id, semester) VALUES ('21CIVIL236', '2025-02-15', 'Absent', 1, '1-1');
INSERT INTO attendance (student_roll_no, date, status, subject_id, semester) VALUES ('21CIVIL236', '2025-02-16', 'Present', 1, '1-1');
INSERT INTO attendance (student_roll_no, date, status, subject_id, semester) VALUES ('21CIVIL236', '2025-02-17', 'Present', 1, '1-1');
INSERT INTO attendance (student_roll_no, date, status, subject_id, semester) VALUES ('21CIVIL236', '2025-02-18', 'Present', 1, '1-1');
INSERT INTO attendance (student_roll_no, date, status, subject_id, semester) VALUES ('21CIVIL236', '2025-02-19', 'Present', 1, '1-1');
INSERT INTO fees (student_roll_no, academic_year, tuition_fees, convener_fees, due_date, paid_fees) VALUES ('21CIVIL236', '2024-25', 50000, 15000, '2025-05-15', 30000);
INSERT INTO students (roll_no, admission_no, name, branch, section, year, gender, dob, religion, phone, email, aadhar, address, father_name, mother_name, parents_occupation, parents_mobile, annual_income, joining_date, photo_url, is_hosteller, password_hash) VALUES ('21CSE237', 'ADM21CSE237', 'Ravi Mishra', 'CSE', 'B', 4, 'Male', '2005-09-04', 'Sikh', '9848189647', '21cse237@nsrit.edu.in', '4559-7318-5352', 'H.No 240, Street 1, Visakhapatnam, AP', 'Rao Kumar', 'Sanjana Singh', 'Farmer', '9848189647', 365350, '2023-07-15', 'https://api.dicebear.com/7.x/avataaars/svg?seed=21CSE237', 0, 'scrypt:32768:8:1$ARD8iu2R30ZgOvjn$0c28fb2c347ac069a47026ad5d1f981cf505bbde11b1e3626b8a21147aa73e5d94d807b682b1299e2029c5c2f76884672524bbc1c3de85f345c28f406888dfe1');
INSERT INTO mentors (student_roll_no, teacher_id) VALUES ('21CSE237', 'TCH011');
INSERT INTO marks (student_roll_no, subject_id, grade, grade_point, credits) VALUES ('21CSE237', 1, 'B', 6, 4);
INSERT INTO internal_marks (student_roll_no, subject_id, mid1, mid2, online_tests, assignments) VALUES ('21CSE237', 1, 23, 15, 10, 5);
INSERT INTO marks (student_roll_no, subject_id, grade, grade_point, credits) VALUES ('21CSE237', 2, 'A+', 9, 4);
INSERT INTO internal_marks (student_roll_no, subject_id, mid1, mid2, online_tests, assignments) VALUES ('21CSE237', 2, 18, 16, 10, 5);
INSERT INTO marks (student_roll_no, subject_id, grade, grade_point, credits) VALUES ('21CSE237', 3, 'B', 6, 4);
INSERT INTO internal_marks (student_roll_no, subject_id, mid1, mid2, online_tests, assignments) VALUES ('21CSE237', 3, 18, 22, 10, 5);
INSERT INTO semester_results (student_roll_no, semester, sgpa, cgpa, total_credits, percentage) VALUES ('21CSE237',  '1-1', 8.5, 8.5,  11,  80.0);
INSERT INTO cgpa (student_roll_no, cgpa, total_credits, total_percentage) VALUES ('21CSE237', 8.5, 11, 80.0);
INSERT INTO attendance (student_roll_no, date, status, subject_id, semester) VALUES ('21CSE237', '2025-02-01', 'Present', 1, '1-1');
INSERT INTO attendance (student_roll_no, date, status, subject_id, semester) VALUES ('21CSE237', '2025-02-02', 'Present', 1, '1-1');
INSERT INTO attendance (student_roll_no, date, status, subject_id, semester) VALUES ('21CSE237', '2025-02-03', 'Absent', 1, '1-1');
INSERT INTO attendance (student_roll_no, date, status, subject_id, semester) VALUES ('21CSE237', '2025-02-04', 'Present', 1, '1-1');
INSERT INTO attendance (student_roll_no, date, status, subject_id, semester) VALUES ('21CSE237', '2025-02-05', 'Present', 1, '1-1');
INSERT INTO attendance (student_roll_no, date, status, subject_id, semester) VALUES ('21CSE237', '2025-02-06', 'Present', 1, '1-1');
INSERT INTO attendance (student_roll_no, date, status, subject_id, semester) VALUES ('21CSE237', '2025-02-07', 'Present', 1, '1-1');
INSERT INTO attendance (student_roll_no, date, status, subject_id, semester) VALUES ('21CSE237', '2025-02-08', 'Present', 1, '1-1');
INSERT INTO attendance (student_roll_no, date, status, subject_id, semester) VALUES ('21CSE237', '2025-02-09', 'Present', 1, '1-1');
INSERT INTO attendance (student_roll_no, date, status, subject_id, semester) VALUES ('21CSE237', '2025-02-10', 'Present', 1, '1-1');
INSERT INTO attendance (student_roll_no, date, status, subject_id, semester) VALUES ('21CSE237', '2025-02-11', 'Absent', 1, '1-1');
INSERT INTO attendance (student_roll_no, date, status, subject_id, semester) VALUES ('21CSE237', '2025-02-12', 'Present', 1, '1-1');
INSERT INTO attendance (student_roll_no, date, status, subject_id, semester) VALUES ('21CSE237', '2025-02-13', 'Present', 1, '1-1');
INSERT INTO attendance (student_roll_no, date, status, subject_id, semester) VALUES ('21CSE237', '2025-02-14', 'Present', 1, '1-1');
INSERT INTO attendance (student_roll_no, date, status, subject_id, semester) VALUES ('21CSE237', '2025-02-15', 'Present', 1, '1-1');
INSERT INTO attendance (student_roll_no, date, status, subject_id, semester) VALUES ('21CSE237', '2025-02-16', 'Present', 1, '1-1');
INSERT INTO attendance (student_roll_no, date, status, subject_id, semester) VALUES ('21CSE237', '2025-02-17', 'Present', 1, '1-1');
INSERT INTO attendance (student_roll_no, date, status, subject_id, semester) VALUES ('21CSE237', '2025-02-18', 'Absent', 1, '1-1');
INSERT INTO attendance (student_roll_no, date, status, subject_id, semester) VALUES ('21CSE237', '2025-02-19', 'Present', 1, '1-1');
INSERT INTO fees (student_roll_no, academic_year, tuition_fees, convener_fees, due_date, paid_fees) VALUES ('21CSE237', '2024-25', 50000, 15000, '2025-05-15', 30000);
INSERT INTO students (roll_no, admission_no, name, branch, section, year, gender, dob, religion, phone, email, aadhar, address, father_name, mother_name, parents_occupation, parents_mobile, annual_income, joining_date, photo_url, is_hosteller, password_hash) VALUES ('22IT238', 'ADM22IT238', 'Akhil Kumar', 'IT', 'B', 3, 'Female', '2005-07-11', 'Muslim', '9848577498', '22it238@nsrit.edu.in', '5905-7393-8753', 'H.No 19, Street 14, Visakhapatnam, AP', 'Reddy Sowmya', 'Anil Naidu', 'Business', '9848577498', 376028, '2023-07-15', 'https://api.dicebear.com/7.x/avataaars/svg?seed=22IT238', 0, 'scrypt:32768:8:1$ARD8iu2R30ZgOvjn$0c28fb2c347ac069a47026ad5d1f981cf505bbde11b1e3626b8a21147aa73e5d94d807b682b1299e2029c5c2f76884672524bbc1c3de85f345c28f406888dfe1');
INSERT INTO mentors (student_roll_no, teacher_id) VALUES ('22IT238', 'TCH004');
INSERT INTO marks (student_roll_no, subject_id, grade, grade_point, credits) VALUES ('22IT238', 1, 'O', 10, 4);
INSERT INTO internal_marks (student_roll_no, subject_id, mid1, mid2, online_tests, assignments) VALUES ('22IT238', 1, 21, 20, 10, 5);
INSERT INTO marks (student_roll_no, subject_id, grade, grade_point, credits) VALUES ('22IT238', 2, 'A', 8, 4);
INSERT INTO internal_marks (student_roll_no, subject_id, mid1, mid2, online_tests, assignments) VALUES ('22IT238', 2, 20, 15, 10, 5);
INSERT INTO marks (student_roll_no, subject_id, grade, grade_point, credits) VALUES ('22IT238', 3, 'B', 6, 4);
INSERT INTO internal_marks (student_roll_no, subject_id, mid1, mid2, online_tests, assignments) VALUES ('22IT238', 3, 23, 17, 10, 5);
INSERT INTO semester_results (student_roll_no, semester, sgpa, cgpa, total_credits, percentage) VALUES ('22IT238',  '1-1', 8.5, 8.5,  11,  80.0);
INSERT INTO cgpa (student_roll_no, cgpa, total_credits, total_percentage) VALUES ('22IT238', 8.5, 11, 80.0);
INSERT INTO attendance (student_roll_no, date, status, subject_id, semester) VALUES ('22IT238', '2025-02-01', 'Present', 1, '1-1');
INSERT INTO attendance (student_roll_no, date, status, subject_id, semester) VALUES ('22IT238', '2025-02-02', 'Present', 1, '1-1');
INSERT INTO attendance (student_roll_no, date, status, subject_id, semester) VALUES ('22IT238', '2025-02-03', 'Present', 1, '1-1');
INSERT INTO attendance (student_roll_no, date, status, subject_id, semester) VALUES ('22IT238', '2025-02-04', 'Present', 1, '1-1');
INSERT INTO attendance (student_roll_no, date, status, subject_id, semester) VALUES ('22IT238', '2025-02-05', 'Present', 1, '1-1');
INSERT INTO attendance (student_roll_no, date, status, subject_id, semester) VALUES ('22IT238', '2025-02-06', 'Present', 1, '1-1');
INSERT INTO attendance (student_roll_no, date, status, subject_id, semester) VALUES ('22IT238', '2025-02-07', 'Present', 1, '1-1');
INSERT INTO attendance (student_roll_no, date, status, subject_id, semester) VALUES ('22IT238', '2025-02-08', 'Present', 1, '1-1');
INSERT INTO attendance (student_roll_no, date, status, subject_id, semester) VALUES ('22IT238', '2025-02-09', 'Present', 1, '1-1');
INSERT INTO attendance (student_roll_no, date, status, subject_id, semester) VALUES ('22IT238', '2025-02-10', 'Present', 1, '1-1');
INSERT INTO attendance (student_roll_no, date, status, subject_id, semester) VALUES ('22IT238', '2025-02-11', 'Absent', 1, '1-1');
INSERT INTO attendance (student_roll_no, date, status, subject_id, semester) VALUES ('22IT238', '2025-02-12', 'Present', 1, '1-1');
INSERT INTO attendance (student_roll_no, date, status, subject_id, semester) VALUES ('22IT238', '2025-02-13', 'Present', 1, '1-1');
INSERT INTO attendance (student_roll_no, date, status, subject_id, semester) VALUES ('22IT238', '2025-02-14', 'Present', 1, '1-1');
INSERT INTO attendance (student_roll_no, date, status, subject_id, semester) VALUES ('22IT238', '2025-02-15', 'Present', 1, '1-1');
INSERT INTO attendance (student_roll_no, date, status, subject_id, semester) VALUES ('22IT238', '2025-02-16', 'Present', 1, '1-1');
INSERT INTO attendance (student_roll_no, date, status, subject_id, semester) VALUES ('22IT238', '2025-02-17', 'Present', 1, '1-1');
INSERT INTO attendance (student_roll_no, date, status, subject_id, semester) VALUES ('22IT238', '2025-02-18', 'Present', 1, '1-1');
INSERT INTO attendance (student_roll_no, date, status, subject_id, semester) VALUES ('22IT238', '2025-02-19', 'Present', 1, '1-1');
INSERT INTO fees (student_roll_no, academic_year, tuition_fees, convener_fees, due_date, paid_fees) VALUES ('22IT238', '2024-25', 50000, 15000, '2025-05-15', 30000);
INSERT INTO students (roll_no, admission_no, name, branch, section, year, gender, dob, religion, phone, email, aadhar, address, father_name, mother_name, parents_occupation, parents_mobile, annual_income, joining_date, photo_url, is_hosteller, password_hash) VALUES ('21IT239', 'ADM21IT239', 'Akhil Kumar', 'IT', 'A', 4, 'Male', '2005-01-27', 'Sikh', '9848428205', '21it239@nsrit.edu.in', '8346-4441-4371', 'H.No 220, Street 6, Visakhapatnam, AP', 'Goud Sai', 'Ravi Goud', 'Business', '9848428205', 251822, '2023-07-15', 'https://api.dicebear.com/7.x/avataaars/svg?seed=21IT239', 0, 'scrypt:32768:8:1$ARD8iu2R30ZgOvjn$0c28fb2c347ac069a47026ad5d1f981cf505bbde11b1e3626b8a21147aa73e5d94d807b682b1299e2029c5c2f76884672524bbc1c3de85f345c28f406888dfe1');
INSERT INTO mentors (student_roll_no, teacher_id) VALUES ('21IT239', 'TCH013');
INSERT INTO marks (student_roll_no, subject_id, grade, grade_point, credits) VALUES ('21IT239', 1, 'B+', 7, 4);
INSERT INTO internal_marks (student_roll_no, subject_id, mid1, mid2, online_tests, assignments) VALUES ('21IT239', 1, 15, 17, 10, 5);
INSERT INTO marks (student_roll_no, subject_id, grade, grade_point, credits) VALUES ('21IT239', 2, 'O', 10, 4);
INSERT INTO internal_marks (student_roll_no, subject_id, mid1, mid2, online_tests, assignments) VALUES ('21IT239', 2, 19, 22, 10, 5);
INSERT INTO marks (student_roll_no, subject_id, grade, grade_point, credits) VALUES ('21IT239', 3, 'B', 6, 4);
INSERT INTO internal_marks (student_roll_no, subject_id, mid1, mid2, online_tests, assignments) VALUES ('21IT239', 3, 16, 19, 10, 5);
INSERT INTO semester_results (student_roll_no, semester, sgpa, cgpa, total_credits, percentage) VALUES ('21IT239',  '1-1', 8.5, 8.5,  11,  80.0);
INSERT INTO cgpa (student_roll_no, cgpa, total_credits, total_percentage) VALUES ('21IT239', 8.5, 11, 80.0);
INSERT INTO attendance (student_roll_no, date, status, subject_id, semester) VALUES ('21IT239', '2025-02-01', 'Present', 1, '1-1');
INSERT INTO attendance (student_roll_no, date, status, subject_id, semester) VALUES ('21IT239', '2025-02-02', 'Present', 1, '1-1');
INSERT INTO attendance (student_roll_no, date, status, subject_id, semester) VALUES ('21IT239', '2025-02-03', 'Present', 1, '1-1');
INSERT INTO attendance (student_roll_no, date, status, subject_id, semester) VALUES ('21IT239', '2025-02-04', 'Present', 1, '1-1');
INSERT INTO attendance (student_roll_no, date, status, subject_id, semester) VALUES ('21IT239', '2025-02-05', 'Present', 1, '1-1');
INSERT INTO attendance (student_roll_no, date, status, subject_id, semester) VALUES ('21IT239', '2025-02-06', 'Present', 1, '1-1');
INSERT INTO attendance (student_roll_no, date, status, subject_id, semester) VALUES ('21IT239', '2025-02-07', 'Present', 1, '1-1');
INSERT INTO attendance (student_roll_no, date, status, subject_id, semester) VALUES ('21IT239', '2025-02-08', 'Present', 1, '1-1');
INSERT INTO attendance (student_roll_no, date, status, subject_id, semester) VALUES ('21IT239', '2025-02-09', 'Present', 1, '1-1');
INSERT INTO attendance (student_roll_no, date, status, subject_id, semester) VALUES ('21IT239', '2025-02-10', 'Present', 1, '1-1');
INSERT INTO attendance (student_roll_no, date, status, subject_id, semester) VALUES ('21IT239', '2025-02-11', 'Present', 1, '1-1');
INSERT INTO attendance (student_roll_no, date, status, subject_id, semester) VALUES ('21IT239', '2025-02-12', 'Absent', 1, '1-1');
INSERT INTO attendance (student_roll_no, date, status, subject_id, semester) VALUES ('21IT239', '2025-02-13', 'Present', 1, '1-1');
INSERT INTO attendance (student_roll_no, date, status, subject_id, semester) VALUES ('21IT239', '2025-02-14', 'Present', 1, '1-1');
INSERT INTO attendance (student_roll_no, date, status, subject_id, semester) VALUES ('21IT239', '2025-02-15', 'Present', 1, '1-1');
INSERT INTO attendance (student_roll_no, date, status, subject_id, semester) VALUES ('21IT239', '2025-02-16', 'Present', 1, '1-1');
INSERT INTO attendance (student_roll_no, date, status, subject_id, semester) VALUES ('21IT239', '2025-02-17', 'Absent', 1, '1-1');
INSERT INTO attendance (student_roll_no, date, status, subject_id, semester) VALUES ('21IT239', '2025-02-18', 'Present', 1, '1-1');
INSERT INTO attendance (student_roll_no, date, status, subject_id, semester) VALUES ('21IT239', '2025-02-19', 'Absent', 1, '1-1');
INSERT INTO fees (student_roll_no, academic_year, tuition_fees, convener_fees, due_date, paid_fees) VALUES ('21IT239', '2024-25', 50000, 15000, '2025-05-15', 30000);
INSERT INTO students (roll_no, admission_no, name, branch, section, year, gender, dob, religion, phone, email, aadhar, address, father_name, mother_name, parents_occupation, parents_mobile, annual_income, joining_date, photo_url, is_hosteller, password_hash) VALUES ('22CIVIL240', 'ADM22CIVIL240', 'Sowmya Naidu', 'CIVIL', 'B', 3, 'Female', '2005-12-05', 'Sikh', '9848992905', '22civil240@nsrit.edu.in', '2615-5560-3070', 'H.No 443, Street 1, Visakhapatnam, AP', 'Goud Ravi', 'Sai Das', 'Engineer', '9848992905', 205606, '2023-07-15', 'https://api.dicebear.com/7.x/avataaars/svg?seed=22CIVIL240', 1, 'scrypt:32768:8:1$ARD8iu2R30ZgOvjn$0c28fb2c347ac069a47026ad5d1f981cf505bbde11b1e3626b8a21147aa73e5d94d807b682b1299e2029c5c2f76884672524bbc1c3de85f345c28f406888dfe1');
INSERT INTO mentors (student_roll_no, teacher_id) VALUES ('22CIVIL240', 'TCH003');
INSERT INTO marks (student_roll_no, subject_id, grade, grade_point, credits) VALUES ('22CIVIL240', 1, 'B+', 7, 4);
INSERT INTO internal_marks (student_roll_no, subject_id, mid1, mid2, online_tests, assignments) VALUES ('22CIVIL240', 1, 18, 18, 10, 5);
INSERT INTO marks (student_roll_no, subject_id, grade, grade_point, credits) VALUES ('22CIVIL240', 2, 'A', 8, 4);
INSERT INTO internal_marks (student_roll_no, subject_id, mid1, mid2, online_tests, assignments) VALUES ('22CIVIL240', 2, 18, 17, 10, 5);
INSERT INTO marks (student_roll_no, subject_id, grade, grade_point, credits) VALUES ('22CIVIL240', 3, 'A+', 9, 4);
INSERT INTO internal_marks (student_roll_no, subject_id, mid1, mid2, online_tests, assignments) VALUES ('22CIVIL240', 3, 18, 25, 10, 5);
INSERT INTO semester_results (student_roll_no, semester, sgpa, cgpa, total_credits, percentage) VALUES ('22CIVIL240',  '1-1', 8.5, 8.5,  11,  80.0);
INSERT INTO cgpa (student_roll_no, cgpa, total_credits, total_percentage) VALUES ('22CIVIL240', 8.5, 11, 80.0);
INSERT INTO attendance (student_roll_no, date, status, subject_id, semester) VALUES ('22CIVIL240', '2025-02-01', 'Present', 1, '1-1');
INSERT INTO attendance (student_roll_no, date, status, subject_id, semester) VALUES ('22CIVIL240', '2025-02-02', 'Present', 1, '1-1');
INSERT INTO attendance (student_roll_no, date, status, subject_id, semester) VALUES ('22CIVIL240', '2025-02-03', 'Present', 1, '1-1');
INSERT INTO attendance (student_roll_no, date, status, subject_id, semester) VALUES ('22CIVIL240', '2025-02-04', 'Present', 1, '1-1');
INSERT INTO attendance (student_roll_no, date, status, subject_id, semester) VALUES ('22CIVIL240', '2025-02-05', 'Present', 1, '1-1');
INSERT INTO attendance (student_roll_no, date, status, subject_id, semester) VALUES ('22CIVIL240', '2025-02-06', 'Present', 1, '1-1');
INSERT INTO attendance (student_roll_no, date, status, subject_id, semester) VALUES ('22CIVIL240', '2025-02-07', 'Present', 1, '1-1');
INSERT INTO attendance (student_roll_no, date, status, subject_id, semester) VALUES ('22CIVIL240', '2025-02-08', 'Present', 1, '1-1');
INSERT INTO attendance (student_roll_no, date, status, subject_id, semester) VALUES ('22CIVIL240', '2025-02-09', 'Present', 1, '1-1');
INSERT INTO attendance (student_roll_no, date, status, subject_id, semester) VALUES ('22CIVIL240', '2025-02-10', 'Absent', 1, '1-1');
INSERT INTO attendance (student_roll_no, date, status, subject_id, semester) VALUES ('22CIVIL240', '2025-02-11', 'Present', 1, '1-1');
INSERT INTO attendance (student_roll_no, date, status, subject_id, semester) VALUES ('22CIVIL240', '2025-02-12', 'Present', 1, '1-1');
INSERT INTO attendance (student_roll_no, date, status, subject_id, semester) VALUES ('22CIVIL240', '2025-02-13', 'Absent', 1, '1-1');
INSERT INTO attendance (student_roll_no, date, status, subject_id, semester) VALUES ('22CIVIL240', '2025-02-14', 'Present', 1, '1-1');
INSERT INTO attendance (student_roll_no, date, status, subject_id, semester) VALUES ('22CIVIL240', '2025-02-15', 'Present', 1, '1-1');
INSERT INTO attendance (student_roll_no, date, status, subject_id, semester) VALUES ('22CIVIL240', '2025-02-16', 'Present', 1, '1-1');
INSERT INTO attendance (student_roll_no, date, status, subject_id, semester) VALUES ('22CIVIL240', '2025-02-17', 'Present', 1, '1-1');
INSERT INTO attendance (student_roll_no, date, status, subject_id, semester) VALUES ('22CIVIL240', '2025-02-18', 'Present', 1, '1-1');
INSERT INTO attendance (student_roll_no, date, status, subject_id, semester) VALUES ('22CIVIL240', '2025-02-19', 'Present', 1, '1-1');
INSERT INTO fees (student_roll_no, academic_year, tuition_fees, convener_fees, due_date, paid_fees) VALUES ('22CIVIL240', '2024-25', 50000, 15000, '2025-05-15', 30000);
INSERT INTO outing_records (roll_number, date, reason) VALUES ('22CIVIL240', '2025-03-01', 'Weekend home');
INSERT INTO students (roll_no, admission_no, name, branch, section, year, gender, dob, religion, phone, email, aadhar, address, father_name, mother_name, parents_occupation, parents_mobile, annual_income, joining_date, photo_url, is_hosteller, password_hash) VALUES ('23ECE241', 'ADM23ECE241', 'Akhil Yadav', 'ECE', 'C', 2, 'Male', '2005-08-24', 'Muslim', '9848490175', '23ece241@nsrit.edu.in', '4368-9816-4713', 'H.No 160, Street 10, Visakhapatnam, AP', 'Kumar Gayathri', 'Arjun Patel', 'Teacher', '9848490175', 381291, '2023-07-15', 'https://api.dicebear.com/7.x/avataaars/svg?seed=23ECE241', 0, 'scrypt:32768:8:1$ARD8iu2R30ZgOvjn$0c28fb2c347ac069a47026ad5d1f981cf505bbde11b1e3626b8a21147aa73e5d94d807b682b1299e2029c5c2f76884672524bbc1c3de85f345c28f406888dfe1');
INSERT INTO mentors (student_roll_no, teacher_id) VALUES ('23ECE241', 'TCH008');
INSERT INTO marks (student_roll_no, subject_id, grade, grade_point, credits) VALUES ('23ECE241', 1, 'A+', 9, 4);
INSERT INTO internal_marks (student_roll_no, subject_id, mid1, mid2, online_tests, assignments) VALUES ('23ECE241', 1, 18, 22, 10, 5);
INSERT INTO marks (student_roll_no, subject_id, grade, grade_point, credits) VALUES ('23ECE241', 2, 'A', 8, 4);
INSERT INTO internal_marks (student_roll_no, subject_id, mid1, mid2, online_tests, assignments) VALUES ('23ECE241', 2, 24, 25, 10, 5);
INSERT INTO marks (student_roll_no, subject_id, grade, grade_point, credits) VALUES ('23ECE241', 3, 'O', 10, 4);
INSERT INTO internal_marks (student_roll_no, subject_id, mid1, mid2, online_tests, assignments) VALUES ('23ECE241', 3, 23, 21, 10, 5);
INSERT INTO semester_results (student_roll_no, semester, sgpa, cgpa, total_credits, percentage) VALUES ('23ECE241',  '1-1', 8.5, 8.5,  11,  80.0);
INSERT INTO cgpa (student_roll_no, cgpa, total_credits, total_percentage) VALUES ('23ECE241', 8.5, 11, 80.0);
INSERT INTO attendance (student_roll_no, date, status, subject_id, semester) VALUES ('23ECE241', '2025-02-01', 'Present', 1, '1-1');
INSERT INTO attendance (student_roll_no, date, status, subject_id, semester) VALUES ('23ECE241', '2025-02-02', 'Present', 1, '1-1');
INSERT INTO attendance (student_roll_no, date, status, subject_id, semester) VALUES ('23ECE241', '2025-02-03', 'Present', 1, '1-1');
INSERT INTO attendance (student_roll_no, date, status, subject_id, semester) VALUES ('23ECE241', '2025-02-04', 'Present', 1, '1-1');
INSERT INTO attendance (student_roll_no, date, status, subject_id, semester) VALUES ('23ECE241', '2025-02-05', 'Present', 1, '1-1');
INSERT INTO attendance (student_roll_no, date, status, subject_id, semester) VALUES ('23ECE241', '2025-02-06', 'Present', 1, '1-1');
INSERT INTO attendance (student_roll_no, date, status, subject_id, semester) VALUES ('23ECE241', '2025-02-07', 'Present', 1, '1-1');
INSERT INTO attendance (student_roll_no, date, status, subject_id, semester) VALUES ('23ECE241', '2025-02-08', 'Present', 1, '1-1');
INSERT INTO attendance (student_roll_no, date, status, subject_id, semester) VALUES ('23ECE241', '2025-02-09', 'Present', 1, '1-1');
INSERT INTO attendance (student_roll_no, date, status, subject_id, semester) VALUES ('23ECE241', '2025-02-10', 'Present', 1, '1-1');
INSERT INTO attendance (student_roll_no, date, status, subject_id, semester) VALUES ('23ECE241', '2025-02-11', 'Present', 1, '1-1');
INSERT INTO attendance (student_roll_no, date, status, subject_id, semester) VALUES ('23ECE241', '2025-02-12', 'Absent', 1, '1-1');
INSERT INTO attendance (student_roll_no, date, status, subject_id, semester) VALUES ('23ECE241', '2025-02-13', 'Absent', 1, '1-1');
INSERT INTO attendance (student_roll_no, date, status, subject_id, semester) VALUES ('23ECE241', '2025-02-14', 'Present', 1, '1-1');
INSERT INTO attendance (student_roll_no, date, status, subject_id, semester) VALUES ('23ECE241', '2025-02-15', 'Present', 1, '1-1');
INSERT INTO attendance (student_roll_no, date, status, subject_id, semester) VALUES ('23ECE241', '2025-02-16', 'Present', 1, '1-1');
INSERT INTO attendance (student_roll_no, date, status, subject_id, semester) VALUES ('23ECE241', '2025-02-17', 'Present', 1, '1-1');
INSERT INTO attendance (student_roll_no, date, status, subject_id, semester) VALUES ('23ECE241', '2025-02-18', 'Present', 1, '1-1');
INSERT INTO attendance (student_roll_no, date, status, subject_id, semester) VALUES ('23ECE241', '2025-02-19', 'Present', 1, '1-1');
INSERT INTO fees (student_roll_no, academic_year, tuition_fees, convener_fees, due_date, paid_fees) VALUES ('23ECE241', '2024-25', 50000, 15000, '2025-05-15', 30000);
INSERT INTO students (roll_no, admission_no, name, branch, section, year, gender, dob, religion, phone, email, aadhar, address, father_name, mother_name, parents_occupation, parents_mobile, annual_income, joining_date, photo_url, is_hosteller, password_hash) VALUES ('21CIVIL242', 'ADM21CIVIL242', 'Sai Sharma', 'CIVIL', 'C', 4, 'Female', '2005-05-13', 'Christian', '9848643791', '21civil242@nsrit.edu.in', '6067-4161-6032', 'H.No 116, Street 18, Visakhapatnam, AP', 'Chowdary Kiran', 'Arjun Rao', 'Engineer', '9848643791', 290004, '2023-07-15', 'https://api.dicebear.com/7.x/avataaars/svg?seed=21CIVIL242', 0, 'scrypt:32768:8:1$ARD8iu2R30ZgOvjn$0c28fb2c347ac069a47026ad5d1f981cf505bbde11b1e3626b8a21147aa73e5d94d807b682b1299e2029c5c2f76884672524bbc1c3de85f345c28f406888dfe1');
INSERT INTO mentors (student_roll_no, teacher_id) VALUES ('21CIVIL242', 'TCH014');
INSERT INTO marks (student_roll_no, subject_id, grade, grade_point, credits) VALUES ('21CIVIL242', 1, 'B', 6, 4);
INSERT INTO internal_marks (student_roll_no, subject_id, mid1, mid2, online_tests, assignments) VALUES ('21CIVIL242', 1, 15, 24, 10, 5);
INSERT INTO marks (student_roll_no, subject_id, grade, grade_point, credits) VALUES ('21CIVIL242', 2, 'O', 10, 4);
INSERT INTO internal_marks (student_roll_no, subject_id, mid1, mid2, online_tests, assignments) VALUES ('21CIVIL242', 2, 17, 21, 10, 5);
INSERT INTO marks (student_roll_no, subject_id, grade, grade_point, credits) VALUES ('21CIVIL242', 3, 'B', 6, 4);
INSERT INTO internal_marks (student_roll_no, subject_id, mid1, mid2, online_tests, assignments) VALUES ('21CIVIL242', 3, 15, 23, 10, 5);
INSERT INTO semester_results (student_roll_no, semester, sgpa, cgpa, total_credits, percentage) VALUES ('21CIVIL242',  '1-1', 8.5, 8.5,  11,  80.0);
INSERT INTO cgpa (student_roll_no, cgpa, total_credits, total_percentage) VALUES ('21CIVIL242', 8.5, 11, 80.0);
INSERT INTO attendance (student_roll_no, date, status, subject_id, semester) VALUES ('21CIVIL242', '2025-02-01', 'Present', 1, '1-1');
INSERT INTO attendance (student_roll_no, date, status, subject_id, semester) VALUES ('21CIVIL242', '2025-02-02', 'Present', 1, '1-1');
INSERT INTO attendance (student_roll_no, date, status, subject_id, semester) VALUES ('21CIVIL242', '2025-02-03', 'Present', 1, '1-1');
INSERT INTO attendance (student_roll_no, date, status, subject_id, semester) VALUES ('21CIVIL242', '2025-02-04', 'Present', 1, '1-1');
INSERT INTO attendance (student_roll_no, date, status, subject_id, semester) VALUES ('21CIVIL242', '2025-02-05', 'Present', 1, '1-1');
INSERT INTO attendance (student_roll_no, date, status, subject_id, semester) VALUES ('21CIVIL242', '2025-02-06', 'Present', 1, '1-1');
INSERT INTO attendance (student_roll_no, date, status, subject_id, semester) VALUES ('21CIVIL242', '2025-02-07', 'Present', 1, '1-1');
INSERT INTO attendance (student_roll_no, date, status, subject_id, semester) VALUES ('21CIVIL242', '2025-02-08', 'Absent', 1, '1-1');
INSERT INTO attendance (student_roll_no, date, status, subject_id, semester) VALUES ('21CIVIL242', '2025-02-09', 'Present', 1, '1-1');
INSERT INTO attendance (student_roll_no, date, status, subject_id, semester) VALUES ('21CIVIL242', '2025-02-10', 'Present', 1, '1-1');
INSERT INTO attendance (student_roll_no, date, status, subject_id, semester) VALUES ('21CIVIL242', '2025-02-11', 'Absent', 1, '1-1');
INSERT INTO attendance (student_roll_no, date, status, subject_id, semester) VALUES ('21CIVIL242', '2025-02-12', 'Present', 1, '1-1');
INSERT INTO attendance (student_roll_no, date, status, subject_id, semester) VALUES ('21CIVIL242', '2025-02-13', 'Present', 1, '1-1');
INSERT INTO attendance (student_roll_no, date, status, subject_id, semester) VALUES ('21CIVIL242', '2025-02-14', 'Present', 1, '1-1');
INSERT INTO attendance (student_roll_no, date, status, subject_id, semester) VALUES ('21CIVIL242', '2025-02-15', 'Present', 1, '1-1');
INSERT INTO attendance (student_roll_no, date, status, subject_id, semester) VALUES ('21CIVIL242', '2025-02-16', 'Present', 1, '1-1');
INSERT INTO attendance (student_roll_no, date, status, subject_id, semester) VALUES ('21CIVIL242', '2025-02-17', 'Present', 1, '1-1');
INSERT INTO attendance (student_roll_no, date, status, subject_id, semester) VALUES ('21CIVIL242', '2025-02-18', 'Present', 1, '1-1');
INSERT INTO attendance (student_roll_no, date, status, subject_id, semester) VALUES ('21CIVIL242', '2025-02-19', 'Present', 1, '1-1');
INSERT INTO fees (student_roll_no, academic_year, tuition_fees, convener_fees, due_date, paid_fees) VALUES ('21CIVIL242', '2024-25', 50000, 15000, '2025-05-15', 30000);
INSERT INTO students (roll_no, admission_no, name, branch, section, year, gender, dob, religion, phone, email, aadhar, address, father_name, mother_name, parents_occupation, parents_mobile, annual_income, joining_date, photo_url, is_hosteller, password_hash) VALUES ('23ECE243', 'ADM23ECE243', 'Sai Patel', 'ECE', 'C', 2, 'Female', '2005-05-26', 'Christian', '9848669103', '23ece243@nsrit.edu.in', '5711-8900-7100', 'H.No 194, Street 3, Visakhapatnam, AP', 'Patel Sai', 'Sai Singh', 'Farmer', '9848669103', 817234, '2023-07-15', 'https://api.dicebear.com/7.x/avataaars/svg?seed=23ECE243', 0, 'scrypt:32768:8:1$ARD8iu2R30ZgOvjn$0c28fb2c347ac069a47026ad5d1f981cf505bbde11b1e3626b8a21147aa73e5d94d807b682b1299e2029c5c2f76884672524bbc1c3de85f345c28f406888dfe1');
INSERT INTO mentors (student_roll_no, teacher_id) VALUES ('23ECE243', 'TCH012');
INSERT INTO marks (student_roll_no, subject_id, grade, grade_point, credits) VALUES ('23ECE243', 1, 'O', 10, 4);
INSERT INTO internal_marks (student_roll_no, subject_id, mid1, mid2, online_tests, assignments) VALUES ('23ECE243', 1, 25, 15, 10, 5);
INSERT INTO marks (student_roll_no, subject_id, grade, grade_point, credits) VALUES ('23ECE243', 2, 'C', 5, 4);
INSERT INTO internal_marks (student_roll_no, subject_id, mid1, mid2, online_tests, assignments) VALUES ('23ECE243', 2, 17, 16, 10, 5);
INSERT INTO marks (student_roll_no, subject_id, grade, grade_point, credits) VALUES ('23ECE243', 3, 'A', 8, 4);
INSERT INTO internal_marks (student_roll_no, subject_id, mid1, mid2, online_tests, assignments) VALUES ('23ECE243', 3, 18, 15, 10, 5);
INSERT INTO semester_results (student_roll_no, semester, sgpa, cgpa, total_credits, percentage) VALUES ('23ECE243',  '1-1', 8.5, 8.5,  11,  80.0);
INSERT INTO cgpa (student_roll_no, cgpa, total_credits, total_percentage) VALUES ('23ECE243', 8.5, 11, 80.0);
INSERT INTO attendance (student_roll_no, date, status, subject_id, semester) VALUES ('23ECE243', '2025-02-01', 'Present', 1, '1-1');
INSERT INTO attendance (student_roll_no, date, status, subject_id, semester) VALUES ('23ECE243', '2025-02-02', 'Present', 1, '1-1');
INSERT INTO attendance (student_roll_no, date, status, subject_id, semester) VALUES ('23ECE243', '2025-02-03', 'Present', 1, '1-1');
INSERT INTO attendance (student_roll_no, date, status, subject_id, semester) VALUES ('23ECE243', '2025-02-04', 'Present', 1, '1-1');
INSERT INTO attendance (student_roll_no, date, status, subject_id, semester) VALUES ('23ECE243', '2025-02-05', 'Present', 1, '1-1');
INSERT INTO attendance (student_roll_no, date, status, subject_id, semester) VALUES ('23ECE243', '2025-02-06', 'Present', 1, '1-1');
INSERT INTO attendance (student_roll_no, date, status, subject_id, semester) VALUES ('23ECE243', '2025-02-07', 'Present', 1, '1-1');
INSERT INTO attendance (student_roll_no, date, status, subject_id, semester) VALUES ('23ECE243', '2025-02-08', 'Present', 1, '1-1');
INSERT INTO attendance (student_roll_no, date, status, subject_id, semester) VALUES ('23ECE243', '2025-02-09', 'Present', 1, '1-1');
INSERT INTO attendance (student_roll_no, date, status, subject_id, semester) VALUES ('23ECE243', '2025-02-10', 'Present', 1, '1-1');
INSERT INTO attendance (student_roll_no, date, status, subject_id, semester) VALUES ('23ECE243', '2025-02-11', 'Present', 1, '1-1');
INSERT INTO attendance (student_roll_no, date, status, subject_id, semester) VALUES ('23ECE243', '2025-02-12', 'Present', 1, '1-1');
INSERT INTO attendance (student_roll_no, date, status, subject_id, semester) VALUES ('23ECE243', '2025-02-13', 'Present', 1, '1-1');
INSERT INTO attendance (student_roll_no, date, status, subject_id, semester) VALUES ('23ECE243', '2025-02-14', 'Present', 1, '1-1');
INSERT INTO attendance (student_roll_no, date, status, subject_id, semester) VALUES ('23ECE243', '2025-02-15', 'Present', 1, '1-1');
INSERT INTO attendance (student_roll_no, date, status, subject_id, semester) VALUES ('23ECE243', '2025-02-16', 'Present', 1, '1-1');
INSERT INTO attendance (student_roll_no, date, status, subject_id, semester) VALUES ('23ECE243', '2025-02-17', 'Present', 1, '1-1');
INSERT INTO attendance (student_roll_no, date, status, subject_id, semester) VALUES ('23ECE243', '2025-02-18', 'Present', 1, '1-1');
INSERT INTO attendance (student_roll_no, date, status, subject_id, semester) VALUES ('23ECE243', '2025-02-19', 'Present', 1, '1-1');
INSERT INTO fees (student_roll_no, academic_year, tuition_fees, convener_fees, due_date, paid_fees) VALUES ('23ECE243', '2024-25', 50000, 15000, '2025-05-15', 30000);
INSERT INTO students (roll_no, admission_no, name, branch, section, year, gender, dob, religion, phone, email, aadhar, address, father_name, mother_name, parents_occupation, parents_mobile, annual_income, joining_date, photo_url, is_hosteller, password_hash) VALUES ('23CIVIL244', 'ADM23CIVIL244', 'Karthik Singh', 'CIVIL', 'C', 2, 'Male', '2005-09-30', 'Sikh', '9848651164', '23civil244@nsrit.edu.in', '5591-7280-5747', 'H.No 360, Street 15, Visakhapatnam, AP', 'Naidu Sai', 'Ramesh Goud', 'Engineer', '9848651164', 651198, '2023-07-15', 'https://api.dicebear.com/7.x/avataaars/svg?seed=23CIVIL244', 0, 'scrypt:32768:8:1$ARD8iu2R30ZgOvjn$0c28fb2c347ac069a47026ad5d1f981cf505bbde11b1e3626b8a21147aa73e5d94d807b682b1299e2029c5c2f76884672524bbc1c3de85f345c28f406888dfe1');
INSERT INTO mentors (student_roll_no, teacher_id) VALUES ('23CIVIL244', 'TCH010');
INSERT INTO marks (student_roll_no, subject_id, grade, grade_point, credits) VALUES ('23CIVIL244', 1, 'B', 6, 4);
INSERT INTO internal_marks (student_roll_no, subject_id, mid1, mid2, online_tests, assignments) VALUES ('23CIVIL244', 1, 20, 22, 10, 5);
INSERT INTO marks (student_roll_no, subject_id, grade, grade_point, credits) VALUES ('23CIVIL244', 2, 'A', 8, 4);
INSERT INTO internal_marks (student_roll_no, subject_id, mid1, mid2, online_tests, assignments) VALUES ('23CIVIL244', 2, 19, 19, 10, 5);
INSERT INTO marks (student_roll_no, subject_id, grade, grade_point, credits) VALUES ('23CIVIL244', 3, 'C', 5, 4);
INSERT INTO internal_marks (student_roll_no, subject_id, mid1, mid2, online_tests, assignments) VALUES ('23CIVIL244', 3, 17, 17, 10, 5);
INSERT INTO semester_results (student_roll_no, semester, sgpa, cgpa, total_credits, percentage) VALUES ('23CIVIL244',  '1-1', 8.5, 8.5,  11,  80.0);
INSERT INTO cgpa (student_roll_no, cgpa, total_credits, total_percentage) VALUES ('23CIVIL244', 8.5, 11, 80.0);
INSERT INTO attendance (student_roll_no, date, status, subject_id, semester) VALUES ('23CIVIL244', '2025-02-01', 'Present', 1, '1-1');
INSERT INTO attendance (student_roll_no, date, status, subject_id, semester) VALUES ('23CIVIL244', '2025-02-02', 'Present', 1, '1-1');
INSERT INTO attendance (student_roll_no, date, status, subject_id, semester) VALUES ('23CIVIL244', '2025-02-03', 'Present', 1, '1-1');
INSERT INTO attendance (student_roll_no, date, status, subject_id, semester) VALUES ('23CIVIL244', '2025-02-04', 'Present', 1, '1-1');
INSERT INTO attendance (student_roll_no, date, status, subject_id, semester) VALUES ('23CIVIL244', '2025-02-05', 'Present', 1, '1-1');
INSERT INTO attendance (student_roll_no, date, status, subject_id, semester) VALUES ('23CIVIL244', '2025-02-06', 'Present', 1, '1-1');
INSERT INTO attendance (student_roll_no, date, status, subject_id, semester) VALUES ('23CIVIL244', '2025-02-07', 'Present', 1, '1-1');
INSERT INTO attendance (student_roll_no, date, status, subject_id, semester) VALUES ('23CIVIL244', '2025-02-08', 'Present', 1, '1-1');
INSERT INTO attendance (student_roll_no, date, status, subject_id, semester) VALUES ('23CIVIL244', '2025-02-09', 'Present', 1, '1-1');
INSERT INTO attendance (student_roll_no, date, status, subject_id, semester) VALUES ('23CIVIL244', '2025-02-10', 'Absent', 1, '1-1');
INSERT INTO attendance (student_roll_no, date, status, subject_id, semester) VALUES ('23CIVIL244', '2025-02-11', 'Present', 1, '1-1');
INSERT INTO attendance (student_roll_no, date, status, subject_id, semester) VALUES ('23CIVIL244', '2025-02-12', 'Present', 1, '1-1');
INSERT INTO attendance (student_roll_no, date, status, subject_id, semester) VALUES ('23CIVIL244', '2025-02-13', 'Present', 1, '1-1');
INSERT INTO attendance (student_roll_no, date, status, subject_id, semester) VALUES ('23CIVIL244', '2025-02-14', 'Absent', 1, '1-1');
INSERT INTO attendance (student_roll_no, date, status, subject_id, semester) VALUES ('23CIVIL244', '2025-02-15', 'Present', 1, '1-1');
INSERT INTO attendance (student_roll_no, date, status, subject_id, semester) VALUES ('23CIVIL244', '2025-02-16', 'Present', 1, '1-1');
INSERT INTO attendance (student_roll_no, date, status, subject_id, semester) VALUES ('23CIVIL244', '2025-02-17', 'Present', 1, '1-1');
INSERT INTO attendance (student_roll_no, date, status, subject_id, semester) VALUES ('23CIVIL244', '2025-02-18', 'Present', 1, '1-1');
INSERT INTO attendance (student_roll_no, date, status, subject_id, semester) VALUES ('23CIVIL244', '2025-02-19', 'Present', 1, '1-1');
INSERT INTO fees (student_roll_no, academic_year, tuition_fees, convener_fees, due_date, paid_fees) VALUES ('23CIVIL244', '2024-25', 50000, 15000, '2025-05-15', 30000);
INSERT INTO students (roll_no, admission_no, name, branch, section, year, gender, dob, religion, phone, email, aadhar, address, father_name, mother_name, parents_occupation, parents_mobile, annual_income, joining_date, photo_url, is_hosteller, password_hash) VALUES ('24ECE245', 'ADM24ECE245', 'Raja Yadav', 'ECE', 'C', 1, 'Female', '2005-06-24', 'Christian', '9848810052', '24ece245@nsrit.edu.in', '7177-2941-3340', 'H.No 427, Street 10, Visakhapatnam, AP', 'Yadav Naveen', 'Rahul Gupta', 'Doctor', '9848810052', 820776, '2024-07-15', 'https://api.dicebear.com/7.x/avataaars/svg?seed=24ECE245', 1, 'scrypt:32768:8:1$ARD8iu2R30ZgOvjn$0c28fb2c347ac069a47026ad5d1f981cf505bbde11b1e3626b8a21147aa73e5d94d807b682b1299e2029c5c2f76884672524bbc1c3de85f345c28f406888dfe1');
INSERT INTO mentors (student_roll_no, teacher_id) VALUES ('24ECE245', 'TCH008');
INSERT INTO marks (student_roll_no, subject_id, grade, grade_point, credits) VALUES ('24ECE245', 1, 'B', 6, 4);
INSERT INTO internal_marks (student_roll_no, subject_id, mid1, mid2, online_tests, assignments) VALUES ('24ECE245', 1, 15, 21, 10, 5);
INSERT INTO marks (student_roll_no, subject_id, grade, grade_point, credits) VALUES ('24ECE245', 2, 'A', 8, 4);
INSERT INTO internal_marks (student_roll_no, subject_id, mid1, mid2, online_tests, assignments) VALUES ('24ECE245', 2, 19, 25, 10, 5);
INSERT INTO marks (student_roll_no, subject_id, grade, grade_point, credits) VALUES ('24ECE245', 3, 'B+', 7, 4);
INSERT INTO internal_marks (student_roll_no, subject_id, mid1, mid2, online_tests, assignments) VALUES ('24ECE245', 3, 15, 25, 10, 5);
INSERT INTO semester_results (student_roll_no, semester, sgpa, cgpa, total_credits, percentage) VALUES ('24ECE245',  '1-1', 8.5, 8.5,  11,  80.0);
INSERT INTO cgpa (student_roll_no, cgpa, total_credits, total_percentage) VALUES ('24ECE245', 8.5, 11, 80.0);
INSERT INTO attendance (student_roll_no, date, status, subject_id, semester) VALUES ('24ECE245', '2025-02-01', 'Absent', 1, '1-1');
INSERT INTO attendance (student_roll_no, date, status, subject_id, semester) VALUES ('24ECE245', '2025-02-02', 'Present', 1, '1-1');
INSERT INTO attendance (student_roll_no, date, status, subject_id, semester) VALUES ('24ECE245', '2025-02-03', 'Present', 1, '1-1');
INSERT INTO attendance (student_roll_no, date, status, subject_id, semester) VALUES ('24ECE245', '2025-02-04', 'Absent', 1, '1-1');
INSERT INTO attendance (student_roll_no, date, status, subject_id, semester) VALUES ('24ECE245', '2025-02-05', 'Present', 1, '1-1');
INSERT INTO attendance (student_roll_no, date, status, subject_id, semester) VALUES ('24ECE245', '2025-02-06', 'Present', 1, '1-1');
INSERT INTO attendance (student_roll_no, date, status, subject_id, semester) VALUES ('24ECE245', '2025-02-07', 'Present', 1, '1-1');
INSERT INTO attendance (student_roll_no, date, status, subject_id, semester) VALUES ('24ECE245', '2025-02-08', 'Present', 1, '1-1');
INSERT INTO attendance (student_roll_no, date, status, subject_id, semester) VALUES ('24ECE245', '2025-02-09', 'Present', 1, '1-1');
INSERT INTO attendance (student_roll_no, date, status, subject_id, semester) VALUES ('24ECE245', '2025-02-10', 'Absent', 1, '1-1');
INSERT INTO attendance (student_roll_no, date, status, subject_id, semester) VALUES ('24ECE245', '2025-02-11', 'Present', 1, '1-1');
INSERT INTO attendance (student_roll_no, date, status, subject_id, semester) VALUES ('24ECE245', '2025-02-12', 'Present', 1, '1-1');
INSERT INTO attendance (student_roll_no, date, status, subject_id, semester) VALUES ('24ECE245', '2025-02-13', 'Present', 1, '1-1');
INSERT INTO attendance (student_roll_no, date, status, subject_id, semester) VALUES ('24ECE245', '2025-02-14', 'Present', 1, '1-1');
INSERT INTO attendance (student_roll_no, date, status, subject_id, semester) VALUES ('24ECE245', '2025-02-15', 'Present', 1, '1-1');
INSERT INTO attendance (student_roll_no, date, status, subject_id, semester) VALUES ('24ECE245', '2025-02-16', 'Present', 1, '1-1');
INSERT INTO attendance (student_roll_no, date, status, subject_id, semester) VALUES ('24ECE245', '2025-02-17', 'Present', 1, '1-1');
INSERT INTO attendance (student_roll_no, date, status, subject_id, semester) VALUES ('24ECE245', '2025-02-18', 'Present', 1, '1-1');
INSERT INTO attendance (student_roll_no, date, status, subject_id, semester) VALUES ('24ECE245', '2025-02-19', 'Present', 1, '1-1');
INSERT INTO fees (student_roll_no, academic_year, tuition_fees, convener_fees, due_date, paid_fees) VALUES ('24ECE245', '2024-25', 50000, 15000, '2025-05-15', 30000);
INSERT INTO outing_records (roll_number, date, reason) VALUES ('24ECE245', '2025-03-01', 'Weekend home');
INSERT INTO students (roll_no, admission_no, name, branch, section, year, gender, dob, religion, phone, email, aadhar, address, father_name, mother_name, parents_occupation, parents_mobile, annual_income, joining_date, photo_url, is_hosteller, password_hash) VALUES ('24MECH246', 'ADM24MECH246', 'Sowmya Yadav', 'MECH', 'B', 1, 'Male', '2005-06-05', 'Christian', '9848706750', '24mech246@nsrit.edu.in', '2876-3530-8887', 'H.No 383, Street 5, Visakhapatnam, AP', 'Sharma Arjun', 'Suresh Gupta', 'Doctor', '9848706750', 974148, '2024-07-15', 'https://api.dicebear.com/7.x/avataaars/svg?seed=24MECH246', 0, 'scrypt:32768:8:1$ARD8iu2R30ZgOvjn$0c28fb2c347ac069a47026ad5d1f981cf505bbde11b1e3626b8a21147aa73e5d94d807b682b1299e2029c5c2f76884672524bbc1c3de85f345c28f406888dfe1');
INSERT INTO mentors (student_roll_no, teacher_id) VALUES ('24MECH246', 'TCH009');
INSERT INTO marks (student_roll_no, subject_id, grade, grade_point, credits) VALUES ('24MECH246', 1, 'B', 6, 4);
INSERT INTO internal_marks (student_roll_no, subject_id, mid1, mid2, online_tests, assignments) VALUES ('24MECH246', 1, 21, 24, 10, 5);
INSERT INTO marks (student_roll_no, subject_id, grade, grade_point, credits) VALUES ('24MECH246', 2, 'C', 5, 4);
INSERT INTO internal_marks (student_roll_no, subject_id, mid1, mid2, online_tests, assignments) VALUES ('24MECH246', 2, 24, 23, 10, 5);
INSERT INTO marks (student_roll_no, subject_id, grade, grade_point, credits) VALUES ('24MECH246', 3, 'A+', 9, 4);
INSERT INTO internal_marks (student_roll_no, subject_id, mid1, mid2, online_tests, assignments) VALUES ('24MECH246', 3, 20, 22, 10, 5);
INSERT INTO semester_results (student_roll_no, semester, sgpa, cgpa, total_credits, percentage) VALUES ('24MECH246',  '1-1', 8.5, 8.5,  11,  80.0);
INSERT INTO cgpa (student_roll_no, cgpa, total_credits, total_percentage) VALUES ('24MECH246', 8.5, 11, 80.0);
INSERT INTO attendance (student_roll_no, date, status, subject_id, semester) VALUES ('24MECH246', '2025-02-01', 'Present', 1, '1-1');
INSERT INTO attendance (student_roll_no, date, status, subject_id, semester) VALUES ('24MECH246', '2025-02-02', 'Present', 1, '1-1');
INSERT INTO attendance (student_roll_no, date, status, subject_id, semester) VALUES ('24MECH246', '2025-02-03', 'Present', 1, '1-1');
INSERT INTO attendance (student_roll_no, date, status, subject_id, semester) VALUES ('24MECH246', '2025-02-04', 'Present', 1, '1-1');
INSERT INTO attendance (student_roll_no, date, status, subject_id, semester) VALUES ('24MECH246', '2025-02-05', 'Present', 1, '1-1');
INSERT INTO attendance (student_roll_no, date, status, subject_id, semester) VALUES ('24MECH246', '2025-02-06', 'Absent', 1, '1-1');
INSERT INTO attendance (student_roll_no, date, status, subject_id, semester) VALUES ('24MECH246', '2025-02-07', 'Present', 1, '1-1');
INSERT INTO attendance (student_roll_no, date, status, subject_id, semester) VALUES ('24MECH246', '2025-02-08', 'Present', 1, '1-1');
INSERT INTO attendance (student_roll_no, date, status, subject_id, semester) VALUES ('24MECH246', '2025-02-09', 'Present', 1, '1-1');
INSERT INTO attendance (student_roll_no, date, status, subject_id, semester) VALUES ('24MECH246', '2025-02-10', 'Present', 1, '1-1');
INSERT INTO attendance (student_roll_no, date, status, subject_id, semester) VALUES ('24MECH246', '2025-02-11', 'Present', 1, '1-1');
INSERT INTO attendance (student_roll_no, date, status, subject_id, semester) VALUES ('24MECH246', '2025-02-12', 'Present', 1, '1-1');
INSERT INTO attendance (student_roll_no, date, status, subject_id, semester) VALUES ('24MECH246', '2025-02-13', 'Present', 1, '1-1');
INSERT INTO attendance (student_roll_no, date, status, subject_id, semester) VALUES ('24MECH246', '2025-02-14', 'Present', 1, '1-1');
INSERT INTO attendance (student_roll_no, date, status, subject_id, semester) VALUES ('24MECH246', '2025-02-15', 'Present', 1, '1-1');
INSERT INTO attendance (student_roll_no, date, status, subject_id, semester) VALUES ('24MECH246', '2025-02-16', 'Present', 1, '1-1');
INSERT INTO attendance (student_roll_no, date, status, subject_id, semester) VALUES ('24MECH246', '2025-02-17', 'Absent', 1, '1-1');
INSERT INTO attendance (student_roll_no, date, status, subject_id, semester) VALUES ('24MECH246', '2025-02-18', 'Present', 1, '1-1');
INSERT INTO attendance (student_roll_no, date, status, subject_id, semester) VALUES ('24MECH246', '2025-02-19', 'Present', 1, '1-1');
INSERT INTO fees (student_roll_no, academic_year, tuition_fees, convener_fees, due_date, paid_fees) VALUES ('24MECH246', '2024-25', 50000, 15000, '2025-05-15', 30000);
INSERT INTO students (roll_no, admission_no, name, branch, section, year, gender, dob, religion, phone, email, aadhar, address, father_name, mother_name, parents_occupation, parents_mobile, annual_income, joining_date, photo_url, is_hosteller, password_hash) VALUES ('24CSE247', 'ADM24CSE247', 'Arjun Rao', 'CSE', 'C', 1, 'Male', '2005-02-11', 'Hindu', '9848358679', '24cse247@nsrit.edu.in', '6813-3665-8887', 'H.No 341, Street 3, Visakhapatnam, AP', 'Singh Anil', 'Priya Mishra', 'Doctor', '9848358679', 948298, '2024-07-15', 'https://api.dicebear.com/7.x/avataaars/svg?seed=24CSE247', 0, 'scrypt:32768:8:1$ARD8iu2R30ZgOvjn$0c28fb2c347ac069a47026ad5d1f981cf505bbde11b1e3626b8a21147aa73e5d94d807b682b1299e2029c5c2f76884672524bbc1c3de85f345c28f406888dfe1');
INSERT INTO mentors (student_roll_no, teacher_id) VALUES ('24CSE247', 'TCH011');
INSERT INTO marks (student_roll_no, subject_id, grade, grade_point, credits) VALUES ('24CSE247', 1, 'O', 10, 4);
INSERT INTO internal_marks (student_roll_no, subject_id, mid1, mid2, online_tests, assignments) VALUES ('24CSE247', 1, 18, 18, 10, 5);
INSERT INTO marks (student_roll_no, subject_id, grade, grade_point, credits) VALUES ('24CSE247', 2, 'O', 10, 4);
INSERT INTO internal_marks (student_roll_no, subject_id, mid1, mid2, online_tests, assignments) VALUES ('24CSE247', 2, 25, 22, 10, 5);
INSERT INTO marks (student_roll_no, subject_id, grade, grade_point, credits) VALUES ('24CSE247', 3, 'C', 5, 4);
INSERT INTO internal_marks (student_roll_no, subject_id, mid1, mid2, online_tests, assignments) VALUES ('24CSE247', 3, 17, 23, 10, 5);
INSERT INTO semester_results (student_roll_no, semester, sgpa, cgpa, total_credits, percentage) VALUES ('24CSE247',  '1-1', 8.5, 8.5,  11,  80.0);
INSERT INTO cgpa (student_roll_no, cgpa, total_credits, total_percentage) VALUES ('24CSE247', 8.5, 11, 80.0);
INSERT INTO attendance (student_roll_no, date, status, subject_id, semester) VALUES ('24CSE247', '2025-02-01', 'Present', 1, '1-1');
INSERT INTO attendance (student_roll_no, date, status, subject_id, semester) VALUES ('24CSE247', '2025-02-02', 'Absent', 1, '1-1');
INSERT INTO attendance (student_roll_no, date, status, subject_id, semester) VALUES ('24CSE247', '2025-02-03', 'Present', 1, '1-1');
INSERT INTO attendance (student_roll_no, date, status, subject_id, semester) VALUES ('24CSE247', '2025-02-04', 'Present', 1, '1-1');
INSERT INTO attendance (student_roll_no, date, status, subject_id, semester) VALUES ('24CSE247', '2025-02-05', 'Present', 1, '1-1');
INSERT INTO attendance (student_roll_no, date, status, subject_id, semester) VALUES ('24CSE247', '2025-02-06', 'Present', 1, '1-1');
INSERT INTO attendance (student_roll_no, date, status, subject_id, semester) VALUES ('24CSE247', '2025-02-07', 'Present', 1, '1-1');
INSERT INTO attendance (student_roll_no, date, status, subject_id, semester) VALUES ('24CSE247', '2025-02-08', 'Present', 1, '1-1');
INSERT INTO attendance (student_roll_no, date, status, subject_id, semester) VALUES ('24CSE247', '2025-02-09', 'Present', 1, '1-1');
INSERT INTO attendance (student_roll_no, date, status, subject_id, semester) VALUES ('24CSE247', '2025-02-10', 'Present', 1, '1-1');
INSERT INTO attendance (student_roll_no, date, status, subject_id, semester) VALUES ('24CSE247', '2025-02-11', 'Present', 1, '1-1');
INSERT INTO attendance (student_roll_no, date, status, subject_id, semester) VALUES ('24CSE247', '2025-02-12', 'Present', 1, '1-1');
INSERT INTO attendance (student_roll_no, date, status, subject_id, semester) VALUES ('24CSE247', '2025-02-13', 'Present', 1, '1-1');
INSERT INTO attendance (student_roll_no, date, status, subject_id, semester) VALUES ('24CSE247', '2025-02-14', 'Present', 1, '1-1');
INSERT INTO attendance (student_roll_no, date, status, subject_id, semester) VALUES ('24CSE247', '2025-02-15', 'Present', 1, '1-1');
INSERT INTO attendance (student_roll_no, date, status, subject_id, semester) VALUES ('24CSE247', '2025-02-16', 'Present', 1, '1-1');
INSERT INTO attendance (student_roll_no, date, status, subject_id, semester) VALUES ('24CSE247', '2025-02-17', 'Present', 1, '1-1');
INSERT INTO attendance (student_roll_no, date, status, subject_id, semester) VALUES ('24CSE247', '2025-02-18', 'Present', 1, '1-1');
INSERT INTO attendance (student_roll_no, date, status, subject_id, semester) VALUES ('24CSE247', '2025-02-19', 'Present', 1, '1-1');
INSERT INTO fees (student_roll_no, academic_year, tuition_fees, convener_fees, due_date, paid_fees) VALUES ('24CSE247', '2024-25', 50000, 15000, '2025-05-15', 30000);
INSERT INTO students (roll_no, admission_no, name, branch, section, year, gender, dob, religion, phone, email, aadhar, address, father_name, mother_name, parents_occupation, parents_mobile, annual_income, joining_date, photo_url, is_hosteller, password_hash) VALUES ('23MECH248', 'ADM23MECH248', 'Kiran Varma', 'MECH', 'B', 2, 'Female', '2005-09-14', 'Sikh', '9848747666', '23mech248@nsrit.edu.in', '4873-1737-5733', 'H.No 454, Street 5, Visakhapatnam, AP', 'Mishra Neha', 'Rakesh Yadav', 'Business', '9848747666', 997824, '2023-07-15', 'https://api.dicebear.com/7.x/avataaars/svg?seed=23MECH248', 0, 'scrypt:32768:8:1$ARD8iu2R30ZgOvjn$0c28fb2c347ac069a47026ad5d1f981cf505bbde11b1e3626b8a21147aa73e5d94d807b682b1299e2029c5c2f76884672524bbc1c3de85f345c28f406888dfe1');
INSERT INTO mentors (student_roll_no, teacher_id) VALUES ('23MECH248', 'TCH003');
INSERT INTO marks (student_roll_no, subject_id, grade, grade_point, credits) VALUES ('23MECH248', 1, 'A', 8, 4);
INSERT INTO internal_marks (student_roll_no, subject_id, mid1, mid2, online_tests, assignments) VALUES ('23MECH248', 1, 20, 19, 10, 5);
INSERT INTO marks (student_roll_no, subject_id, grade, grade_point, credits) VALUES ('23MECH248', 2, 'B', 6, 4);
INSERT INTO internal_marks (student_roll_no, subject_id, mid1, mid2, online_tests, assignments) VALUES ('23MECH248', 2, 20, 18, 10, 5);
INSERT INTO marks (student_roll_no, subject_id, grade, grade_point, credits) VALUES ('23MECH248', 3, 'C', 5, 4);
INSERT INTO internal_marks (student_roll_no, subject_id, mid1, mid2, online_tests, assignments) VALUES ('23MECH248', 3, 21, 16, 10, 5);
INSERT INTO semester_results (student_roll_no, semester, sgpa, cgpa, total_credits, percentage) VALUES ('23MECH248',  '1-1', 8.5, 8.5,  11,  80.0);
INSERT INTO cgpa (student_roll_no, cgpa, total_credits, total_percentage) VALUES ('23MECH248', 8.5, 11, 80.0);
INSERT INTO attendance (student_roll_no, date, status, subject_id, semester) VALUES ('23MECH248', '2025-02-01', 'Present', 1, '1-1');
INSERT INTO attendance (student_roll_no, date, status, subject_id, semester) VALUES ('23MECH248', '2025-02-02', 'Present', 1, '1-1');
INSERT INTO attendance (student_roll_no, date, status, subject_id, semester) VALUES ('23MECH248', '2025-02-03', 'Present', 1, '1-1');
INSERT INTO attendance (student_roll_no, date, status, subject_id, semester) VALUES ('23MECH248', '2025-02-04', 'Present', 1, '1-1');
INSERT INTO attendance (student_roll_no, date, status, subject_id, semester) VALUES ('23MECH248', '2025-02-05', 'Present', 1, '1-1');
INSERT INTO attendance (student_roll_no, date, status, subject_id, semester) VALUES ('23MECH248', '2025-02-06', 'Present', 1, '1-1');
INSERT INTO attendance (student_roll_no, date, status, subject_id, semester) VALUES ('23MECH248', '2025-02-07', 'Present', 1, '1-1');
INSERT INTO attendance (student_roll_no, date, status, subject_id, semester) VALUES ('23MECH248', '2025-02-08', 'Present', 1, '1-1');
INSERT INTO attendance (student_roll_no, date, status, subject_id, semester) VALUES ('23MECH248', '2025-02-09', 'Present', 1, '1-1');
INSERT INTO attendance (student_roll_no, date, status, subject_id, semester) VALUES ('23MECH248', '2025-02-10', 'Present', 1, '1-1');
INSERT INTO attendance (student_roll_no, date, status, subject_id, semester) VALUES ('23MECH248', '2025-02-11', 'Present', 1, '1-1');
INSERT INTO attendance (student_roll_no, date, status, subject_id, semester) VALUES ('23MECH248', '2025-02-12', 'Present', 1, '1-1');
INSERT INTO attendance (student_roll_no, date, status, subject_id, semester) VALUES ('23MECH248', '2025-02-13', 'Present', 1, '1-1');
INSERT INTO attendance (student_roll_no, date, status, subject_id, semester) VALUES ('23MECH248', '2025-02-14', 'Present', 1, '1-1');
INSERT INTO attendance (student_roll_no, date, status, subject_id, semester) VALUES ('23MECH248', '2025-02-15', 'Present', 1, '1-1');
INSERT INTO attendance (student_roll_no, date, status, subject_id, semester) VALUES ('23MECH248', '2025-02-16', 'Present', 1, '1-1');
INSERT INTO attendance (student_roll_no, date, status, subject_id, semester) VALUES ('23MECH248', '2025-02-17', 'Present', 1, '1-1');
INSERT INTO attendance (student_roll_no, date, status, subject_id, semester) VALUES ('23MECH248', '2025-02-18', 'Present', 1, '1-1');
INSERT INTO attendance (student_roll_no, date, status, subject_id, semester) VALUES ('23MECH248', '2025-02-19', 'Present', 1, '1-1');
INSERT INTO fees (student_roll_no, academic_year, tuition_fees, convener_fees, due_date, paid_fees) VALUES ('23MECH248', '2024-25', 50000, 15000, '2025-05-15', 30000);
INSERT INTO students (roll_no, admission_no, name, branch, section, year, gender, dob, religion, phone, email, aadhar, address, father_name, mother_name, parents_occupation, parents_mobile, annual_income, joining_date, photo_url, is_hosteller, password_hash) VALUES ('22ECE249', 'ADM22ECE249', 'Raja Goud', 'ECE', 'A', 3, 'Male', '2005-07-28', 'Muslim', '9848425292', '22ece249@nsrit.edu.in', '3650-6405-1970', 'H.No 74, Street 3, Visakhapatnam, AP', 'Varma Lakshmi', 'Sowmya Yadav', 'Business', '9848425292', 711297, '2023-07-15', 'https://api.dicebear.com/7.x/avataaars/svg?seed=22ECE249', 0, 'scrypt:32768:8:1$ARD8iu2R30ZgOvjn$0c28fb2c347ac069a47026ad5d1f981cf505bbde11b1e3626b8a21147aa73e5d94d807b682b1299e2029c5c2f76884672524bbc1c3de85f345c28f406888dfe1');
INSERT INTO mentors (student_roll_no, teacher_id) VALUES ('22ECE249', 'TCH002');
INSERT INTO marks (student_roll_no, subject_id, grade, grade_point, credits) VALUES ('22ECE249', 1, 'B', 6, 4);
INSERT INTO internal_marks (student_roll_no, subject_id, mid1, mid2, online_tests, assignments) VALUES ('22ECE249', 1, 15, 24, 10, 5);
INSERT INTO marks (student_roll_no, subject_id, grade, grade_point, credits) VALUES ('22ECE249', 2, 'O', 10, 4);
INSERT INTO internal_marks (student_roll_no, subject_id, mid1, mid2, online_tests, assignments) VALUES ('22ECE249', 2, 16, 16, 10, 5);
INSERT INTO marks (student_roll_no, subject_id, grade, grade_point, credits) VALUES ('22ECE249', 3, 'A+', 9, 4);
INSERT INTO internal_marks (student_roll_no, subject_id, mid1, mid2, online_tests, assignments) VALUES ('22ECE249', 3, 22, 15, 10, 5);
INSERT INTO semester_results (student_roll_no, semester, sgpa, cgpa, total_credits, percentage) VALUES ('22ECE249',  '1-1', 8.5, 8.5,  11,  80.0);
INSERT INTO cgpa (student_roll_no, cgpa, total_credits, total_percentage) VALUES ('22ECE249', 8.5, 11, 80.0);
INSERT INTO attendance (student_roll_no, date, status, subject_id, semester) VALUES ('22ECE249', '2025-02-01', 'Present', 1, '1-1');
INSERT INTO attendance (student_roll_no, date, status, subject_id, semester) VALUES ('22ECE249', '2025-02-02', 'Present', 1, '1-1');
INSERT INTO attendance (student_roll_no, date, status, subject_id, semester) VALUES ('22ECE249', '2025-02-03', 'Present', 1, '1-1');
INSERT INTO attendance (student_roll_no, date, status, subject_id, semester) VALUES ('22ECE249', '2025-02-04', 'Present', 1, '1-1');
INSERT INTO attendance (student_roll_no, date, status, subject_id, semester) VALUES ('22ECE249', '2025-02-05', 'Present', 1, '1-1');
INSERT INTO attendance (student_roll_no, date, status, subject_id, semester) VALUES ('22ECE249', '2025-02-06', 'Absent', 1, '1-1');
INSERT INTO attendance (student_roll_no, date, status, subject_id, semester) VALUES ('22ECE249', '2025-02-07', 'Present', 1, '1-1');
INSERT INTO attendance (student_roll_no, date, status, subject_id, semester) VALUES ('22ECE249', '2025-02-08', 'Present', 1, '1-1');
INSERT INTO attendance (student_roll_no, date, status, subject_id, semester) VALUES ('22ECE249', '2025-02-09', 'Absent', 1, '1-1');
INSERT INTO attendance (student_roll_no, date, status, subject_id, semester) VALUES ('22ECE249', '2025-02-10', 'Present', 1, '1-1');
INSERT INTO attendance (student_roll_no, date, status, subject_id, semester) VALUES ('22ECE249', '2025-02-11', 'Present', 1, '1-1');
INSERT INTO attendance (student_roll_no, date, status, subject_id, semester) VALUES ('22ECE249', '2025-02-12', 'Absent', 1, '1-1');
INSERT INTO attendance (student_roll_no, date, status, subject_id, semester) VALUES ('22ECE249', '2025-02-13', 'Present', 1, '1-1');
INSERT INTO attendance (student_roll_no, date, status, subject_id, semester) VALUES ('22ECE249', '2025-02-14', 'Absent', 1, '1-1');
INSERT INTO attendance (student_roll_no, date, status, subject_id, semester) VALUES ('22ECE249', '2025-02-15', 'Present', 1, '1-1');
INSERT INTO attendance (student_roll_no, date, status, subject_id, semester) VALUES ('22ECE249', '2025-02-16', 'Absent', 1, '1-1');
INSERT INTO attendance (student_roll_no, date, status, subject_id, semester) VALUES ('22ECE249', '2025-02-17', 'Present', 1, '1-1');
INSERT INTO attendance (student_roll_no, date, status, subject_id, semester) VALUES ('22ECE249', '2025-02-18', 'Present', 1, '1-1');
INSERT INTO attendance (student_roll_no, date, status, subject_id, semester) VALUES ('22ECE249', '2025-02-19', 'Present', 1, '1-1');
INSERT INTO fees (student_roll_no, academic_year, tuition_fees, convener_fees, due_date, paid_fees) VALUES ('22ECE249', '2024-25', 50000, 15000, '2025-05-15', 30000);
INSERT INTO students (roll_no, admission_no, name, branch, section, year, gender, dob, religion, phone, email, aadhar, address, father_name, mother_name, parents_occupation, parents_mobile, annual_income, joining_date, photo_url, is_hosteller, password_hash) VALUES ('23EEE250', 'ADM23EEE250', 'Raja Kumar', 'EEE', 'C', 2, 'Female', '2005-02-14', 'Sikh', '9848937497', '23eee250@nsrit.edu.in', '2700-4442-1497', 'H.No 151, Street 5, Visakhapatnam, AP', 'Das Divya', 'Naveen Kumar', 'Farmer', '9848937497', 952459, '2023-07-15', 'https://api.dicebear.com/7.x/avataaars/svg?seed=23EEE250', 1, 'scrypt:32768:8:1$ARD8iu2R30ZgOvjn$0c28fb2c347ac069a47026ad5d1f981cf505bbde11b1e3626b8a21147aa73e5d94d807b682b1299e2029c5c2f76884672524bbc1c3de85f345c28f406888dfe1');
INSERT INTO mentors (student_roll_no, teacher_id) VALUES ('23EEE250', 'TCH009');
INSERT INTO marks (student_roll_no, subject_id, grade, grade_point, credits) VALUES ('23EEE250', 1, 'C', 5, 4);
INSERT INTO internal_marks (student_roll_no, subject_id, mid1, mid2, online_tests, assignments) VALUES ('23EEE250', 1, 15, 20, 10, 5);
INSERT INTO marks (student_roll_no, subject_id, grade, grade_point, credits) VALUES ('23EEE250', 2, 'B', 6, 4);
INSERT INTO internal_marks (student_roll_no, subject_id, mid1, mid2, online_tests, assignments) VALUES ('23EEE250', 2, 25, 16, 10, 5);
INSERT INTO marks (student_roll_no, subject_id, grade, grade_point, credits) VALUES ('23EEE250', 3, 'A+', 9, 4);
INSERT INTO internal_marks (student_roll_no, subject_id, mid1, mid2, online_tests, assignments) VALUES ('23EEE250', 3, 21, 17, 10, 5);
INSERT INTO semester_results (student_roll_no, semester, sgpa, cgpa, total_credits, percentage) VALUES ('23EEE250',  '1-1', 8.5, 8.5,  11,  80.0);
INSERT INTO cgpa (student_roll_no, cgpa, total_credits, total_percentage) VALUES ('23EEE250', 8.5, 11, 80.0);
INSERT INTO attendance (student_roll_no, date, status, subject_id, semester) VALUES ('23EEE250', '2025-02-01', 'Present', 1, '1-1');
INSERT INTO attendance (student_roll_no, date, status, subject_id, semester) VALUES ('23EEE250', '2025-02-02', 'Present', 1, '1-1');
INSERT INTO attendance (student_roll_no, date, status, subject_id, semester) VALUES ('23EEE250', '2025-02-03', 'Present', 1, '1-1');
INSERT INTO attendance (student_roll_no, date, status, subject_id, semester) VALUES ('23EEE250', '2025-02-04', 'Absent', 1, '1-1');
INSERT INTO attendance (student_roll_no, date, status, subject_id, semester) VALUES ('23EEE250', '2025-02-05', 'Present', 1, '1-1');
INSERT INTO attendance (student_roll_no, date, status, subject_id, semester) VALUES ('23EEE250', '2025-02-06', 'Present', 1, '1-1');
INSERT INTO attendance (student_roll_no, date, status, subject_id, semester) VALUES ('23EEE250', '2025-02-07', 'Present', 1, '1-1');
INSERT INTO attendance (student_roll_no, date, status, subject_id, semester) VALUES ('23EEE250', '2025-02-08', 'Present', 1, '1-1');
INSERT INTO attendance (student_roll_no, date, status, subject_id, semester) VALUES ('23EEE250', '2025-02-09', 'Present', 1, '1-1');
INSERT INTO attendance (student_roll_no, date, status, subject_id, semester) VALUES ('23EEE250', '2025-02-10', 'Present', 1, '1-1');
INSERT INTO attendance (student_roll_no, date, status, subject_id, semester) VALUES ('23EEE250', '2025-02-11', 'Present', 1, '1-1');
INSERT INTO attendance (student_roll_no, date, status, subject_id, semester) VALUES ('23EEE250', '2025-02-12', 'Present', 1, '1-1');
INSERT INTO attendance (student_roll_no, date, status, subject_id, semester) VALUES ('23EEE250', '2025-02-13', 'Absent', 1, '1-1');
INSERT INTO attendance (student_roll_no, date, status, subject_id, semester) VALUES ('23EEE250', '2025-02-14', 'Present', 1, '1-1');
INSERT INTO attendance (student_roll_no, date, status, subject_id, semester) VALUES ('23EEE250', '2025-02-15', 'Present', 1, '1-1');
INSERT INTO attendance (student_roll_no, date, status, subject_id, semester) VALUES ('23EEE250', '2025-02-16', 'Present', 1, '1-1');
INSERT INTO attendance (student_roll_no, date, status, subject_id, semester) VALUES ('23EEE250', '2025-02-17', 'Present', 1, '1-1');
INSERT INTO attendance (student_roll_no, date, status, subject_id, semester) VALUES ('23EEE250', '2025-02-18', 'Present', 1, '1-1');
INSERT INTO attendance (student_roll_no, date, status, subject_id, semester) VALUES ('23EEE250', '2025-02-19', 'Present', 1, '1-1');
INSERT INTO fees (student_roll_no, academic_year, tuition_fees, convener_fees, due_date, paid_fees) VALUES ('23EEE250', '2024-25', 50000, 15000, '2025-05-15', 30000);
INSERT INTO outing_records (roll_number, date, reason) VALUES ('23EEE250', '2025-03-01', 'Weekend home');
INSERT INTO students (roll_no, admission_no, name, branch, section, year, gender, dob, religion, phone, email, aadhar, address, father_name, mother_name, parents_occupation, parents_mobile, annual_income, joining_date, photo_url, is_hosteller, password_hash) VALUES ('22MECH251', 'ADM22MECH251', 'Divya Gupta', 'MECH', 'B', 3, 'Male', '2005-07-19', 'Muslim', '9848317546', '22mech251@nsrit.edu.in', '2291-7368-5595', 'H.No 383, Street 8, Visakhapatnam, AP', 'Reddy Suresh', 'Priya Yadav', 'Business', '9848317546', 373971, '2023-07-15', 'https://api.dicebear.com/7.x/avataaars/svg?seed=22MECH251', 0, 'scrypt:32768:8:1$ARD8iu2R30ZgOvjn$0c28fb2c347ac069a47026ad5d1f981cf505bbde11b1e3626b8a21147aa73e5d94d807b682b1299e2029c5c2f76884672524bbc1c3de85f345c28f406888dfe1');
INSERT INTO mentors (student_roll_no, teacher_id) VALUES ('22MECH251', 'TCH013');
INSERT INTO marks (student_roll_no, subject_id, grade, grade_point, credits) VALUES ('22MECH251', 1, 'C', 5, 4);
INSERT INTO internal_marks (student_roll_no, subject_id, mid1, mid2, online_tests, assignments) VALUES ('22MECH251', 1, 25, 22, 10, 5);
INSERT INTO marks (student_roll_no, subject_id, grade, grade_point, credits) VALUES ('22MECH251', 2, 'B+', 7, 4);
INSERT INTO internal_marks (student_roll_no, subject_id, mid1, mid2, online_tests, assignments) VALUES ('22MECH251', 2, 17, 25, 10, 5);
INSERT INTO marks (student_roll_no, subject_id, grade, grade_point, credits) VALUES ('22MECH251', 3, 'O', 10, 4);
INSERT INTO internal_marks (student_roll_no, subject_id, mid1, mid2, online_tests, assignments) VALUES ('22MECH251', 3, 23, 18, 10, 5);
INSERT INTO semester_results (student_roll_no, semester, sgpa, cgpa, total_credits, percentage) VALUES ('22MECH251',  '1-1', 8.5, 8.5,  11,  80.0);
INSERT INTO cgpa (student_roll_no, cgpa, total_credits, total_percentage) VALUES ('22MECH251', 8.5, 11, 80.0);
INSERT INTO attendance (student_roll_no, date, status, subject_id, semester) VALUES ('22MECH251', '2025-02-01', 'Present', 1, '1-1');
INSERT INTO attendance (student_roll_no, date, status, subject_id, semester) VALUES ('22MECH251', '2025-02-02', 'Present', 1, '1-1');
INSERT INTO attendance (student_roll_no, date, status, subject_id, semester) VALUES ('22MECH251', '2025-02-03', 'Present', 1, '1-1');
INSERT INTO attendance (student_roll_no, date, status, subject_id, semester) VALUES ('22MECH251', '2025-02-04', 'Present', 1, '1-1');
INSERT INTO attendance (student_roll_no, date, status, subject_id, semester) VALUES ('22MECH251', '2025-02-05', 'Present', 1, '1-1');
INSERT INTO attendance (student_roll_no, date, status, subject_id, semester) VALUES ('22MECH251', '2025-02-06', 'Present', 1, '1-1');
INSERT INTO attendance (student_roll_no, date, status, subject_id, semester) VALUES ('22MECH251', '2025-02-07', 'Present', 1, '1-1');
INSERT INTO attendance (student_roll_no, date, status, subject_id, semester) VALUES ('22MECH251', '2025-02-08', 'Present', 1, '1-1');
INSERT INTO attendance (student_roll_no, date, status, subject_id, semester) VALUES ('22MECH251', '2025-02-09', 'Present', 1, '1-1');
INSERT INTO attendance (student_roll_no, date, status, subject_id, semester) VALUES ('22MECH251', '2025-02-10', 'Present', 1, '1-1');
INSERT INTO attendance (student_roll_no, date, status, subject_id, semester) VALUES ('22MECH251', '2025-02-11', 'Present', 1, '1-1');
INSERT INTO attendance (student_roll_no, date, status, subject_id, semester) VALUES ('22MECH251', '2025-02-12', 'Present', 1, '1-1');
INSERT INTO attendance (student_roll_no, date, status, subject_id, semester) VALUES ('22MECH251', '2025-02-13', 'Present', 1, '1-1');
INSERT INTO attendance (student_roll_no, date, status, subject_id, semester) VALUES ('22MECH251', '2025-02-14', 'Present', 1, '1-1');
INSERT INTO attendance (student_roll_no, date, status, subject_id, semester) VALUES ('22MECH251', '2025-02-15', 'Present', 1, '1-1');
INSERT INTO attendance (student_roll_no, date, status, subject_id, semester) VALUES ('22MECH251', '2025-02-16', 'Present', 1, '1-1');
INSERT INTO attendance (student_roll_no, date, status, subject_id, semester) VALUES ('22MECH251', '2025-02-17', 'Present', 1, '1-1');
INSERT INTO attendance (student_roll_no, date, status, subject_id, semester) VALUES ('22MECH251', '2025-02-18', 'Present', 1, '1-1');
INSERT INTO attendance (student_roll_no, date, status, subject_id, semester) VALUES ('22MECH251', '2025-02-19', 'Present', 1, '1-1');
INSERT INTO fees (student_roll_no, academic_year, tuition_fees, convener_fees, due_date, paid_fees) VALUES ('22MECH251', '2024-25', 50000, 15000, '2025-05-15', 30000);
INSERT INTO students (roll_no, admission_no, name, branch, section, year, gender, dob, religion, phone, email, aadhar, address, father_name, mother_name, parents_occupation, parents_mobile, annual_income, joining_date, photo_url, is_hosteller, password_hash) VALUES ('22CIVIL252', 'ADM22CIVIL252', 'Sanjana Reddy', 'CIVIL', 'A', 3, 'Female', '2005-07-19', 'Hindu', '9848620708', '22civil252@nsrit.edu.in', '2786-9850-5740', 'H.No 51, Street 18, Visakhapatnam, AP', 'Yadav Arjun', 'Ravi Chowdary', 'Engineer', '9848620708', 839848, '2023-07-15', 'https://api.dicebear.com/7.x/avataaars/svg?seed=22CIVIL252', 0, 'scrypt:32768:8:1$ARD8iu2R30ZgOvjn$0c28fb2c347ac069a47026ad5d1f981cf505bbde11b1e3626b8a21147aa73e5d94d807b682b1299e2029c5c2f76884672524bbc1c3de85f345c28f406888dfe1');
INSERT INTO mentors (student_roll_no, teacher_id) VALUES ('22CIVIL252', 'TCH012');
INSERT INTO marks (student_roll_no, subject_id, grade, grade_point, credits) VALUES ('22CIVIL252', 1, 'A+', 9, 4);
INSERT INTO internal_marks (student_roll_no, subject_id, mid1, mid2, online_tests, assignments) VALUES ('22CIVIL252', 1, 17, 25, 10, 5);
INSERT INTO marks (student_roll_no, subject_id, grade, grade_point, credits) VALUES ('22CIVIL252', 2, 'C', 5, 4);
INSERT INTO internal_marks (student_roll_no, subject_id, mid1, mid2, online_tests, assignments) VALUES ('22CIVIL252', 2, 16, 17, 10, 5);
INSERT INTO marks (student_roll_no, subject_id, grade, grade_point, credits) VALUES ('22CIVIL252', 3, 'B+', 7, 4);
INSERT INTO internal_marks (student_roll_no, subject_id, mid1, mid2, online_tests, assignments) VALUES ('22CIVIL252', 3, 25, 16, 10, 5);
INSERT INTO semester_results (student_roll_no, semester, sgpa, cgpa, total_credits, percentage) VALUES ('22CIVIL252',  '1-1', 8.5, 8.5,  11,  80.0);
INSERT INTO cgpa (student_roll_no, cgpa, total_credits, total_percentage) VALUES ('22CIVIL252', 8.5, 11, 80.0);
INSERT INTO attendance (student_roll_no, date, status, subject_id, semester) VALUES ('22CIVIL252', '2025-02-01', 'Present', 1, '1-1');
INSERT INTO attendance (student_roll_no, date, status, subject_id, semester) VALUES ('22CIVIL252', '2025-02-02', 'Present', 1, '1-1');
INSERT INTO attendance (student_roll_no, date, status, subject_id, semester) VALUES ('22CIVIL252', '2025-02-03', 'Absent', 1, '1-1');
INSERT INTO attendance (student_roll_no, date, status, subject_id, semester) VALUES ('22CIVIL252', '2025-02-04', 'Present', 1, '1-1');
INSERT INTO attendance (student_roll_no, date, status, subject_id, semester) VALUES ('22CIVIL252', '2025-02-05', 'Present', 1, '1-1');
INSERT INTO attendance (student_roll_no, date, status, subject_id, semester) VALUES ('22CIVIL252', '2025-02-06', 'Present', 1, '1-1');
INSERT INTO attendance (student_roll_no, date, status, subject_id, semester) VALUES ('22CIVIL252', '2025-02-07', 'Present', 1, '1-1');
INSERT INTO attendance (student_roll_no, date, status, subject_id, semester) VALUES ('22CIVIL252', '2025-02-08', 'Present', 1, '1-1');
INSERT INTO attendance (student_roll_no, date, status, subject_id, semester) VALUES ('22CIVIL252', '2025-02-09', 'Present', 1, '1-1');
INSERT INTO attendance (student_roll_no, date, status, subject_id, semester) VALUES ('22CIVIL252', '2025-02-10', 'Present', 1, '1-1');
INSERT INTO attendance (student_roll_no, date, status, subject_id, semester) VALUES ('22CIVIL252', '2025-02-11', 'Present', 1, '1-1');
INSERT INTO attendance (student_roll_no, date, status, subject_id, semester) VALUES ('22CIVIL252', '2025-02-12', 'Present', 1, '1-1');
INSERT INTO attendance (student_roll_no, date, status, subject_id, semester) VALUES ('22CIVIL252', '2025-02-13', 'Present', 1, '1-1');
INSERT INTO attendance (student_roll_no, date, status, subject_id, semester) VALUES ('22CIVIL252', '2025-02-14', 'Present', 1, '1-1');
INSERT INTO attendance (student_roll_no, date, status, subject_id, semester) VALUES ('22CIVIL252', '2025-02-15', 'Present', 1, '1-1');
INSERT INTO attendance (student_roll_no, date, status, subject_id, semester) VALUES ('22CIVIL252', '2025-02-16', 'Present', 1, '1-1');
INSERT INTO attendance (student_roll_no, date, status, subject_id, semester) VALUES ('22CIVIL252', '2025-02-17', 'Present', 1, '1-1');
INSERT INTO attendance (student_roll_no, date, status, subject_id, semester) VALUES ('22CIVIL252', '2025-02-18', 'Present', 1, '1-1');
INSERT INTO attendance (student_roll_no, date, status, subject_id, semester) VALUES ('22CIVIL252', '2025-02-19', 'Present', 1, '1-1');
INSERT INTO fees (student_roll_no, academic_year, tuition_fees, convener_fees, due_date, paid_fees) VALUES ('22CIVIL252', '2024-25', 50000, 15000, '2025-05-15', 30000);
INSERT INTO students (roll_no, admission_no, name, branch, section, year, gender, dob, religion, phone, email, aadhar, address, father_name, mother_name, parents_occupation, parents_mobile, annual_income, joining_date, photo_url, is_hosteller, password_hash) VALUES ('24MECH253', 'ADM24MECH253', 'Sowmya Chowdary', 'MECH', 'A', 1, 'Male', '2005-08-04', 'Christian', '9848210661', '24mech253@nsrit.edu.in', '1818-7090-7070', 'H.No 332, Street 4, Visakhapatnam, AP', 'Varma Sai', 'Hari Sharma', 'Business', '9848210661', 326424, '2024-07-15', 'https://api.dicebear.com/7.x/avataaars/svg?seed=24MECH253', 0, 'scrypt:32768:8:1$ARD8iu2R30ZgOvjn$0c28fb2c347ac069a47026ad5d1f981cf505bbde11b1e3626b8a21147aa73e5d94d807b682b1299e2029c5c2f76884672524bbc1c3de85f345c28f406888dfe1');
INSERT INTO mentors (student_roll_no, teacher_id) VALUES ('24MECH253', 'TCH004');
INSERT INTO marks (student_roll_no, subject_id, grade, grade_point, credits) VALUES ('24MECH253', 1, 'B+', 7, 4);
INSERT INTO internal_marks (student_roll_no, subject_id, mid1, mid2, online_tests, assignments) VALUES ('24MECH253', 1, 20, 19, 10, 5);
INSERT INTO marks (student_roll_no, subject_id, grade, grade_point, credits) VALUES ('24MECH253', 2, 'O', 10, 4);
INSERT INTO internal_marks (student_roll_no, subject_id, mid1, mid2, online_tests, assignments) VALUES ('24MECH253', 2, 20, 16, 10, 5);
INSERT INTO marks (student_roll_no, subject_id, grade, grade_point, credits) VALUES ('24MECH253', 3, 'A', 8, 4);
INSERT INTO internal_marks (student_roll_no, subject_id, mid1, mid2, online_tests, assignments) VALUES ('24MECH253', 3, 21, 15, 10, 5);
INSERT INTO semester_results (student_roll_no, semester, sgpa, cgpa, total_credits, percentage) VALUES ('24MECH253',  '1-1', 8.5, 8.5,  11,  80.0);
INSERT INTO cgpa (student_roll_no, cgpa, total_credits, total_percentage) VALUES ('24MECH253', 8.5, 11, 80.0);
INSERT INTO attendance (student_roll_no, date, status, subject_id, semester) VALUES ('24MECH253', '2025-02-01', 'Present', 1, '1-1');
INSERT INTO attendance (student_roll_no, date, status, subject_id, semester) VALUES ('24MECH253', '2025-02-02', 'Present', 1, '1-1');
INSERT INTO attendance (student_roll_no, date, status, subject_id, semester) VALUES ('24MECH253', '2025-02-03', 'Present', 1, '1-1');
INSERT INTO attendance (student_roll_no, date, status, subject_id, semester) VALUES ('24MECH253', '2025-02-04', 'Present', 1, '1-1');
INSERT INTO attendance (student_roll_no, date, status, subject_id, semester) VALUES ('24MECH253', '2025-02-05', 'Present', 1, '1-1');
INSERT INTO attendance (student_roll_no, date, status, subject_id, semester) VALUES ('24MECH253', '2025-02-06', 'Present', 1, '1-1');
INSERT INTO attendance (student_roll_no, date, status, subject_id, semester) VALUES ('24MECH253', '2025-02-07', 'Absent', 1, '1-1');
INSERT INTO attendance (student_roll_no, date, status, subject_id, semester) VALUES ('24MECH253', '2025-02-08', 'Present', 1, '1-1');
INSERT INTO attendance (student_roll_no, date, status, subject_id, semester) VALUES ('24MECH253', '2025-02-09', 'Absent', 1, '1-1');
INSERT INTO attendance (student_roll_no, date, status, subject_id, semester) VALUES ('24MECH253', '2025-02-10', 'Present', 1, '1-1');
INSERT INTO attendance (student_roll_no, date, status, subject_id, semester) VALUES ('24MECH253', '2025-02-11', 'Present', 1, '1-1');
INSERT INTO attendance (student_roll_no, date, status, subject_id, semester) VALUES ('24MECH253', '2025-02-12', 'Present', 1, '1-1');
INSERT INTO attendance (student_roll_no, date, status, subject_id, semester) VALUES ('24MECH253', '2025-02-13', 'Present', 1, '1-1');
INSERT INTO attendance (student_roll_no, date, status, subject_id, semester) VALUES ('24MECH253', '2025-02-14', 'Present', 1, '1-1');
INSERT INTO attendance (student_roll_no, date, status, subject_id, semester) VALUES ('24MECH253', '2025-02-15', 'Present', 1, '1-1');
INSERT INTO attendance (student_roll_no, date, status, subject_id, semester) VALUES ('24MECH253', '2025-02-16', 'Present', 1, '1-1');
INSERT INTO attendance (student_roll_no, date, status, subject_id, semester) VALUES ('24MECH253', '2025-02-17', 'Present', 1, '1-1');
INSERT INTO attendance (student_roll_no, date, status, subject_id, semester) VALUES ('24MECH253', '2025-02-18', 'Present', 1, '1-1');
INSERT INTO attendance (student_roll_no, date, status, subject_id, semester) VALUES ('24MECH253', '2025-02-19', 'Present', 1, '1-1');
INSERT INTO fees (student_roll_no, academic_year, tuition_fees, convener_fees, due_date, paid_fees) VALUES ('24MECH253', '2024-25', 50000, 15000, '2025-05-15', 30000);
INSERT INTO students (roll_no, admission_no, name, branch, section, year, gender, dob, religion, phone, email, aadhar, address, father_name, mother_name, parents_occupation, parents_mobile, annual_income, joining_date, photo_url, is_hosteller, password_hash) VALUES ('21IT254', 'ADM21IT254', 'Venkata Gupta', 'IT', 'B', 4, 'Male', '2005-04-22', 'Christian', '9848851457', '21it254@nsrit.edu.in', '1440-3167-8758', 'H.No 141, Street 16, Visakhapatnam, AP', 'Singh Ravi', 'Priya Patel', 'Business', '9848851457', 594672, '2023-07-15', 'https://api.dicebear.com/7.x/avataaars/svg?seed=21IT254', 0, 'scrypt:32768:8:1$ARD8iu2R30ZgOvjn$0c28fb2c347ac069a47026ad5d1f981cf505bbde11b1e3626b8a21147aa73e5d94d807b682b1299e2029c5c2f76884672524bbc1c3de85f345c28f406888dfe1');
INSERT INTO mentors (student_roll_no, teacher_id) VALUES ('21IT254', 'TCH007');
INSERT INTO marks (student_roll_no, subject_id, grade, grade_point, credits) VALUES ('21IT254', 1, 'A+', 9, 4);
INSERT INTO internal_marks (student_roll_no, subject_id, mid1, mid2, online_tests, assignments) VALUES ('21IT254', 1, 16, 19, 10, 5);
INSERT INTO marks (student_roll_no, subject_id, grade, grade_point, credits) VALUES ('21IT254', 2, 'A', 8, 4);
INSERT INTO internal_marks (student_roll_no, subject_id, mid1, mid2, online_tests, assignments) VALUES ('21IT254', 2, 16, 23, 10, 5);
INSERT INTO marks (student_roll_no, subject_id, grade, grade_point, credits) VALUES ('21IT254', 3, 'C', 5, 4);
INSERT INTO internal_marks (student_roll_no, subject_id, mid1, mid2, online_tests, assignments) VALUES ('21IT254', 3, 18, 24, 10, 5);
INSERT INTO semester_results (student_roll_no, semester, sgpa, cgpa, total_credits, percentage) VALUES ('21IT254',  '1-1', 8.5, 8.5,  11,  80.0);
INSERT INTO cgpa (student_roll_no, cgpa, total_credits, total_percentage) VALUES ('21IT254', 8.5, 11, 80.0);
INSERT INTO attendance (student_roll_no, date, status, subject_id, semester) VALUES ('21IT254', '2025-02-01', 'Present', 1, '1-1');
INSERT INTO attendance (student_roll_no, date, status, subject_id, semester) VALUES ('21IT254', '2025-02-02', 'Present', 1, '1-1');
INSERT INTO attendance (student_roll_no, date, status, subject_id, semester) VALUES ('21IT254', '2025-02-03', 'Absent', 1, '1-1');
INSERT INTO attendance (student_roll_no, date, status, subject_id, semester) VALUES ('21IT254', '2025-02-04', 'Present', 1, '1-1');
INSERT INTO attendance (student_roll_no, date, status, subject_id, semester) VALUES ('21IT254', '2025-02-05', 'Present', 1, '1-1');
INSERT INTO attendance (student_roll_no, date, status, subject_id, semester) VALUES ('21IT254', '2025-02-06', 'Present', 1, '1-1');
INSERT INTO attendance (student_roll_no, date, status, subject_id, semester) VALUES ('21IT254', '2025-02-07', 'Present', 1, '1-1');
INSERT INTO attendance (student_roll_no, date, status, subject_id, semester) VALUES ('21IT254', '2025-02-08', 'Present', 1, '1-1');
INSERT INTO attendance (student_roll_no, date, status, subject_id, semester) VALUES ('21IT254', '2025-02-09', 'Present', 1, '1-1');
INSERT INTO attendance (student_roll_no, date, status, subject_id, semester) VALUES ('21IT254', '2025-02-10', 'Present', 1, '1-1');
INSERT INTO attendance (student_roll_no, date, status, subject_id, semester) VALUES ('21IT254', '2025-02-11', 'Present', 1, '1-1');
INSERT INTO attendance (student_roll_no, date, status, subject_id, semester) VALUES ('21IT254', '2025-02-12', 'Present', 1, '1-1');
INSERT INTO attendance (student_roll_no, date, status, subject_id, semester) VALUES ('21IT254', '2025-02-13', 'Present', 1, '1-1');
INSERT INTO attendance (student_roll_no, date, status, subject_id, semester) VALUES ('21IT254', '2025-02-14', 'Absent', 1, '1-1');
INSERT INTO attendance (student_roll_no, date, status, subject_id, semester) VALUES ('21IT254', '2025-02-15', 'Present', 1, '1-1');
INSERT INTO attendance (student_roll_no, date, status, subject_id, semester) VALUES ('21IT254', '2025-02-16', 'Present', 1, '1-1');
INSERT INTO attendance (student_roll_no, date, status, subject_id, semester) VALUES ('21IT254', '2025-02-17', 'Present', 1, '1-1');
INSERT INTO attendance (student_roll_no, date, status, subject_id, semester) VALUES ('21IT254', '2025-02-18', 'Present', 1, '1-1');
INSERT INTO attendance (student_roll_no, date, status, subject_id, semester) VALUES ('21IT254', '2025-02-19', 'Present', 1, '1-1');
INSERT INTO fees (student_roll_no, academic_year, tuition_fees, convener_fees, due_date, paid_fees) VALUES ('21IT254', '2024-25', 50000, 15000, '2025-05-15', 30000);
INSERT INTO students (roll_no, admission_no, name, branch, section, year, gender, dob, religion, phone, email, aadhar, address, father_name, mother_name, parents_occupation, parents_mobile, annual_income, joining_date, photo_url, is_hosteller, password_hash) VALUES ('23MECH255', 'ADM23MECH255', 'Suresh Sharma', 'MECH', 'B', 2, 'Male', '2005-11-20', 'Sikh', '9848107651', '23mech255@nsrit.edu.in', '8435-7626-6796', 'H.No 29, Street 12, Visakhapatnam, AP', 'Varma Priya', 'Ravi Yadav', 'Engineer', '9848107651', 245790, '2023-07-15', 'https://api.dicebear.com/7.x/avataaars/svg?seed=23MECH255', 1, 'scrypt:32768:8:1$ARD8iu2R30ZgOvjn$0c28fb2c347ac069a47026ad5d1f981cf505bbde11b1e3626b8a21147aa73e5d94d807b682b1299e2029c5c2f76884672524bbc1c3de85f345c28f406888dfe1');
INSERT INTO mentors (student_roll_no, teacher_id) VALUES ('23MECH255', 'TCH003');
INSERT INTO marks (student_roll_no, subject_id, grade, grade_point, credits) VALUES ('23MECH255', 1, 'C', 5, 4);
INSERT INTO internal_marks (student_roll_no, subject_id, mid1, mid2, online_tests, assignments) VALUES ('23MECH255', 1, 16, 19, 10, 5);
INSERT INTO marks (student_roll_no, subject_id, grade, grade_point, credits) VALUES ('23MECH255', 2, 'A', 8, 4);
INSERT INTO internal_marks (student_roll_no, subject_id, mid1, mid2, online_tests, assignments) VALUES ('23MECH255', 2, 19, 25, 10, 5);
INSERT INTO marks (student_roll_no, subject_id, grade, grade_point, credits) VALUES ('23MECH255', 3, 'B', 6, 4);
INSERT INTO internal_marks (student_roll_no, subject_id, mid1, mid2, online_tests, assignments) VALUES ('23MECH255', 3, 20, 21, 10, 5);
INSERT INTO semester_results (student_roll_no, semester, sgpa, cgpa, total_credits, percentage) VALUES ('23MECH255',  '1-1', 8.5, 8.5,  11,  80.0);
INSERT INTO cgpa (student_roll_no, cgpa, total_credits, total_percentage) VALUES ('23MECH255', 8.5, 11, 80.0);
INSERT INTO attendance (student_roll_no, date, status, subject_id, semester) VALUES ('23MECH255', '2025-02-01', 'Present', 1, '1-1');
INSERT INTO attendance (student_roll_no, date, status, subject_id, semester) VALUES ('23MECH255', '2025-02-02', 'Present', 1, '1-1');
INSERT INTO attendance (student_roll_no, date, status, subject_id, semester) VALUES ('23MECH255', '2025-02-03', 'Present', 1, '1-1');
INSERT INTO attendance (student_roll_no, date, status, subject_id, semester) VALUES ('23MECH255', '2025-02-04', 'Present', 1, '1-1');
INSERT INTO attendance (student_roll_no, date, status, subject_id, semester) VALUES ('23MECH255', '2025-02-05', 'Present', 1, '1-1');
INSERT INTO attendance (student_roll_no, date, status, subject_id, semester) VALUES ('23MECH255', '2025-02-06', 'Present', 1, '1-1');
INSERT INTO attendance (student_roll_no, date, status, subject_id, semester) VALUES ('23MECH255', '2025-02-07', 'Present', 1, '1-1');
INSERT INTO attendance (student_roll_no, date, status, subject_id, semester) VALUES ('23MECH255', '2025-02-08', 'Present', 1, '1-1');
INSERT INTO attendance (student_roll_no, date, status, subject_id, semester) VALUES ('23MECH255', '2025-02-09', 'Present', 1, '1-1');
INSERT INTO attendance (student_roll_no, date, status, subject_id, semester) VALUES ('23MECH255', '2025-02-10', 'Present', 1, '1-1');
INSERT INTO attendance (student_roll_no, date, status, subject_id, semester) VALUES ('23MECH255', '2025-02-11', 'Present', 1, '1-1');
INSERT INTO attendance (student_roll_no, date, status, subject_id, semester) VALUES ('23MECH255', '2025-02-12', 'Present', 1, '1-1');
INSERT INTO attendance (student_roll_no, date, status, subject_id, semester) VALUES ('23MECH255', '2025-02-13', 'Present', 1, '1-1');
INSERT INTO attendance (student_roll_no, date, status, subject_id, semester) VALUES ('23MECH255', '2025-02-14', 'Present', 1, '1-1');
INSERT INTO attendance (student_roll_no, date, status, subject_id, semester) VALUES ('23MECH255', '2025-02-15', 'Absent', 1, '1-1');
INSERT INTO attendance (student_roll_no, date, status, subject_id, semester) VALUES ('23MECH255', '2025-02-16', 'Present', 1, '1-1');
INSERT INTO attendance (student_roll_no, date, status, subject_id, semester) VALUES ('23MECH255', '2025-02-17', 'Present', 1, '1-1');
INSERT INTO attendance (student_roll_no, date, status, subject_id, semester) VALUES ('23MECH255', '2025-02-18', 'Present', 1, '1-1');
INSERT INTO attendance (student_roll_no, date, status, subject_id, semester) VALUES ('23MECH255', '2025-02-19', 'Present', 1, '1-1');
INSERT INTO fees (student_roll_no, academic_year, tuition_fees, convener_fees, due_date, paid_fees) VALUES ('23MECH255', '2024-25', 50000, 15000, '2025-05-15', 30000);
INSERT INTO outing_records (roll_number, date, reason) VALUES ('23MECH255', '2025-03-01', 'Weekend home');
INSERT INTO students (roll_no, admission_no, name, branch, section, year, gender, dob, religion, phone, email, aadhar, address, father_name, mother_name, parents_occupation, parents_mobile, annual_income, joining_date, photo_url, is_hosteller, password_hash) VALUES ('22CSE256', 'ADM22CSE256', 'Prasad Varma', 'CSE', 'C', 3, 'Female', '2005-05-17', 'Christian', '9848524419', '22cse256@nsrit.edu.in', '6670-3820-3313', 'H.No 474, Street 11, Visakhapatnam, AP', 'Naidu Lakshmi', 'Kiran Rao', 'Engineer', '9848524419', 470013, '2023-07-15', 'https://api.dicebear.com/7.x/avataaars/svg?seed=22CSE256', 0, 'scrypt:32768:8:1$ARD8iu2R30ZgOvjn$0c28fb2c347ac069a47026ad5d1f981cf505bbde11b1e3626b8a21147aa73e5d94d807b682b1299e2029c5c2f76884672524bbc1c3de85f345c28f406888dfe1');
INSERT INTO mentors (student_roll_no, teacher_id) VALUES ('22CSE256', 'TCH002');
INSERT INTO marks (student_roll_no, subject_id, grade, grade_point, credits) VALUES ('22CSE256', 1, 'A', 8, 4);
INSERT INTO internal_marks (student_roll_no, subject_id, mid1, mid2, online_tests, assignments) VALUES ('22CSE256', 1, 23, 23, 10, 5);
INSERT INTO marks (student_roll_no, subject_id, grade, grade_point, credits) VALUES ('22CSE256', 2, 'B', 6, 4);
INSERT INTO internal_marks (student_roll_no, subject_id, mid1, mid2, online_tests, assignments) VALUES ('22CSE256', 2, 24, 22, 10, 5);
INSERT INTO marks (student_roll_no, subject_id, grade, grade_point, credits) VALUES ('22CSE256', 3, 'B+', 7, 4);
INSERT INTO internal_marks (student_roll_no, subject_id, mid1, mid2, online_tests, assignments) VALUES ('22CSE256', 3, 20, 21, 10, 5);
INSERT INTO semester_results (student_roll_no, semester, sgpa, cgpa, total_credits, percentage) VALUES ('22CSE256',  '1-1', 8.5, 8.5,  11,  80.0);
INSERT INTO cgpa (student_roll_no, cgpa, total_credits, total_percentage) VALUES ('22CSE256', 8.5, 11, 80.0);
INSERT INTO attendance (student_roll_no, date, status, subject_id, semester) VALUES ('22CSE256', '2025-02-01', 'Present', 1, '1-1');
INSERT INTO attendance (student_roll_no, date, status, subject_id, semester) VALUES ('22CSE256', '2025-02-02', 'Absent', 1, '1-1');
INSERT INTO attendance (student_roll_no, date, status, subject_id, semester) VALUES ('22CSE256', '2025-02-03', 'Present', 1, '1-1');
INSERT INTO attendance (student_roll_no, date, status, subject_id, semester) VALUES ('22CSE256', '2025-02-04', 'Present', 1, '1-1');
INSERT INTO attendance (student_roll_no, date, status, subject_id, semester) VALUES ('22CSE256', '2025-02-05', 'Present', 1, '1-1');
INSERT INTO attendance (student_roll_no, date, status, subject_id, semester) VALUES ('22CSE256', '2025-02-06', 'Present', 1, '1-1');
INSERT INTO attendance (student_roll_no, date, status, subject_id, semester) VALUES ('22CSE256', '2025-02-07', 'Present', 1, '1-1');
INSERT INTO attendance (student_roll_no, date, status, subject_id, semester) VALUES ('22CSE256', '2025-02-08', 'Present', 1, '1-1');
INSERT INTO attendance (student_roll_no, date, status, subject_id, semester) VALUES ('22CSE256', '2025-02-09', 'Present', 1, '1-1');
INSERT INTO attendance (student_roll_no, date, status, subject_id, semester) VALUES ('22CSE256', '2025-02-10', 'Absent', 1, '1-1');
INSERT INTO attendance (student_roll_no, date, status, subject_id, semester) VALUES ('22CSE256', '2025-02-11', 'Absent', 1, '1-1');
INSERT INTO attendance (student_roll_no, date, status, subject_id, semester) VALUES ('22CSE256', '2025-02-12', 'Present', 1, '1-1');
INSERT INTO attendance (student_roll_no, date, status, subject_id, semester) VALUES ('22CSE256', '2025-02-13', 'Present', 1, '1-1');
INSERT INTO attendance (student_roll_no, date, status, subject_id, semester) VALUES ('22CSE256', '2025-02-14', 'Present', 1, '1-1');
INSERT INTO attendance (student_roll_no, date, status, subject_id, semester) VALUES ('22CSE256', '2025-02-15', 'Present', 1, '1-1');
INSERT INTO attendance (student_roll_no, date, status, subject_id, semester) VALUES ('22CSE256', '2025-02-16', 'Present', 1, '1-1');
INSERT INTO attendance (student_roll_no, date, status, subject_id, semester) VALUES ('22CSE256', '2025-02-17', 'Present', 1, '1-1');
INSERT INTO attendance (student_roll_no, date, status, subject_id, semester) VALUES ('22CSE256', '2025-02-18', 'Present', 1, '1-1');
INSERT INTO attendance (student_roll_no, date, status, subject_id, semester) VALUES ('22CSE256', '2025-02-19', 'Present', 1, '1-1');
INSERT INTO fees (student_roll_no, academic_year, tuition_fees, convener_fees, due_date, paid_fees) VALUES ('22CSE256', '2024-25', 50000, 15000, '2025-05-15', 30000);
INSERT INTO students (roll_no, admission_no, name, branch, section, year, gender, dob, religion, phone, email, aadhar, address, father_name, mother_name, parents_occupation, parents_mobile, annual_income, joining_date, photo_url, is_hosteller, password_hash) VALUES ('23CIVIL257', 'ADM23CIVIL257', 'Raja Rao', 'CIVIL', 'B', 2, 'Female', '2005-12-26', 'Christian', '9848266450', '23civil257@nsrit.edu.in', '3789-1490-6823', 'H.No 426, Street 7, Visakhapatnam, AP', 'Gupta Swathi', 'Neha Varma', 'Engineer', '9848266450', 815998, '2023-07-15', 'https://api.dicebear.com/7.x/avataaars/svg?seed=23CIVIL257', 0, 'scrypt:32768:8:1$ARD8iu2R30ZgOvjn$0c28fb2c347ac069a47026ad5d1f981cf505bbde11b1e3626b8a21147aa73e5d94d807b682b1299e2029c5c2f76884672524bbc1c3de85f345c28f406888dfe1');
INSERT INTO mentors (student_roll_no, teacher_id) VALUES ('23CIVIL257', 'TCH004');
INSERT INTO marks (student_roll_no, subject_id, grade, grade_point, credits) VALUES ('23CIVIL257', 1, 'B+', 7, 4);
INSERT INTO internal_marks (student_roll_no, subject_id, mid1, mid2, online_tests, assignments) VALUES ('23CIVIL257', 1, 20, 23, 10, 5);
INSERT INTO marks (student_roll_no, subject_id, grade, grade_point, credits) VALUES ('23CIVIL257', 2, 'C', 5, 4);
INSERT INTO internal_marks (student_roll_no, subject_id, mid1, mid2, online_tests, assignments) VALUES ('23CIVIL257', 2, 18, 16, 10, 5);
INSERT INTO marks (student_roll_no, subject_id, grade, grade_point, credits) VALUES ('23CIVIL257', 3, 'A+', 9, 4);
INSERT INTO internal_marks (student_roll_no, subject_id, mid1, mid2, online_tests, assignments) VALUES ('23CIVIL257', 3, 24, 23, 10, 5);
INSERT INTO semester_results (student_roll_no, semester, sgpa, cgpa, total_credits, percentage) VALUES ('23CIVIL257',  '1-1', 8.5, 8.5,  11,  80.0);
INSERT INTO cgpa (student_roll_no, cgpa, total_credits, total_percentage) VALUES ('23CIVIL257', 8.5, 11, 80.0);
INSERT INTO attendance (student_roll_no, date, status, subject_id, semester) VALUES ('23CIVIL257', '2025-02-01', 'Present', 1, '1-1');
INSERT INTO attendance (student_roll_no, date, status, subject_id, semester) VALUES ('23CIVIL257', '2025-02-02', 'Present', 1, '1-1');
INSERT INTO attendance (student_roll_no, date, status, subject_id, semester) VALUES ('23CIVIL257', '2025-02-03', 'Absent', 1, '1-1');
INSERT INTO attendance (student_roll_no, date, status, subject_id, semester) VALUES ('23CIVIL257', '2025-02-04', 'Present', 1, '1-1');
INSERT INTO attendance (student_roll_no, date, status, subject_id, semester) VALUES ('23CIVIL257', '2025-02-05', 'Present', 1, '1-1');
INSERT INTO attendance (student_roll_no, date, status, subject_id, semester) VALUES ('23CIVIL257', '2025-02-06', 'Present', 1, '1-1');
INSERT INTO attendance (student_roll_no, date, status, subject_id, semester) VALUES ('23CIVIL257', '2025-02-07', 'Present', 1, '1-1');
INSERT INTO attendance (student_roll_no, date, status, subject_id, semester) VALUES ('23CIVIL257', '2025-02-08', 'Present', 1, '1-1');
INSERT INTO attendance (student_roll_no, date, status, subject_id, semester) VALUES ('23CIVIL257', '2025-02-09', 'Present', 1, '1-1');
INSERT INTO attendance (student_roll_no, date, status, subject_id, semester) VALUES ('23CIVIL257', '2025-02-10', 'Present', 1, '1-1');
INSERT INTO attendance (student_roll_no, date, status, subject_id, semester) VALUES ('23CIVIL257', '2025-02-11', 'Present', 1, '1-1');
INSERT INTO attendance (student_roll_no, date, status, subject_id, semester) VALUES ('23CIVIL257', '2025-02-12', 'Present', 1, '1-1');
INSERT INTO attendance (student_roll_no, date, status, subject_id, semester) VALUES ('23CIVIL257', '2025-02-13', 'Present', 1, '1-1');
INSERT INTO attendance (student_roll_no, date, status, subject_id, semester) VALUES ('23CIVIL257', '2025-02-14', 'Present', 1, '1-1');
INSERT INTO attendance (student_roll_no, date, status, subject_id, semester) VALUES ('23CIVIL257', '2025-02-15', 'Present', 1, '1-1');
INSERT INTO attendance (student_roll_no, date, status, subject_id, semester) VALUES ('23CIVIL257', '2025-02-16', 'Present', 1, '1-1');
INSERT INTO attendance (student_roll_no, date, status, subject_id, semester) VALUES ('23CIVIL257', '2025-02-17', 'Absent', 1, '1-1');
INSERT INTO attendance (student_roll_no, date, status, subject_id, semester) VALUES ('23CIVIL257', '2025-02-18', 'Absent', 1, '1-1');
INSERT INTO attendance (student_roll_no, date, status, subject_id, semester) VALUES ('23CIVIL257', '2025-02-19', 'Present', 1, '1-1');
INSERT INTO fees (student_roll_no, academic_year, tuition_fees, convener_fees, due_date, paid_fees) VALUES ('23CIVIL257', '2024-25', 50000, 15000, '2025-05-15', 30000);
INSERT INTO students (roll_no, admission_no, name, branch, section, year, gender, dob, religion, phone, email, aadhar, address, father_name, mother_name, parents_occupation, parents_mobile, annual_income, joining_date, photo_url, is_hosteller, password_hash) VALUES ('21IT258', 'ADM21IT258', 'Karthik Goud', 'IT', 'A', 4, 'Female', '2005-05-14', 'Sikh', '9848368410', '21it258@nsrit.edu.in', '8944-2759-8402', 'H.No 35, Street 8, Visakhapatnam, AP', 'Rao Ramesh', 'Sanjana Rao', 'Farmer', '9848368410', 293588, '2023-07-15', 'https://api.dicebear.com/7.x/avataaars/svg?seed=21IT258', 0, 'scrypt:32768:8:1$ARD8iu2R30ZgOvjn$0c28fb2c347ac069a47026ad5d1f981cf505bbde11b1e3626b8a21147aa73e5d94d807b682b1299e2029c5c2f76884672524bbc1c3de85f345c28f406888dfe1');
INSERT INTO mentors (student_roll_no, teacher_id) VALUES ('21IT258', 'TCH011');
INSERT INTO marks (student_roll_no, subject_id, grade, grade_point, credits) VALUES ('21IT258', 1, 'B+', 7, 4);
INSERT INTO internal_marks (student_roll_no, subject_id, mid1, mid2, online_tests, assignments) VALUES ('21IT258', 1, 19, 21, 10, 5);
INSERT INTO marks (student_roll_no, subject_id, grade, grade_point, credits) VALUES ('21IT258', 2, 'O', 10, 4);
INSERT INTO internal_marks (student_roll_no, subject_id, mid1, mid2, online_tests, assignments) VALUES ('21IT258', 2, 18, 18, 10, 5);
INSERT INTO marks (student_roll_no, subject_id, grade, grade_point, credits) VALUES ('21IT258', 3, 'B', 6, 4);
INSERT INTO internal_marks (student_roll_no, subject_id, mid1, mid2, online_tests, assignments) VALUES ('21IT258', 3, 25, 21, 10, 5);
INSERT INTO semester_results (student_roll_no, semester, sgpa, cgpa, total_credits, percentage) VALUES ('21IT258',  '1-1', 8.5, 8.5,  11,  80.0);
INSERT INTO cgpa (student_roll_no, cgpa, total_credits, total_percentage) VALUES ('21IT258', 8.5, 11, 80.0);
INSERT INTO attendance (student_roll_no, date, status, subject_id, semester) VALUES ('21IT258', '2025-02-01', 'Present', 1, '1-1');
INSERT INTO attendance (student_roll_no, date, status, subject_id, semester) VALUES ('21IT258', '2025-02-02', 'Present', 1, '1-1');
INSERT INTO attendance (student_roll_no, date, status, subject_id, semester) VALUES ('21IT258', '2025-02-03', 'Present', 1, '1-1');
INSERT INTO attendance (student_roll_no, date, status, subject_id, semester) VALUES ('21IT258', '2025-02-04', 'Present', 1, '1-1');
INSERT INTO attendance (student_roll_no, date, status, subject_id, semester) VALUES ('21IT258', '2025-02-05', 'Present', 1, '1-1');
INSERT INTO attendance (student_roll_no, date, status, subject_id, semester) VALUES ('21IT258', '2025-02-06', 'Present', 1, '1-1');
INSERT INTO attendance (student_roll_no, date, status, subject_id, semester) VALUES ('21IT258', '2025-02-07', 'Present', 1, '1-1');
INSERT INTO attendance (student_roll_no, date, status, subject_id, semester) VALUES ('21IT258', '2025-02-08', 'Present', 1, '1-1');
INSERT INTO attendance (student_roll_no, date, status, subject_id, semester) VALUES ('21IT258', '2025-02-09', 'Present', 1, '1-1');
INSERT INTO attendance (student_roll_no, date, status, subject_id, semester) VALUES ('21IT258', '2025-02-10', 'Present', 1, '1-1');
INSERT INTO attendance (student_roll_no, date, status, subject_id, semester) VALUES ('21IT258', '2025-02-11', 'Present', 1, '1-1');
INSERT INTO attendance (student_roll_no, date, status, subject_id, semester) VALUES ('21IT258', '2025-02-12', 'Present', 1, '1-1');
INSERT INTO attendance (student_roll_no, date, status, subject_id, semester) VALUES ('21IT258', '2025-02-13', 'Present', 1, '1-1');
INSERT INTO attendance (student_roll_no, date, status, subject_id, semester) VALUES ('21IT258', '2025-02-14', 'Present', 1, '1-1');
INSERT INTO attendance (student_roll_no, date, status, subject_id, semester) VALUES ('21IT258', '2025-02-15', 'Absent', 1, '1-1');
INSERT INTO attendance (student_roll_no, date, status, subject_id, semester) VALUES ('21IT258', '2025-02-16', 'Absent', 1, '1-1');
INSERT INTO attendance (student_roll_no, date, status, subject_id, semester) VALUES ('21IT258', '2025-02-17', 'Present', 1, '1-1');
INSERT INTO attendance (student_roll_no, date, status, subject_id, semester) VALUES ('21IT258', '2025-02-18', 'Present', 1, '1-1');
INSERT INTO attendance (student_roll_no, date, status, subject_id, semester) VALUES ('21IT258', '2025-02-19', 'Present', 1, '1-1');
INSERT INTO fees (student_roll_no, academic_year, tuition_fees, convener_fees, due_date, paid_fees) VALUES ('21IT258', '2024-25', 50000, 15000, '2025-05-15', 30000);
INSERT INTO students (roll_no, admission_no, name, branch, section, year, gender, dob, religion, phone, email, aadhar, address, father_name, mother_name, parents_occupation, parents_mobile, annual_income, joining_date, photo_url, is_hosteller, password_hash) VALUES ('21IT259', 'ADM21IT259', 'Sai Das', 'IT', 'C', 4, 'Male', '2005-06-13', 'Hindu', '9848903374', '21it259@nsrit.edu.in', '2600-3520-6477', 'H.No 448, Street 16, Visakhapatnam, AP', 'Kumar Ramesh', 'Gayathri Naidu', 'Farmer', '9848903374', 432062, '2023-07-15', 'https://api.dicebear.com/7.x/avataaars/svg?seed=21IT259', 0, 'scrypt:32768:8:1$ARD8iu2R30ZgOvjn$0c28fb2c347ac069a47026ad5d1f981cf505bbde11b1e3626b8a21147aa73e5d94d807b682b1299e2029c5c2f76884672524bbc1c3de85f345c28f406888dfe1');
INSERT INTO mentors (student_roll_no, teacher_id) VALUES ('21IT259', 'TCH002');
INSERT INTO marks (student_roll_no, subject_id, grade, grade_point, credits) VALUES ('21IT259', 1, 'B+', 7, 4);
INSERT INTO internal_marks (student_roll_no, subject_id, mid1, mid2, online_tests, assignments) VALUES ('21IT259', 1, 20, 22, 10, 5);
INSERT INTO marks (student_roll_no, subject_id, grade, grade_point, credits) VALUES ('21IT259', 2, 'B', 6, 4);
INSERT INTO internal_marks (student_roll_no, subject_id, mid1, mid2, online_tests, assignments) VALUES ('21IT259', 2, 22, 15, 10, 5);
INSERT INTO marks (student_roll_no, subject_id, grade, grade_point, credits) VALUES ('21IT259', 3, 'A+', 9, 4);
INSERT INTO internal_marks (student_roll_no, subject_id, mid1, mid2, online_tests, assignments) VALUES ('21IT259', 3, 20, 22, 10, 5);
INSERT INTO semester_results (student_roll_no, semester, sgpa, cgpa, total_credits, percentage) VALUES ('21IT259',  '1-1', 8.5, 8.5,  11,  80.0);
INSERT INTO cgpa (student_roll_no, cgpa, total_credits, total_percentage) VALUES ('21IT259', 8.5, 11, 80.0);
INSERT INTO attendance (student_roll_no, date, status, subject_id, semester) VALUES ('21IT259', '2025-02-01', 'Present', 1, '1-1');
INSERT INTO attendance (student_roll_no, date, status, subject_id, semester) VALUES ('21IT259', '2025-02-02', 'Present', 1, '1-1');
INSERT INTO attendance (student_roll_no, date, status, subject_id, semester) VALUES ('21IT259', '2025-02-03', 'Present', 1, '1-1');
INSERT INTO attendance (student_roll_no, date, status, subject_id, semester) VALUES ('21IT259', '2025-02-04', 'Present', 1, '1-1');
INSERT INTO attendance (student_roll_no, date, status, subject_id, semester) VALUES ('21IT259', '2025-02-05', 'Present', 1, '1-1');
INSERT INTO attendance (student_roll_no, date, status, subject_id, semester) VALUES ('21IT259', '2025-02-06', 'Present', 1, '1-1');
INSERT INTO attendance (student_roll_no, date, status, subject_id, semester) VALUES ('21IT259', '2025-02-07', 'Present', 1, '1-1');
INSERT INTO attendance (student_roll_no, date, status, subject_id, semester) VALUES ('21IT259', '2025-02-08', 'Present', 1, '1-1');
INSERT INTO attendance (student_roll_no, date, status, subject_id, semester) VALUES ('21IT259', '2025-02-09', 'Present', 1, '1-1');
INSERT INTO attendance (student_roll_no, date, status, subject_id, semester) VALUES ('21IT259', '2025-02-10', 'Present', 1, '1-1');
INSERT INTO attendance (student_roll_no, date, status, subject_id, semester) VALUES ('21IT259', '2025-02-11', 'Present', 1, '1-1');
INSERT INTO attendance (student_roll_no, date, status, subject_id, semester) VALUES ('21IT259', '2025-02-12', 'Present', 1, '1-1');
INSERT INTO attendance (student_roll_no, date, status, subject_id, semester) VALUES ('21IT259', '2025-02-13', 'Present', 1, '1-1');
INSERT INTO attendance (student_roll_no, date, status, subject_id, semester) VALUES ('21IT259', '2025-02-14', 'Present', 1, '1-1');
INSERT INTO attendance (student_roll_no, date, status, subject_id, semester) VALUES ('21IT259', '2025-02-15', 'Present', 1, '1-1');
INSERT INTO attendance (student_roll_no, date, status, subject_id, semester) VALUES ('21IT259', '2025-02-16', 'Present', 1, '1-1');
INSERT INTO attendance (student_roll_no, date, status, subject_id, semester) VALUES ('21IT259', '2025-02-17', 'Present', 1, '1-1');
INSERT INTO attendance (student_roll_no, date, status, subject_id, semester) VALUES ('21IT259', '2025-02-18', 'Absent', 1, '1-1');
INSERT INTO attendance (student_roll_no, date, status, subject_id, semester) VALUES ('21IT259', '2025-02-19', 'Present', 1, '1-1');
INSERT INTO fees (student_roll_no, academic_year, tuition_fees, convener_fees, due_date, paid_fees) VALUES ('21IT259', '2024-25', 50000, 15000, '2025-05-15', 30000);
INSERT INTO students (roll_no, admission_no, name, branch, section, year, gender, dob, religion, phone, email, aadhar, address, father_name, mother_name, parents_occupation, parents_mobile, annual_income, joining_date, photo_url, is_hosteller, password_hash) VALUES ('21MECH260', 'ADM21MECH260', 'Gayathri Kumar', 'MECH', 'B', 4, 'Male', '2005-01-09', 'Sikh', '9848653524', '21mech260@nsrit.edu.in', '4719-7036-4915', 'H.No 462, Street 16, Visakhapatnam, AP', 'Chowdary Sowmya', 'Sai Gupta', 'Doctor', '9848653524', 693539, '2023-07-15', 'https://api.dicebear.com/7.x/avataaars/svg?seed=21MECH260', 1, 'scrypt:32768:8:1$ARD8iu2R30ZgOvjn$0c28fb2c347ac069a47026ad5d1f981cf505bbde11b1e3626b8a21147aa73e5d94d807b682b1299e2029c5c2f76884672524bbc1c3de85f345c28f406888dfe1');
INSERT INTO mentors (student_roll_no, teacher_id) VALUES ('21MECH260', 'TCH012');
INSERT INTO marks (student_roll_no, subject_id, grade, grade_point, credits) VALUES ('21MECH260', 1, 'O', 10, 4);
INSERT INTO internal_marks (student_roll_no, subject_id, mid1, mid2, online_tests, assignments) VALUES ('21MECH260', 1, 16, 18, 10, 5);
INSERT INTO marks (student_roll_no, subject_id, grade, grade_point, credits) VALUES ('21MECH260', 2, 'B+', 7, 4);
INSERT INTO internal_marks (student_roll_no, subject_id, mid1, mid2, online_tests, assignments) VALUES ('21MECH260', 2, 22, 22, 10, 5);
INSERT INTO marks (student_roll_no, subject_id, grade, grade_point, credits) VALUES ('21MECH260', 3, 'C', 5, 4);
INSERT INTO internal_marks (student_roll_no, subject_id, mid1, mid2, online_tests, assignments) VALUES ('21MECH260', 3, 22, 19, 10, 5);
INSERT INTO semester_results (student_roll_no, semester, sgpa, cgpa, total_credits, percentage) VALUES ('21MECH260',  '1-1', 8.5, 8.5,  11,  80.0);
INSERT INTO cgpa (student_roll_no, cgpa, total_credits, total_percentage) VALUES ('21MECH260', 8.5, 11, 80.0);
INSERT INTO attendance (student_roll_no, date, status, subject_id, semester) VALUES ('21MECH260', '2025-02-01', 'Absent', 1, '1-1');
INSERT INTO attendance (student_roll_no, date, status, subject_id, semester) VALUES ('21MECH260', '2025-02-02', 'Present', 1, '1-1');
INSERT INTO attendance (student_roll_no, date, status, subject_id, semester) VALUES ('21MECH260', '2025-02-03', 'Present', 1, '1-1');
INSERT INTO attendance (student_roll_no, date, status, subject_id, semester) VALUES ('21MECH260', '2025-02-04', 'Present', 1, '1-1');
INSERT INTO attendance (student_roll_no, date, status, subject_id, semester) VALUES ('21MECH260', '2025-02-05', 'Present', 1, '1-1');
INSERT INTO attendance (student_roll_no, date, status, subject_id, semester) VALUES ('21MECH260', '2025-02-06', 'Present', 1, '1-1');
INSERT INTO attendance (student_roll_no, date, status, subject_id, semester) VALUES ('21MECH260', '2025-02-07', 'Present', 1, '1-1');
INSERT INTO attendance (student_roll_no, date, status, subject_id, semester) VALUES ('21MECH260', '2025-02-08', 'Present', 1, '1-1');
INSERT INTO attendance (student_roll_no, date, status, subject_id, semester) VALUES ('21MECH260', '2025-02-09', 'Present', 1, '1-1');
INSERT INTO attendance (student_roll_no, date, status, subject_id, semester) VALUES ('21MECH260', '2025-02-10', 'Present', 1, '1-1');
INSERT INTO attendance (student_roll_no, date, status, subject_id, semester) VALUES ('21MECH260', '2025-02-11', 'Absent', 1, '1-1');
INSERT INTO attendance (student_roll_no, date, status, subject_id, semester) VALUES ('21MECH260', '2025-02-12', 'Present', 1, '1-1');
INSERT INTO attendance (student_roll_no, date, status, subject_id, semester) VALUES ('21MECH260', '2025-02-13', 'Present', 1, '1-1');
INSERT INTO attendance (student_roll_no, date, status, subject_id, semester) VALUES ('21MECH260', '2025-02-14', 'Present', 1, '1-1');
INSERT INTO attendance (student_roll_no, date, status, subject_id, semester) VALUES ('21MECH260', '2025-02-15', 'Present', 1, '1-1');
INSERT INTO attendance (student_roll_no, date, status, subject_id, semester) VALUES ('21MECH260', '2025-02-16', 'Present', 1, '1-1');
INSERT INTO attendance (student_roll_no, date, status, subject_id, semester) VALUES ('21MECH260', '2025-02-17', 'Present', 1, '1-1');
INSERT INTO attendance (student_roll_no, date, status, subject_id, semester) VALUES ('21MECH260', '2025-02-18', 'Present', 1, '1-1');
INSERT INTO attendance (student_roll_no, date, status, subject_id, semester) VALUES ('21MECH260', '2025-02-19', 'Present', 1, '1-1');
INSERT INTO fees (student_roll_no, academic_year, tuition_fees, convener_fees, due_date, paid_fees) VALUES ('21MECH260', '2024-25', 50000, 15000, '2025-05-15', 30000);
INSERT INTO outing_records (roll_number, date, reason) VALUES ('21MECH260', '2025-03-01', 'Weekend home');
INSERT INTO students (roll_no, admission_no, name, branch, section, year, gender, dob, religion, phone, email, aadhar, address, father_name, mother_name, parents_occupation, parents_mobile, annual_income, joining_date, photo_url, is_hosteller, password_hash) VALUES ('23ECE261', 'ADM23ECE261', 'Neha Gupta', 'ECE', 'B', 2, 'Female', '2005-10-12', 'Hindu', '9848568168', '23ece261@nsrit.edu.in', '5148-4362-1306', 'H.No 29, Street 3, Visakhapatnam, AP', 'Rao Sai', 'Raja Das', 'Doctor', '9848568168', 183057, '2023-07-15', 'https://api.dicebear.com/7.x/avataaars/svg?seed=23ECE261', 0, 'scrypt:32768:8:1$ARD8iu2R30ZgOvjn$0c28fb2c347ac069a47026ad5d1f981cf505bbde11b1e3626b8a21147aa73e5d94d807b682b1299e2029c5c2f76884672524bbc1c3de85f345c28f406888dfe1');
INSERT INTO mentors (student_roll_no, teacher_id) VALUES ('23ECE261', 'TCH012');
INSERT INTO marks (student_roll_no, subject_id, grade, grade_point, credits) VALUES ('23ECE261', 1, 'O', 10, 4);
INSERT INTO internal_marks (student_roll_no, subject_id, mid1, mid2, online_tests, assignments) VALUES ('23ECE261', 1, 25, 17, 10, 5);
INSERT INTO marks (student_roll_no, subject_id, grade, grade_point, credits) VALUES ('23ECE261', 2, 'A', 8, 4);
INSERT INTO internal_marks (student_roll_no, subject_id, mid1, mid2, online_tests, assignments) VALUES ('23ECE261', 2, 22, 24, 10, 5);
INSERT INTO marks (student_roll_no, subject_id, grade, grade_point, credits) VALUES ('23ECE261', 3, 'O', 10, 4);
INSERT INTO internal_marks (student_roll_no, subject_id, mid1, mid2, online_tests, assignments) VALUES ('23ECE261', 3, 23, 23, 10, 5);
INSERT INTO semester_results (student_roll_no, semester, sgpa, cgpa, total_credits, percentage) VALUES ('23ECE261',  '1-1', 8.5, 8.5,  11,  80.0);
INSERT INTO cgpa (student_roll_no, cgpa, total_credits, total_percentage) VALUES ('23ECE261', 8.5, 11, 80.0);
INSERT INTO attendance (student_roll_no, date, status, subject_id, semester) VALUES ('23ECE261', '2025-02-01', 'Present', 1, '1-1');
INSERT INTO attendance (student_roll_no, date, status, subject_id, semester) VALUES ('23ECE261', '2025-02-02', 'Present', 1, '1-1');
INSERT INTO attendance (student_roll_no, date, status, subject_id, semester) VALUES ('23ECE261', '2025-02-03', 'Present', 1, '1-1');
INSERT INTO attendance (student_roll_no, date, status, subject_id, semester) VALUES ('23ECE261', '2025-02-04', 'Present', 1, '1-1');
INSERT INTO attendance (student_roll_no, date, status, subject_id, semester) VALUES ('23ECE261', '2025-02-05', 'Present', 1, '1-1');
INSERT INTO attendance (student_roll_no, date, status, subject_id, semester) VALUES ('23ECE261', '2025-02-06', 'Present', 1, '1-1');
INSERT INTO attendance (student_roll_no, date, status, subject_id, semester) VALUES ('23ECE261', '2025-02-07', 'Present', 1, '1-1');
INSERT INTO attendance (student_roll_no, date, status, subject_id, semester) VALUES ('23ECE261', '2025-02-08', 'Present', 1, '1-1');
INSERT INTO attendance (student_roll_no, date, status, subject_id, semester) VALUES ('23ECE261', '2025-02-09', 'Absent', 1, '1-1');
INSERT INTO attendance (student_roll_no, date, status, subject_id, semester) VALUES ('23ECE261', '2025-02-10', 'Present', 1, '1-1');
INSERT INTO attendance (student_roll_no, date, status, subject_id, semester) VALUES ('23ECE261', '2025-02-11', 'Absent', 1, '1-1');
INSERT INTO attendance (student_roll_no, date, status, subject_id, semester) VALUES ('23ECE261', '2025-02-12', 'Present', 1, '1-1');
INSERT INTO attendance (student_roll_no, date, status, subject_id, semester) VALUES ('23ECE261', '2025-02-13', 'Present', 1, '1-1');
INSERT INTO attendance (student_roll_no, date, status, subject_id, semester) VALUES ('23ECE261', '2025-02-14', 'Present', 1, '1-1');
INSERT INTO attendance (student_roll_no, date, status, subject_id, semester) VALUES ('23ECE261', '2025-02-15', 'Present', 1, '1-1');
INSERT INTO attendance (student_roll_no, date, status, subject_id, semester) VALUES ('23ECE261', '2025-02-16', 'Present', 1, '1-1');
INSERT INTO attendance (student_roll_no, date, status, subject_id, semester) VALUES ('23ECE261', '2025-02-17', 'Present', 1, '1-1');
INSERT INTO attendance (student_roll_no, date, status, subject_id, semester) VALUES ('23ECE261', '2025-02-18', 'Present', 1, '1-1');
INSERT INTO attendance (student_roll_no, date, status, subject_id, semester) VALUES ('23ECE261', '2025-02-19', 'Absent', 1, '1-1');
INSERT INTO fees (student_roll_no, academic_year, tuition_fees, convener_fees, due_date, paid_fees) VALUES ('23ECE261', '2024-25', 50000, 15000, '2025-05-15', 30000);
INSERT INTO students (roll_no, admission_no, name, branch, section, year, gender, dob, religion, phone, email, aadhar, address, father_name, mother_name, parents_occupation, parents_mobile, annual_income, joining_date, photo_url, is_hosteller, password_hash) VALUES ('21IT262', 'ADM21IT262', 'Arjun Gupta', 'IT', 'B', 4, 'Female', '2005-08-18', 'Muslim', '9848434741', '21it262@nsrit.edu.in', '1385-3264-1490', 'H.No 415, Street 18, Visakhapatnam, AP', 'Reddy Sanjana', 'Prasad Mishra', 'Doctor', '9848434741', 692867, '2023-07-15', 'https://api.dicebear.com/7.x/avataaars/svg?seed=21IT262', 0, 'scrypt:32768:8:1$ARD8iu2R30ZgOvjn$0c28fb2c347ac069a47026ad5d1f981cf505bbde11b1e3626b8a21147aa73e5d94d807b682b1299e2029c5c2f76884672524bbc1c3de85f345c28f406888dfe1');
INSERT INTO mentors (student_roll_no, teacher_id) VALUES ('21IT262', 'TCH012');
INSERT INTO marks (student_roll_no, subject_id, grade, grade_point, credits) VALUES ('21IT262', 1, 'A', 8, 4);
INSERT INTO internal_marks (student_roll_no, subject_id, mid1, mid2, online_tests, assignments) VALUES ('21IT262', 1, 15, 19, 10, 5);
INSERT INTO marks (student_roll_no, subject_id, grade, grade_point, credits) VALUES ('21IT262', 2, 'A', 8, 4);
INSERT INTO internal_marks (student_roll_no, subject_id, mid1, mid2, online_tests, assignments) VALUES ('21IT262', 2, 23, 16, 10, 5);
INSERT INTO marks (student_roll_no, subject_id, grade, grade_point, credits) VALUES ('21IT262', 3, 'O', 10, 4);
INSERT INTO internal_marks (student_roll_no, subject_id, mid1, mid2, online_tests, assignments) VALUES ('21IT262', 3, 24, 22, 10, 5);
INSERT INTO semester_results (student_roll_no, semester, sgpa, cgpa, total_credits, percentage) VALUES ('21IT262',  '1-1', 8.5, 8.5,  11,  80.0);
INSERT INTO cgpa (student_roll_no, cgpa, total_credits, total_percentage) VALUES ('21IT262', 8.5, 11, 80.0);
INSERT INTO attendance (student_roll_no, date, status, subject_id, semester) VALUES ('21IT262', '2025-02-01', 'Present', 1, '1-1');
INSERT INTO attendance (student_roll_no, date, status, subject_id, semester) VALUES ('21IT262', '2025-02-02', 'Present', 1, '1-1');
INSERT INTO attendance (student_roll_no, date, status, subject_id, semester) VALUES ('21IT262', '2025-02-03', 'Absent', 1, '1-1');
INSERT INTO attendance (student_roll_no, date, status, subject_id, semester) VALUES ('21IT262', '2025-02-04', 'Present', 1, '1-1');
INSERT INTO attendance (student_roll_no, date, status, subject_id, semester) VALUES ('21IT262', '2025-02-05', 'Present', 1, '1-1');
INSERT INTO attendance (student_roll_no, date, status, subject_id, semester) VALUES ('21IT262', '2025-02-06', 'Present', 1, '1-1');
INSERT INTO attendance (student_roll_no, date, status, subject_id, semester) VALUES ('21IT262', '2025-02-07', 'Absent', 1, '1-1');
INSERT INTO attendance (student_roll_no, date, status, subject_id, semester) VALUES ('21IT262', '2025-02-08', 'Present', 1, '1-1');
INSERT INTO attendance (student_roll_no, date, status, subject_id, semester) VALUES ('21IT262', '2025-02-09', 'Present', 1, '1-1');
INSERT INTO attendance (student_roll_no, date, status, subject_id, semester) VALUES ('21IT262', '2025-02-10', 'Absent', 1, '1-1');
INSERT INTO attendance (student_roll_no, date, status, subject_id, semester) VALUES ('21IT262', '2025-02-11', 'Present', 1, '1-1');
INSERT INTO attendance (student_roll_no, date, status, subject_id, semester) VALUES ('21IT262', '2025-02-12', 'Present', 1, '1-1');
INSERT INTO attendance (student_roll_no, date, status, subject_id, semester) VALUES ('21IT262', '2025-02-13', 'Present', 1, '1-1');
INSERT INTO attendance (student_roll_no, date, status, subject_id, semester) VALUES ('21IT262', '2025-02-14', 'Present', 1, '1-1');
INSERT INTO attendance (student_roll_no, date, status, subject_id, semester) VALUES ('21IT262', '2025-02-15', 'Present', 1, '1-1');
INSERT INTO attendance (student_roll_no, date, status, subject_id, semester) VALUES ('21IT262', '2025-02-16', 'Present', 1, '1-1');
INSERT INTO attendance (student_roll_no, date, status, subject_id, semester) VALUES ('21IT262', '2025-02-17', 'Present', 1, '1-1');
INSERT INTO attendance (student_roll_no, date, status, subject_id, semester) VALUES ('21IT262', '2025-02-18', 'Absent', 1, '1-1');
INSERT INTO attendance (student_roll_no, date, status, subject_id, semester) VALUES ('21IT262', '2025-02-19', 'Present', 1, '1-1');
INSERT INTO fees (student_roll_no, academic_year, tuition_fees, convener_fees, due_date, paid_fees) VALUES ('21IT262', '2024-25', 50000, 15000, '2025-05-15', 30000);
INSERT INTO students (roll_no, admission_no, name, branch, section, year, gender, dob, religion, phone, email, aadhar, address, father_name, mother_name, parents_occupation, parents_mobile, annual_income, joining_date, photo_url, is_hosteller, password_hash) VALUES ('23EEE263', 'ADM23EEE263', 'Rakesh Rao', 'EEE', 'B', 2, 'Female', '2005-12-27', 'Hindu', '9848486792', '23eee263@nsrit.edu.in', '5553-5882-4119', 'H.No 253, Street 16, Visakhapatnam, AP', 'Gupta Kiran', 'Karthik Das', 'Doctor', '9848486792', 189583, '2023-07-15', 'https://api.dicebear.com/7.x/avataaars/svg?seed=23EEE263', 0, 'scrypt:32768:8:1$ARD8iu2R30ZgOvjn$0c28fb2c347ac069a47026ad5d1f981cf505bbde11b1e3626b8a21147aa73e5d94d807b682b1299e2029c5c2f76884672524bbc1c3de85f345c28f406888dfe1');
INSERT INTO mentors (student_roll_no, teacher_id) VALUES ('23EEE263', 'TCH007');
INSERT INTO marks (student_roll_no, subject_id, grade, grade_point, credits) VALUES ('23EEE263', 1, 'C', 5, 4);
INSERT INTO internal_marks (student_roll_no, subject_id, mid1, mid2, online_tests, assignments) VALUES ('23EEE263', 1, 15, 15, 10, 5);
INSERT INTO marks (student_roll_no, subject_id, grade, grade_point, credits) VALUES ('23EEE263', 2, 'A+', 9, 4);
INSERT INTO internal_marks (student_roll_no, subject_id, mid1, mid2, online_tests, assignments) VALUES ('23EEE263', 2, 18, 17, 10, 5);
INSERT INTO marks (student_roll_no, subject_id, grade, grade_point, credits) VALUES ('23EEE263', 3, 'O', 10, 4);
INSERT INTO internal_marks (student_roll_no, subject_id, mid1, mid2, online_tests, assignments) VALUES ('23EEE263', 3, 25, 19, 10, 5);
INSERT INTO semester_results (student_roll_no, semester, sgpa, cgpa, total_credits, percentage) VALUES ('23EEE263',  '1-1', 8.5, 8.5,  11,  80.0);
INSERT INTO cgpa (student_roll_no, cgpa, total_credits, total_percentage) VALUES ('23EEE263', 8.5, 11, 80.0);
INSERT INTO attendance (student_roll_no, date, status, subject_id, semester) VALUES ('23EEE263', '2025-02-01', 'Present', 1, '1-1');
INSERT INTO attendance (student_roll_no, date, status, subject_id, semester) VALUES ('23EEE263', '2025-02-02', 'Present', 1, '1-1');
INSERT INTO attendance (student_roll_no, date, status, subject_id, semester) VALUES ('23EEE263', '2025-02-03', 'Present', 1, '1-1');
INSERT INTO attendance (student_roll_no, date, status, subject_id, semester) VALUES ('23EEE263', '2025-02-04', 'Present', 1, '1-1');
INSERT INTO attendance (student_roll_no, date, status, subject_id, semester) VALUES ('23EEE263', '2025-02-05', 'Present', 1, '1-1');
INSERT INTO attendance (student_roll_no, date, status, subject_id, semester) VALUES ('23EEE263', '2025-02-06', 'Present', 1, '1-1');
INSERT INTO attendance (student_roll_no, date, status, subject_id, semester) VALUES ('23EEE263', '2025-02-07', 'Present', 1, '1-1');
INSERT INTO attendance (student_roll_no, date, status, subject_id, semester) VALUES ('23EEE263', '2025-02-08', 'Present', 1, '1-1');
INSERT INTO attendance (student_roll_no, date, status, subject_id, semester) VALUES ('23EEE263', '2025-02-09', 'Present', 1, '1-1');
INSERT INTO attendance (student_roll_no, date, status, subject_id, semester) VALUES ('23EEE263', '2025-02-10', 'Present', 1, '1-1');
INSERT INTO attendance (student_roll_no, date, status, subject_id, semester) VALUES ('23EEE263', '2025-02-11', 'Present', 1, '1-1');
INSERT INTO attendance (student_roll_no, date, status, subject_id, semester) VALUES ('23EEE263', '2025-02-12', 'Present', 1, '1-1');
INSERT INTO attendance (student_roll_no, date, status, subject_id, semester) VALUES ('23EEE263', '2025-02-13', 'Present', 1, '1-1');
INSERT INTO attendance (student_roll_no, date, status, subject_id, semester) VALUES ('23EEE263', '2025-02-14', 'Present', 1, '1-1');
INSERT INTO attendance (student_roll_no, date, status, subject_id, semester) VALUES ('23EEE263', '2025-02-15', 'Present', 1, '1-1');
INSERT INTO attendance (student_roll_no, date, status, subject_id, semester) VALUES ('23EEE263', '2025-02-16', 'Present', 1, '1-1');
INSERT INTO attendance (student_roll_no, date, status, subject_id, semester) VALUES ('23EEE263', '2025-02-17', 'Present', 1, '1-1');
INSERT INTO attendance (student_roll_no, date, status, subject_id, semester) VALUES ('23EEE263', '2025-02-18', 'Present', 1, '1-1');
INSERT INTO attendance (student_roll_no, date, status, subject_id, semester) VALUES ('23EEE263', '2025-02-19', 'Present', 1, '1-1');
INSERT INTO fees (student_roll_no, academic_year, tuition_fees, convener_fees, due_date, paid_fees) VALUES ('23EEE263', '2024-25', 50000, 15000, '2025-05-15', 30000);
INSERT INTO students (roll_no, admission_no, name, branch, section, year, gender, dob, religion, phone, email, aadhar, address, father_name, mother_name, parents_occupation, parents_mobile, annual_income, joining_date, photo_url, is_hosteller, password_hash) VALUES ('23IT264', 'ADM23IT264', 'Suresh Singh', 'IT', 'B', 2, 'Female', '2005-09-25', 'Sikh', '9848497299', '23it264@nsrit.edu.in', '8206-1374-9870', 'H.No 132, Street 10, Visakhapatnam, AP', 'Yadav Rahul', 'Ramesh Gupta', 'Business', '9848497299', 368642, '2023-07-15', 'https://api.dicebear.com/7.x/avataaars/svg?seed=23IT264', 0, 'scrypt:32768:8:1$ARD8iu2R30ZgOvjn$0c28fb2c347ac069a47026ad5d1f981cf505bbde11b1e3626b8a21147aa73e5d94d807b682b1299e2029c5c2f76884672524bbc1c3de85f345c28f406888dfe1');
INSERT INTO mentors (student_roll_no, teacher_id) VALUES ('23IT264', 'TCH007');
INSERT INTO marks (student_roll_no, subject_id, grade, grade_point, credits) VALUES ('23IT264', 1, 'O', 10, 4);
INSERT INTO internal_marks (student_roll_no, subject_id, mid1, mid2, online_tests, assignments) VALUES ('23IT264', 1, 25, 17, 10, 5);
INSERT INTO marks (student_roll_no, subject_id, grade, grade_point, credits) VALUES ('23IT264', 2, 'B+', 7, 4);
INSERT INTO internal_marks (student_roll_no, subject_id, mid1, mid2, online_tests, assignments) VALUES ('23IT264', 2, 20, 23, 10, 5);
INSERT INTO marks (student_roll_no, subject_id, grade, grade_point, credits) VALUES ('23IT264', 3, 'B+', 7, 4);
INSERT INTO internal_marks (student_roll_no, subject_id, mid1, mid2, online_tests, assignments) VALUES ('23IT264', 3, 17, 20, 10, 5);
INSERT INTO semester_results (student_roll_no, semester, sgpa, cgpa, total_credits, percentage) VALUES ('23IT264',  '1-1', 8.5, 8.5,  11,  80.0);
INSERT INTO cgpa (student_roll_no, cgpa, total_credits, total_percentage) VALUES ('23IT264', 8.5, 11, 80.0);
INSERT INTO attendance (student_roll_no, date, status, subject_id, semester) VALUES ('23IT264', '2025-02-01', 'Present', 1, '1-1');
INSERT INTO attendance (student_roll_no, date, status, subject_id, semester) VALUES ('23IT264', '2025-02-02', 'Present', 1, '1-1');
INSERT INTO attendance (student_roll_no, date, status, subject_id, semester) VALUES ('23IT264', '2025-02-03', 'Present', 1, '1-1');
INSERT INTO attendance (student_roll_no, date, status, subject_id, semester) VALUES ('23IT264', '2025-02-04', 'Absent', 1, '1-1');
INSERT INTO attendance (student_roll_no, date, status, subject_id, semester) VALUES ('23IT264', '2025-02-05', 'Present', 1, '1-1');
INSERT INTO attendance (student_roll_no, date, status, subject_id, semester) VALUES ('23IT264', '2025-02-06', 'Present', 1, '1-1');
INSERT INTO attendance (student_roll_no, date, status, subject_id, semester) VALUES ('23IT264', '2025-02-07', 'Present', 1, '1-1');
INSERT INTO attendance (student_roll_no, date, status, subject_id, semester) VALUES ('23IT264', '2025-02-08', 'Present', 1, '1-1');
INSERT INTO attendance (student_roll_no, date, status, subject_id, semester) VALUES ('23IT264', '2025-02-09', 'Present', 1, '1-1');
INSERT INTO attendance (student_roll_no, date, status, subject_id, semester) VALUES ('23IT264', '2025-02-10', 'Absent', 1, '1-1');
INSERT INTO attendance (student_roll_no, date, status, subject_id, semester) VALUES ('23IT264', '2025-02-11', 'Present', 1, '1-1');
INSERT INTO attendance (student_roll_no, date, status, subject_id, semester) VALUES ('23IT264', '2025-02-12', 'Present', 1, '1-1');
INSERT INTO attendance (student_roll_no, date, status, subject_id, semester) VALUES ('23IT264', '2025-02-13', 'Present', 1, '1-1');
INSERT INTO attendance (student_roll_no, date, status, subject_id, semester) VALUES ('23IT264', '2025-02-14', 'Present', 1, '1-1');
INSERT INTO attendance (student_roll_no, date, status, subject_id, semester) VALUES ('23IT264', '2025-02-15', 'Absent', 1, '1-1');
INSERT INTO attendance (student_roll_no, date, status, subject_id, semester) VALUES ('23IT264', '2025-02-16', 'Present', 1, '1-1');
INSERT INTO attendance (student_roll_no, date, status, subject_id, semester) VALUES ('23IT264', '2025-02-17', 'Present', 1, '1-1');
INSERT INTO attendance (student_roll_no, date, status, subject_id, semester) VALUES ('23IT264', '2025-02-18', 'Present', 1, '1-1');
INSERT INTO attendance (student_roll_no, date, status, subject_id, semester) VALUES ('23IT264', '2025-02-19', 'Present', 1, '1-1');
INSERT INTO fees (student_roll_no, academic_year, tuition_fees, convener_fees, due_date, paid_fees) VALUES ('23IT264', '2024-25', 50000, 15000, '2025-05-15', 30000);
INSERT INTO students (roll_no, admission_no, name, branch, section, year, gender, dob, religion, phone, email, aadhar, address, father_name, mother_name, parents_occupation, parents_mobile, annual_income, joining_date, photo_url, is_hosteller, password_hash) VALUES ('21IT265', 'ADM21IT265', 'Ravi Singh', 'IT', 'C', 4, 'Female', '2005-05-15', 'Sikh', '9848544703', '21it265@nsrit.edu.in', '4221-6023-7400', 'H.No 308, Street 11, Visakhapatnam, AP', 'Reddy Prasad', 'Sanjana Reddy', 'Business', '9848544703', 718932, '2023-07-15', 'https://api.dicebear.com/7.x/avataaars/svg?seed=21IT265', 1, 'scrypt:32768:8:1$ARD8iu2R30ZgOvjn$0c28fb2c347ac069a47026ad5d1f981cf505bbde11b1e3626b8a21147aa73e5d94d807b682b1299e2029c5c2f76884672524bbc1c3de85f345c28f406888dfe1');
INSERT INTO mentors (student_roll_no, teacher_id) VALUES ('21IT265', 'TCH003');
INSERT INTO marks (student_roll_no, subject_id, grade, grade_point, credits) VALUES ('21IT265', 1, 'O', 10, 4);
INSERT INTO internal_marks (student_roll_no, subject_id, mid1, mid2, online_tests, assignments) VALUES ('21IT265', 1, 17, 21, 10, 5);
INSERT INTO marks (student_roll_no, subject_id, grade, grade_point, credits) VALUES ('21IT265', 2, 'O', 10, 4);
INSERT INTO internal_marks (student_roll_no, subject_id, mid1, mid2, online_tests, assignments) VALUES ('21IT265', 2, 20, 22, 10, 5);
INSERT INTO marks (student_roll_no, subject_id, grade, grade_point, credits) VALUES ('21IT265', 3, 'B', 6, 4);
INSERT INTO internal_marks (student_roll_no, subject_id, mid1, mid2, online_tests, assignments) VALUES ('21IT265', 3, 19, 15, 10, 5);
INSERT INTO semester_results (student_roll_no, semester, sgpa, cgpa, total_credits, percentage) VALUES ('21IT265',  '1-1', 8.5, 8.5,  11,  80.0);
INSERT INTO cgpa (student_roll_no, cgpa, total_credits, total_percentage) VALUES ('21IT265', 8.5, 11, 80.0);
INSERT INTO attendance (student_roll_no, date, status, subject_id, semester) VALUES ('21IT265', '2025-02-01', 'Present', 1, '1-1');
INSERT INTO attendance (student_roll_no, date, status, subject_id, semester) VALUES ('21IT265', '2025-02-02', 'Absent', 1, '1-1');
INSERT INTO attendance (student_roll_no, date, status, subject_id, semester) VALUES ('21IT265', '2025-02-03', 'Present', 1, '1-1');
INSERT INTO attendance (student_roll_no, date, status, subject_id, semester) VALUES ('21IT265', '2025-02-04', 'Present', 1, '1-1');
INSERT INTO attendance (student_roll_no, date, status, subject_id, semester) VALUES ('21IT265', '2025-02-05', 'Present', 1, '1-1');
INSERT INTO attendance (student_roll_no, date, status, subject_id, semester) VALUES ('21IT265', '2025-02-06', 'Present', 1, '1-1');
INSERT INTO attendance (student_roll_no, date, status, subject_id, semester) VALUES ('21IT265', '2025-02-07', 'Present', 1, '1-1');
INSERT INTO attendance (student_roll_no, date, status, subject_id, semester) VALUES ('21IT265', '2025-02-08', 'Present', 1, '1-1');
INSERT INTO attendance (student_roll_no, date, status, subject_id, semester) VALUES ('21IT265', '2025-02-09', 'Present', 1, '1-1');
INSERT INTO attendance (student_roll_no, date, status, subject_id, semester) VALUES ('21IT265', '2025-02-10', 'Present', 1, '1-1');
INSERT INTO attendance (student_roll_no, date, status, subject_id, semester) VALUES ('21IT265', '2025-02-11', 'Absent', 1, '1-1');
INSERT INTO attendance (student_roll_no, date, status, subject_id, semester) VALUES ('21IT265', '2025-02-12', 'Present', 1, '1-1');
INSERT INTO attendance (student_roll_no, date, status, subject_id, semester) VALUES ('21IT265', '2025-02-13', 'Present', 1, '1-1');
INSERT INTO attendance (student_roll_no, date, status, subject_id, semester) VALUES ('21IT265', '2025-02-14', 'Absent', 1, '1-1');
INSERT INTO attendance (student_roll_no, date, status, subject_id, semester) VALUES ('21IT265', '2025-02-15', 'Present', 1, '1-1');
INSERT INTO attendance (student_roll_no, date, status, subject_id, semester) VALUES ('21IT265', '2025-02-16', 'Present', 1, '1-1');
INSERT INTO attendance (student_roll_no, date, status, subject_id, semester) VALUES ('21IT265', '2025-02-17', 'Present', 1, '1-1');
INSERT INTO attendance (student_roll_no, date, status, subject_id, semester) VALUES ('21IT265', '2025-02-18', 'Present', 1, '1-1');
INSERT INTO attendance (student_roll_no, date, status, subject_id, semester) VALUES ('21IT265', '2025-02-19', 'Present', 1, '1-1');
INSERT INTO fees (student_roll_no, academic_year, tuition_fees, convener_fees, due_date, paid_fees) VALUES ('21IT265', '2024-25', 50000, 15000, '2025-05-15', 30000);
INSERT INTO outing_records (roll_number, date, reason) VALUES ('21IT265', '2025-03-01', 'Weekend home');
INSERT INTO students (roll_no, admission_no, name, branch, section, year, gender, dob, religion, phone, email, aadhar, address, father_name, mother_name, parents_occupation, parents_mobile, annual_income, joining_date, photo_url, is_hosteller, password_hash) VALUES ('22IT266', 'ADM22IT266', 'Divya Sharma', 'IT', 'A', 3, 'Male', '2005-09-05', 'Christian', '9848865316', '22it266@nsrit.edu.in', '2853-2875-6084', 'H.No 255, Street 5, Visakhapatnam, AP', 'Yadav Priya', 'Praveen Singh', 'Farmer', '9848865316', 423198, '2023-07-15', 'https://api.dicebear.com/7.x/avataaars/svg?seed=22IT266', 0, 'scrypt:32768:8:1$ARD8iu2R30ZgOvjn$0c28fb2c347ac069a47026ad5d1f981cf505bbde11b1e3626b8a21147aa73e5d94d807b682b1299e2029c5c2f76884672524bbc1c3de85f345c28f406888dfe1');
INSERT INTO mentors (student_roll_no, teacher_id) VALUES ('22IT266', 'TCH003');
INSERT INTO marks (student_roll_no, subject_id, grade, grade_point, credits) VALUES ('22IT266', 1, 'A', 8, 4);
INSERT INTO internal_marks (student_roll_no, subject_id, mid1, mid2, online_tests, assignments) VALUES ('22IT266', 1, 23, 22, 10, 5);
INSERT INTO marks (student_roll_no, subject_id, grade, grade_point, credits) VALUES ('22IT266', 2, 'B+', 7, 4);
INSERT INTO internal_marks (student_roll_no, subject_id, mid1, mid2, online_tests, assignments) VALUES ('22IT266', 2, 17, 24, 10, 5);
INSERT INTO marks (student_roll_no, subject_id, grade, grade_point, credits) VALUES ('22IT266', 3, 'A+', 9, 4);
INSERT INTO internal_marks (student_roll_no, subject_id, mid1, mid2, online_tests, assignments) VALUES ('22IT266', 3, 23, 25, 10, 5);
INSERT INTO semester_results (student_roll_no, semester, sgpa, cgpa, total_credits, percentage) VALUES ('22IT266',  '1-1', 8.5, 8.5,  11,  80.0);
INSERT INTO cgpa (student_roll_no, cgpa, total_credits, total_percentage) VALUES ('22IT266', 8.5, 11, 80.0);
INSERT INTO attendance (student_roll_no, date, status, subject_id, semester) VALUES ('22IT266', '2025-02-01', 'Present', 1, '1-1');
INSERT INTO attendance (student_roll_no, date, status, subject_id, semester) VALUES ('22IT266', '2025-02-02', 'Present', 1, '1-1');
INSERT INTO attendance (student_roll_no, date, status, subject_id, semester) VALUES ('22IT266', '2025-02-03', 'Present', 1, '1-1');
INSERT INTO attendance (student_roll_no, date, status, subject_id, semester) VALUES ('22IT266', '2025-02-04', 'Present', 1, '1-1');
INSERT INTO attendance (student_roll_no, date, status, subject_id, semester) VALUES ('22IT266', '2025-02-05', 'Present', 1, '1-1');
INSERT INTO attendance (student_roll_no, date, status, subject_id, semester) VALUES ('22IT266', '2025-02-06', 'Present', 1, '1-1');
INSERT INTO attendance (student_roll_no, date, status, subject_id, semester) VALUES ('22IT266', '2025-02-07', 'Present', 1, '1-1');
INSERT INTO attendance (student_roll_no, date, status, subject_id, semester) VALUES ('22IT266', '2025-02-08', 'Present', 1, '1-1');
INSERT INTO attendance (student_roll_no, date, status, subject_id, semester) VALUES ('22IT266', '2025-02-09', 'Present', 1, '1-1');
INSERT INTO attendance (student_roll_no, date, status, subject_id, semester) VALUES ('22IT266', '2025-02-10', 'Present', 1, '1-1');
INSERT INTO attendance (student_roll_no, date, status, subject_id, semester) VALUES ('22IT266', '2025-02-11', 'Absent', 1, '1-1');
INSERT INTO attendance (student_roll_no, date, status, subject_id, semester) VALUES ('22IT266', '2025-02-12', 'Present', 1, '1-1');
INSERT INTO attendance (student_roll_no, date, status, subject_id, semester) VALUES ('22IT266', '2025-02-13', 'Absent', 1, '1-1');
INSERT INTO attendance (student_roll_no, date, status, subject_id, semester) VALUES ('22IT266', '2025-02-14', 'Present', 1, '1-1');
INSERT INTO attendance (student_roll_no, date, status, subject_id, semester) VALUES ('22IT266', '2025-02-15', 'Present', 1, '1-1');
INSERT INTO attendance (student_roll_no, date, status, subject_id, semester) VALUES ('22IT266', '2025-02-16', 'Present', 1, '1-1');
INSERT INTO attendance (student_roll_no, date, status, subject_id, semester) VALUES ('22IT266', '2025-02-17', 'Absent', 1, '1-1');
INSERT INTO attendance (student_roll_no, date, status, subject_id, semester) VALUES ('22IT266', '2025-02-18', 'Present', 1, '1-1');
INSERT INTO attendance (student_roll_no, date, status, subject_id, semester) VALUES ('22IT266', '2025-02-19', 'Absent', 1, '1-1');
INSERT INTO fees (student_roll_no, academic_year, tuition_fees, convener_fees, due_date, paid_fees) VALUES ('22IT266', '2024-25', 50000, 15000, '2025-05-15', 30000);
INSERT INTO students (roll_no, admission_no, name, branch, section, year, gender, dob, religion, phone, email, aadhar, address, father_name, mother_name, parents_occupation, parents_mobile, annual_income, joining_date, photo_url, is_hosteller, password_hash) VALUES ('22IT267', 'ADM22IT267', 'Swathi Gupta', 'IT', 'C', 3, 'Male', '2005-07-27', 'Hindu', '9848994275', '22it267@nsrit.edu.in', '2756-5926-8593', 'H.No 471, Street 13, Visakhapatnam, AP', 'Patel Arjun', 'Swathi Varma', 'Doctor', '9848994275', 504082, '2023-07-15', 'https://api.dicebear.com/7.x/avataaars/svg?seed=22IT267', 0, 'scrypt:32768:8:1$ARD8iu2R30ZgOvjn$0c28fb2c347ac069a47026ad5d1f981cf505bbde11b1e3626b8a21147aa73e5d94d807b682b1299e2029c5c2f76884672524bbc1c3de85f345c28f406888dfe1');
INSERT INTO mentors (student_roll_no, teacher_id) VALUES ('22IT267', 'TCH005');
INSERT INTO marks (student_roll_no, subject_id, grade, grade_point, credits) VALUES ('22IT267', 1, 'B+', 7, 4);
INSERT INTO internal_marks (student_roll_no, subject_id, mid1, mid2, online_tests, assignments) VALUES ('22IT267', 1, 20, 15, 10, 5);
INSERT INTO marks (student_roll_no, subject_id, grade, grade_point, credits) VALUES ('22IT267', 2, 'A', 8, 4);
INSERT INTO internal_marks (student_roll_no, subject_id, mid1, mid2, online_tests, assignments) VALUES ('22IT267', 2, 15, 17, 10, 5);
INSERT INTO marks (student_roll_no, subject_id, grade, grade_point, credits) VALUES ('22IT267', 3, 'C', 5, 4);
INSERT INTO internal_marks (student_roll_no, subject_id, mid1, mid2, online_tests, assignments) VALUES ('22IT267', 3, 16, 18, 10, 5);
INSERT INTO semester_results (student_roll_no, semester, sgpa, cgpa, total_credits, percentage) VALUES ('22IT267',  '1-1', 8.5, 8.5,  11,  80.0);
INSERT INTO cgpa (student_roll_no, cgpa, total_credits, total_percentage) VALUES ('22IT267', 8.5, 11, 80.0);
INSERT INTO attendance (student_roll_no, date, status, subject_id, semester) VALUES ('22IT267', '2025-02-01', 'Present', 1, '1-1');
INSERT INTO attendance (student_roll_no, date, status, subject_id, semester) VALUES ('22IT267', '2025-02-02', 'Present', 1, '1-1');
INSERT INTO attendance (student_roll_no, date, status, subject_id, semester) VALUES ('22IT267', '2025-02-03', 'Present', 1, '1-1');
INSERT INTO attendance (student_roll_no, date, status, subject_id, semester) VALUES ('22IT267', '2025-02-04', 'Present', 1, '1-1');
INSERT INTO attendance (student_roll_no, date, status, subject_id, semester) VALUES ('22IT267', '2025-02-05', 'Present', 1, '1-1');
INSERT INTO attendance (student_roll_no, date, status, subject_id, semester) VALUES ('22IT267', '2025-02-06', 'Present', 1, '1-1');
INSERT INTO attendance (student_roll_no, date, status, subject_id, semester) VALUES ('22IT267', '2025-02-07', 'Present', 1, '1-1');
INSERT INTO attendance (student_roll_no, date, status, subject_id, semester) VALUES ('22IT267', '2025-02-08', 'Present', 1, '1-1');
INSERT INTO attendance (student_roll_no, date, status, subject_id, semester) VALUES ('22IT267', '2025-02-09', 'Present', 1, '1-1');
INSERT INTO attendance (student_roll_no, date, status, subject_id, semester) VALUES ('22IT267', '2025-02-10', 'Present', 1, '1-1');
INSERT INTO attendance (student_roll_no, date, status, subject_id, semester) VALUES ('22IT267', '2025-02-11', 'Present', 1, '1-1');
INSERT INTO attendance (student_roll_no, date, status, subject_id, semester) VALUES ('22IT267', '2025-02-12', 'Present', 1, '1-1');
INSERT INTO attendance (student_roll_no, date, status, subject_id, semester) VALUES ('22IT267', '2025-02-13', 'Present', 1, '1-1');
INSERT INTO attendance (student_roll_no, date, status, subject_id, semester) VALUES ('22IT267', '2025-02-14', 'Present', 1, '1-1');
INSERT INTO attendance (student_roll_no, date, status, subject_id, semester) VALUES ('22IT267', '2025-02-15', 'Present', 1, '1-1');
INSERT INTO attendance (student_roll_no, date, status, subject_id, semester) VALUES ('22IT267', '2025-02-16', 'Present', 1, '1-1');
INSERT INTO attendance (student_roll_no, date, status, subject_id, semester) VALUES ('22IT267', '2025-02-17', 'Present', 1, '1-1');
INSERT INTO attendance (student_roll_no, date, status, subject_id, semester) VALUES ('22IT267', '2025-02-18', 'Present', 1, '1-1');
INSERT INTO attendance (student_roll_no, date, status, subject_id, semester) VALUES ('22IT267', '2025-02-19', 'Present', 1, '1-1');
INSERT INTO fees (student_roll_no, academic_year, tuition_fees, convener_fees, due_date, paid_fees) VALUES ('22IT267', '2024-25', 50000, 15000, '2025-05-15', 30000);
INSERT INTO students (roll_no, admission_no, name, branch, section, year, gender, dob, religion, phone, email, aadhar, address, father_name, mother_name, parents_occupation, parents_mobile, annual_income, joining_date, photo_url, is_hosteller, password_hash) VALUES ('22IT268', 'ADM22IT268', 'Arjun Sharma', 'IT', 'A', 3, 'Female', '2005-02-19', 'Christian', '9848751227', '22it268@nsrit.edu.in', '5855-2008-2460', 'H.No 351, Street 12, Visakhapatnam, AP', 'Rao Hari', 'Divya Das', 'Doctor', '9848751227', 395269, '2023-07-15', 'https://api.dicebear.com/7.x/avataaars/svg?seed=22IT268', 0, 'scrypt:32768:8:1$ARD8iu2R30ZgOvjn$0c28fb2c347ac069a47026ad5d1f981cf505bbde11b1e3626b8a21147aa73e5d94d807b682b1299e2029c5c2f76884672524bbc1c3de85f345c28f406888dfe1');
INSERT INTO mentors (student_roll_no, teacher_id) VALUES ('22IT268', 'TCH013');
INSERT INTO marks (student_roll_no, subject_id, grade, grade_point, credits) VALUES ('22IT268', 1, 'O', 10, 4);
INSERT INTO internal_marks (student_roll_no, subject_id, mid1, mid2, online_tests, assignments) VALUES ('22IT268', 1, 22, 18, 10, 5);
INSERT INTO marks (student_roll_no, subject_id, grade, grade_point, credits) VALUES ('22IT268', 2, 'A+', 9, 4);
INSERT INTO internal_marks (student_roll_no, subject_id, mid1, mid2, online_tests, assignments) VALUES ('22IT268', 2, 17, 18, 10, 5);
INSERT INTO marks (student_roll_no, subject_id, grade, grade_point, credits) VALUES ('22IT268', 3, 'C', 5, 4);
INSERT INTO internal_marks (student_roll_no, subject_id, mid1, mid2, online_tests, assignments) VALUES ('22IT268', 3, 16, 19, 10, 5);
INSERT INTO semester_results (student_roll_no, semester, sgpa, cgpa, total_credits, percentage) VALUES ('22IT268',  '1-1', 8.5, 8.5,  11,  80.0);
INSERT INTO cgpa (student_roll_no, cgpa, total_credits, total_percentage) VALUES ('22IT268', 8.5, 11, 80.0);
INSERT INTO attendance (student_roll_no, date, status, subject_id, semester) VALUES ('22IT268', '2025-02-01', 'Present', 1, '1-1');
INSERT INTO attendance (student_roll_no, date, status, subject_id, semester) VALUES ('22IT268', '2025-02-02', 'Present', 1, '1-1');
INSERT INTO attendance (student_roll_no, date, status, subject_id, semester) VALUES ('22IT268', '2025-02-03', 'Present', 1, '1-1');
INSERT INTO attendance (student_roll_no, date, status, subject_id, semester) VALUES ('22IT268', '2025-02-04', 'Present', 1, '1-1');
INSERT INTO attendance (student_roll_no, date, status, subject_id, semester) VALUES ('22IT268', '2025-02-05', 'Present', 1, '1-1');
INSERT INTO attendance (student_roll_no, date, status, subject_id, semester) VALUES ('22IT268', '2025-02-06', 'Absent', 1, '1-1');
INSERT INTO attendance (student_roll_no, date, status, subject_id, semester) VALUES ('22IT268', '2025-02-07', 'Present', 1, '1-1');
INSERT INTO attendance (student_roll_no, date, status, subject_id, semester) VALUES ('22IT268', '2025-02-08', 'Present', 1, '1-1');
INSERT INTO attendance (student_roll_no, date, status, subject_id, semester) VALUES ('22IT268', '2025-02-09', 'Present', 1, '1-1');
INSERT INTO attendance (student_roll_no, date, status, subject_id, semester) VALUES ('22IT268', '2025-02-10', 'Present', 1, '1-1');
INSERT INTO attendance (student_roll_no, date, status, subject_id, semester) VALUES ('22IT268', '2025-02-11', 'Present', 1, '1-1');
INSERT INTO attendance (student_roll_no, date, status, subject_id, semester) VALUES ('22IT268', '2025-02-12', 'Absent', 1, '1-1');
INSERT INTO attendance (student_roll_no, date, status, subject_id, semester) VALUES ('22IT268', '2025-02-13', 'Present', 1, '1-1');
INSERT INTO attendance (student_roll_no, date, status, subject_id, semester) VALUES ('22IT268', '2025-02-14', 'Present', 1, '1-1');
INSERT INTO attendance (student_roll_no, date, status, subject_id, semester) VALUES ('22IT268', '2025-02-15', 'Present', 1, '1-1');
INSERT INTO attendance (student_roll_no, date, status, subject_id, semester) VALUES ('22IT268', '2025-02-16', 'Present', 1, '1-1');
INSERT INTO attendance (student_roll_no, date, status, subject_id, semester) VALUES ('22IT268', '2025-02-17', 'Present', 1, '1-1');
INSERT INTO attendance (student_roll_no, date, status, subject_id, semester) VALUES ('22IT268', '2025-02-18', 'Present', 1, '1-1');
INSERT INTO attendance (student_roll_no, date, status, subject_id, semester) VALUES ('22IT268', '2025-02-19', 'Present', 1, '1-1');
INSERT INTO fees (student_roll_no, academic_year, tuition_fees, convener_fees, due_date, paid_fees) VALUES ('22IT268', '2024-25', 50000, 15000, '2025-05-15', 30000);
INSERT INTO students (roll_no, admission_no, name, branch, section, year, gender, dob, religion, phone, email, aadhar, address, father_name, mother_name, parents_occupation, parents_mobile, annual_income, joining_date, photo_url, is_hosteller, password_hash) VALUES ('21MECH269', 'ADM21MECH269', 'Venkata Yadav', 'MECH', 'B', 4, 'Male', '2005-07-06', 'Sikh', '9848827668', '21mech269@nsrit.edu.in', '1922-2545-4322', 'H.No 89, Street 4, Visakhapatnam, AP', 'Singh Ravi', 'Venkata Singh', 'Business', '9848827668', 972623, '2023-07-15', 'https://api.dicebear.com/7.x/avataaars/svg?seed=21MECH269', 0, 'scrypt:32768:8:1$ARD8iu2R30ZgOvjn$0c28fb2c347ac069a47026ad5d1f981cf505bbde11b1e3626b8a21147aa73e5d94d807b682b1299e2029c5c2f76884672524bbc1c3de85f345c28f406888dfe1');
INSERT INTO mentors (student_roll_no, teacher_id) VALUES ('21MECH269', 'TCH001');
INSERT INTO marks (student_roll_no, subject_id, grade, grade_point, credits) VALUES ('21MECH269', 1, 'A+', 9, 4);
INSERT INTO internal_marks (student_roll_no, subject_id, mid1, mid2, online_tests, assignments) VALUES ('21MECH269', 1, 21, 21, 10, 5);
INSERT INTO marks (student_roll_no, subject_id, grade, grade_point, credits) VALUES ('21MECH269', 2, 'O', 10, 4);
INSERT INTO internal_marks (student_roll_no, subject_id, mid1, mid2, online_tests, assignments) VALUES ('21MECH269', 2, 22, 15, 10, 5);
INSERT INTO marks (student_roll_no, subject_id, grade, grade_point, credits) VALUES ('21MECH269', 3, 'B', 6, 4);
INSERT INTO internal_marks (student_roll_no, subject_id, mid1, mid2, online_tests, assignments) VALUES ('21MECH269', 3, 16, 16, 10, 5);
INSERT INTO semester_results (student_roll_no, semester, sgpa, cgpa, total_credits, percentage) VALUES ('21MECH269',  '1-1', 8.5, 8.5,  11,  80.0);
INSERT INTO cgpa (student_roll_no, cgpa, total_credits, total_percentage) VALUES ('21MECH269', 8.5, 11, 80.0);
INSERT INTO attendance (student_roll_no, date, status, subject_id, semester) VALUES ('21MECH269', '2025-02-01', 'Present', 1, '1-1');
INSERT INTO attendance (student_roll_no, date, status, subject_id, semester) VALUES ('21MECH269', '2025-02-02', 'Present', 1, '1-1');
INSERT INTO attendance (student_roll_no, date, status, subject_id, semester) VALUES ('21MECH269', '2025-02-03', 'Present', 1, '1-1');
INSERT INTO attendance (student_roll_no, date, status, subject_id, semester) VALUES ('21MECH269', '2025-02-04', 'Present', 1, '1-1');
INSERT INTO attendance (student_roll_no, date, status, subject_id, semester) VALUES ('21MECH269', '2025-02-05', 'Present', 1, '1-1');
INSERT INTO attendance (student_roll_no, date, status, subject_id, semester) VALUES ('21MECH269', '2025-02-06', 'Present', 1, '1-1');
INSERT INTO attendance (student_roll_no, date, status, subject_id, semester) VALUES ('21MECH269', '2025-02-07', 'Present', 1, '1-1');
INSERT INTO attendance (student_roll_no, date, status, subject_id, semester) VALUES ('21MECH269', '2025-02-08', 'Present', 1, '1-1');
INSERT INTO attendance (student_roll_no, date, status, subject_id, semester) VALUES ('21MECH269', '2025-02-09', 'Present', 1, '1-1');
INSERT INTO attendance (student_roll_no, date, status, subject_id, semester) VALUES ('21MECH269', '2025-02-10', 'Present', 1, '1-1');
INSERT INTO attendance (student_roll_no, date, status, subject_id, semester) VALUES ('21MECH269', '2025-02-11', 'Present', 1, '1-1');
INSERT INTO attendance (student_roll_no, date, status, subject_id, semester) VALUES ('21MECH269', '2025-02-12', 'Absent', 1, '1-1');
INSERT INTO attendance (student_roll_no, date, status, subject_id, semester) VALUES ('21MECH269', '2025-02-13', 'Present', 1, '1-1');
INSERT INTO attendance (student_roll_no, date, status, subject_id, semester) VALUES ('21MECH269', '2025-02-14', 'Present', 1, '1-1');
INSERT INTO attendance (student_roll_no, date, status, subject_id, semester) VALUES ('21MECH269', '2025-02-15', 'Present', 1, '1-1');
INSERT INTO attendance (student_roll_no, date, status, subject_id, semester) VALUES ('21MECH269', '2025-02-16', 'Absent', 1, '1-1');
INSERT INTO attendance (student_roll_no, date, status, subject_id, semester) VALUES ('21MECH269', '2025-02-17', 'Present', 1, '1-1');
INSERT INTO attendance (student_roll_no, date, status, subject_id, semester) VALUES ('21MECH269', '2025-02-18', 'Absent', 1, '1-1');
INSERT INTO attendance (student_roll_no, date, status, subject_id, semester) VALUES ('21MECH269', '2025-02-19', 'Present', 1, '1-1');
INSERT INTO fees (student_roll_no, academic_year, tuition_fees, convener_fees, due_date, paid_fees) VALUES ('21MECH269', '2024-25', 50000, 15000, '2025-05-15', 30000);
INSERT INTO students (roll_no, admission_no, name, branch, section, year, gender, dob, religion, phone, email, aadhar, address, father_name, mother_name, parents_occupation, parents_mobile, annual_income, joining_date, photo_url, is_hosteller, password_hash) VALUES ('24CIVIL270', 'ADM24CIVIL270', 'Naveen Mishra', 'CIVIL', 'A', 1, 'Female', '2005-07-12', 'Sikh', '9848431902', '24civil270@nsrit.edu.in', '2591-7783-6224', 'H.No 370, Street 14, Visakhapatnam, AP', 'Varma Hari', 'Gayathri Rao', 'Business', '9848431902', 545001, '2024-07-15', 'https://api.dicebear.com/7.x/avataaars/svg?seed=24CIVIL270', 1, 'scrypt:32768:8:1$ARD8iu2R30ZgOvjn$0c28fb2c347ac069a47026ad5d1f981cf505bbde11b1e3626b8a21147aa73e5d94d807b682b1299e2029c5c2f76884672524bbc1c3de85f345c28f406888dfe1');
INSERT INTO mentors (student_roll_no, teacher_id) VALUES ('24CIVIL270', 'TCH010');
INSERT INTO marks (student_roll_no, subject_id, grade, grade_point, credits) VALUES ('24CIVIL270', 1, 'A', 8, 4);
INSERT INTO internal_marks (student_roll_no, subject_id, mid1, mid2, online_tests, assignments) VALUES ('24CIVIL270', 1, 16, 18, 10, 5);
INSERT INTO marks (student_roll_no, subject_id, grade, grade_point, credits) VALUES ('24CIVIL270', 2, 'B+', 7, 4);
INSERT INTO internal_marks (student_roll_no, subject_id, mid1, mid2, online_tests, assignments) VALUES ('24CIVIL270', 2, 16, 25, 10, 5);
INSERT INTO marks (student_roll_no, subject_id, grade, grade_point, credits) VALUES ('24CIVIL270', 3, 'B', 6, 4);
INSERT INTO internal_marks (student_roll_no, subject_id, mid1, mid2, online_tests, assignments) VALUES ('24CIVIL270', 3, 22, 16, 10, 5);
INSERT INTO semester_results (student_roll_no, semester, sgpa, cgpa, total_credits, percentage) VALUES ('24CIVIL270',  '1-1', 8.5, 8.5,  11,  80.0);
INSERT INTO cgpa (student_roll_no, cgpa, total_credits, total_percentage) VALUES ('24CIVIL270', 8.5, 11, 80.0);
INSERT INTO attendance (student_roll_no, date, status, subject_id, semester) VALUES ('24CIVIL270', '2025-02-01', 'Present', 1, '1-1');
INSERT INTO attendance (student_roll_no, date, status, subject_id, semester) VALUES ('24CIVIL270', '2025-02-02', 'Present', 1, '1-1');
INSERT INTO attendance (student_roll_no, date, status, subject_id, semester) VALUES ('24CIVIL270', '2025-02-03', 'Present', 1, '1-1');
INSERT INTO attendance (student_roll_no, date, status, subject_id, semester) VALUES ('24CIVIL270', '2025-02-04', 'Present', 1, '1-1');
INSERT INTO attendance (student_roll_no, date, status, subject_id, semester) VALUES ('24CIVIL270', '2025-02-05', 'Present', 1, '1-1');
INSERT INTO attendance (student_roll_no, date, status, subject_id, semester) VALUES ('24CIVIL270', '2025-02-06', 'Present', 1, '1-1');
INSERT INTO attendance (student_roll_no, date, status, subject_id, semester) VALUES ('24CIVIL270', '2025-02-07', 'Present', 1, '1-1');
INSERT INTO attendance (student_roll_no, date, status, subject_id, semester) VALUES ('24CIVIL270', '2025-02-08', 'Present', 1, '1-1');
INSERT INTO attendance (student_roll_no, date, status, subject_id, semester) VALUES ('24CIVIL270', '2025-02-09', 'Present', 1, '1-1');
INSERT INTO attendance (student_roll_no, date, status, subject_id, semester) VALUES ('24CIVIL270', '2025-02-10', 'Present', 1, '1-1');
INSERT INTO attendance (student_roll_no, date, status, subject_id, semester) VALUES ('24CIVIL270', '2025-02-11', 'Present', 1, '1-1');
INSERT INTO attendance (student_roll_no, date, status, subject_id, semester) VALUES ('24CIVIL270', '2025-02-12', 'Present', 1, '1-1');
INSERT INTO attendance (student_roll_no, date, status, subject_id, semester) VALUES ('24CIVIL270', '2025-02-13', 'Present', 1, '1-1');
INSERT INTO attendance (student_roll_no, date, status, subject_id, semester) VALUES ('24CIVIL270', '2025-02-14', 'Present', 1, '1-1');
INSERT INTO attendance (student_roll_no, date, status, subject_id, semester) VALUES ('24CIVIL270', '2025-02-15', 'Present', 1, '1-1');
INSERT INTO attendance (student_roll_no, date, status, subject_id, semester) VALUES ('24CIVIL270', '2025-02-16', 'Present', 1, '1-1');
INSERT INTO attendance (student_roll_no, date, status, subject_id, semester) VALUES ('24CIVIL270', '2025-02-17', 'Present', 1, '1-1');
INSERT INTO attendance (student_roll_no, date, status, subject_id, semester) VALUES ('24CIVIL270', '2025-02-18', 'Present', 1, '1-1');
INSERT INTO attendance (student_roll_no, date, status, subject_id, semester) VALUES ('24CIVIL270', '2025-02-19', 'Present', 1, '1-1');
INSERT INTO fees (student_roll_no, academic_year, tuition_fees, convener_fees, due_date, paid_fees) VALUES ('24CIVIL270', '2024-25', 50000, 15000, '2025-05-15', 30000);
INSERT INTO outing_records (roll_number, date, reason) VALUES ('24CIVIL270', '2025-03-01', 'Weekend home');
INSERT INTO students (roll_no, admission_no, name, branch, section, year, gender, dob, religion, phone, email, aadhar, address, father_name, mother_name, parents_occupation, parents_mobile, annual_income, joining_date, photo_url, is_hosteller, password_hash) VALUES ('24CSE271', 'ADM24CSE271', 'Gayathri Sharma', 'CSE', 'C', 1, 'Male', '2005-01-30', 'Muslim', '9848600175', '24cse271@nsrit.edu.in', '5824-2206-1531', 'H.No 380, Street 20, Visakhapatnam, AP', 'Rao Suresh', 'Praveen Naidu', 'Teacher', '9848600175', 795932, '2024-07-15', 'https://api.dicebear.com/7.x/avataaars/svg?seed=24CSE271', 0, 'scrypt:32768:8:1$ARD8iu2R30ZgOvjn$0c28fb2c347ac069a47026ad5d1f981cf505bbde11b1e3626b8a21147aa73e5d94d807b682b1299e2029c5c2f76884672524bbc1c3de85f345c28f406888dfe1');
INSERT INTO mentors (student_roll_no, teacher_id) VALUES ('24CSE271', 'TCH014');
INSERT INTO marks (student_roll_no, subject_id, grade, grade_point, credits) VALUES ('24CSE271', 1, 'O', 10, 4);
INSERT INTO internal_marks (student_roll_no, subject_id, mid1, mid2, online_tests, assignments) VALUES ('24CSE271', 1, 25, 15, 10, 5);
INSERT INTO marks (student_roll_no, subject_id, grade, grade_point, credits) VALUES ('24CSE271', 2, 'A', 8, 4);
INSERT INTO internal_marks (student_roll_no, subject_id, mid1, mid2, online_tests, assignments) VALUES ('24CSE271', 2, 16, 24, 10, 5);
INSERT INTO marks (student_roll_no, subject_id, grade, grade_point, credits) VALUES ('24CSE271', 3, 'B', 6, 4);
INSERT INTO internal_marks (student_roll_no, subject_id, mid1, mid2, online_tests, assignments) VALUES ('24CSE271', 3, 16, 23, 10, 5);
INSERT INTO semester_results (student_roll_no, semester, sgpa, cgpa, total_credits, percentage) VALUES ('24CSE271',  '1-1', 8.5, 8.5,  11,  80.0);
INSERT INTO cgpa (student_roll_no, cgpa, total_credits, total_percentage) VALUES ('24CSE271', 8.5, 11, 80.0);
INSERT INTO attendance (student_roll_no, date, status, subject_id, semester) VALUES ('24CSE271', '2025-02-01', 'Present', 1, '1-1');
INSERT INTO attendance (student_roll_no, date, status, subject_id, semester) VALUES ('24CSE271', '2025-02-02', 'Absent', 1, '1-1');
INSERT INTO attendance (student_roll_no, date, status, subject_id, semester) VALUES ('24CSE271', '2025-02-03', 'Present', 1, '1-1');
INSERT INTO attendance (student_roll_no, date, status, subject_id, semester) VALUES ('24CSE271', '2025-02-04', 'Present', 1, '1-1');
INSERT INTO attendance (student_roll_no, date, status, subject_id, semester) VALUES ('24CSE271', '2025-02-05', 'Present', 1, '1-1');
INSERT INTO attendance (student_roll_no, date, status, subject_id, semester) VALUES ('24CSE271', '2025-02-06', 'Present', 1, '1-1');
INSERT INTO attendance (student_roll_no, date, status, subject_id, semester) VALUES ('24CSE271', '2025-02-07', 'Present', 1, '1-1');
INSERT INTO attendance (student_roll_no, date, status, subject_id, semester) VALUES ('24CSE271', '2025-02-08', 'Present', 1, '1-1');
INSERT INTO attendance (student_roll_no, date, status, subject_id, semester) VALUES ('24CSE271', '2025-02-09', 'Present', 1, '1-1');
INSERT INTO attendance (student_roll_no, date, status, subject_id, semester) VALUES ('24CSE271', '2025-02-10', 'Absent', 1, '1-1');
INSERT INTO attendance (student_roll_no, date, status, subject_id, semester) VALUES ('24CSE271', '2025-02-11', 'Present', 1, '1-1');
INSERT INTO attendance (student_roll_no, date, status, subject_id, semester) VALUES ('24CSE271', '2025-02-12', 'Present', 1, '1-1');
INSERT INTO attendance (student_roll_no, date, status, subject_id, semester) VALUES ('24CSE271', '2025-02-13', 'Present', 1, '1-1');
INSERT INTO attendance (student_roll_no, date, status, subject_id, semester) VALUES ('24CSE271', '2025-02-14', 'Present', 1, '1-1');
INSERT INTO attendance (student_roll_no, date, status, subject_id, semester) VALUES ('24CSE271', '2025-02-15', 'Present', 1, '1-1');
INSERT INTO attendance (student_roll_no, date, status, subject_id, semester) VALUES ('24CSE271', '2025-02-16', 'Present', 1, '1-1');
INSERT INTO attendance (student_roll_no, date, status, subject_id, semester) VALUES ('24CSE271', '2025-02-17', 'Present', 1, '1-1');
INSERT INTO attendance (student_roll_no, date, status, subject_id, semester) VALUES ('24CSE271', '2025-02-18', 'Present', 1, '1-1');
INSERT INTO attendance (student_roll_no, date, status, subject_id, semester) VALUES ('24CSE271', '2025-02-19', 'Present', 1, '1-1');
INSERT INTO fees (student_roll_no, academic_year, tuition_fees, convener_fees, due_date, paid_fees) VALUES ('24CSE271', '2024-25', 50000, 15000, '2025-05-15', 30000);
INSERT INTO students (roll_no, admission_no, name, branch, section, year, gender, dob, religion, phone, email, aadhar, address, father_name, mother_name, parents_occupation, parents_mobile, annual_income, joining_date, photo_url, is_hosteller, password_hash) VALUES ('24MECH272', 'ADM24MECH272', 'Priya Singh', 'MECH', 'C', 1, 'Female', '2005-10-24', 'Muslim', '9848412210', '24mech272@nsrit.edu.in', '5036-7485-2500', 'H.No 320, Street 15, Visakhapatnam, AP', 'Goud Rahul', 'Rakesh Singh', 'Farmer', '9848412210', 909475, '2024-07-15', 'https://api.dicebear.com/7.x/avataaars/svg?seed=24MECH272', 0, 'scrypt:32768:8:1$ARD8iu2R30ZgOvjn$0c28fb2c347ac069a47026ad5d1f981cf505bbde11b1e3626b8a21147aa73e5d94d807b682b1299e2029c5c2f76884672524bbc1c3de85f345c28f406888dfe1');
INSERT INTO mentors (student_roll_no, teacher_id) VALUES ('24MECH272', 'TCH011');
INSERT INTO marks (student_roll_no, subject_id, grade, grade_point, credits) VALUES ('24MECH272', 1, 'B+', 7, 4);
INSERT INTO internal_marks (student_roll_no, subject_id, mid1, mid2, online_tests, assignments) VALUES ('24MECH272', 1, 16, 23, 10, 5);
INSERT INTO marks (student_roll_no, subject_id, grade, grade_point, credits) VALUES ('24MECH272', 2, 'C', 5, 4);
INSERT INTO internal_marks (student_roll_no, subject_id, mid1, mid2, online_tests, assignments) VALUES ('24MECH272', 2, 19, 17, 10, 5);
INSERT INTO marks (student_roll_no, subject_id, grade, grade_point, credits) VALUES ('24MECH272', 3, 'C', 5, 4);
INSERT INTO internal_marks (student_roll_no, subject_id, mid1, mid2, online_tests, assignments) VALUES ('24MECH272', 3, 16, 23, 10, 5);
INSERT INTO semester_results (student_roll_no, semester, sgpa, cgpa, total_credits, percentage) VALUES ('24MECH272',  '1-1', 8.5, 8.5,  11,  80.0);
INSERT INTO cgpa (student_roll_no, cgpa, total_credits, total_percentage) VALUES ('24MECH272', 8.5, 11, 80.0);
INSERT INTO attendance (student_roll_no, date, status, subject_id, semester) VALUES ('24MECH272', '2025-02-01', 'Present', 1, '1-1');
INSERT INTO attendance (student_roll_no, date, status, subject_id, semester) VALUES ('24MECH272', '2025-02-02', 'Present', 1, '1-1');
INSERT INTO attendance (student_roll_no, date, status, subject_id, semester) VALUES ('24MECH272', '2025-02-03', 'Present', 1, '1-1');
INSERT INTO attendance (student_roll_no, date, status, subject_id, semester) VALUES ('24MECH272', '2025-02-04', 'Present', 1, '1-1');
INSERT INTO attendance (student_roll_no, date, status, subject_id, semester) VALUES ('24MECH272', '2025-02-05', 'Present', 1, '1-1');
INSERT INTO attendance (student_roll_no, date, status, subject_id, semester) VALUES ('24MECH272', '2025-02-06', 'Present', 1, '1-1');
INSERT INTO attendance (student_roll_no, date, status, subject_id, semester) VALUES ('24MECH272', '2025-02-07', 'Present', 1, '1-1');
INSERT INTO attendance (student_roll_no, date, status, subject_id, semester) VALUES ('24MECH272', '2025-02-08', 'Present', 1, '1-1');
INSERT INTO attendance (student_roll_no, date, status, subject_id, semester) VALUES ('24MECH272', '2025-02-09', 'Present', 1, '1-1');
INSERT INTO attendance (student_roll_no, date, status, subject_id, semester) VALUES ('24MECH272', '2025-02-10', 'Absent', 1, '1-1');
INSERT INTO attendance (student_roll_no, date, status, subject_id, semester) VALUES ('24MECH272', '2025-02-11', 'Present', 1, '1-1');
INSERT INTO attendance (student_roll_no, date, status, subject_id, semester) VALUES ('24MECH272', '2025-02-12', 'Present', 1, '1-1');
INSERT INTO attendance (student_roll_no, date, status, subject_id, semester) VALUES ('24MECH272', '2025-02-13', 'Absent', 1, '1-1');
INSERT INTO attendance (student_roll_no, date, status, subject_id, semester) VALUES ('24MECH272', '2025-02-14', 'Present', 1, '1-1');
INSERT INTO attendance (student_roll_no, date, status, subject_id, semester) VALUES ('24MECH272', '2025-02-15', 'Present', 1, '1-1');
INSERT INTO attendance (student_roll_no, date, status, subject_id, semester) VALUES ('24MECH272', '2025-02-16', 'Present', 1, '1-1');
INSERT INTO attendance (student_roll_no, date, status, subject_id, semester) VALUES ('24MECH272', '2025-02-17', 'Present', 1, '1-1');
INSERT INTO attendance (student_roll_no, date, status, subject_id, semester) VALUES ('24MECH272', '2025-02-18', 'Present', 1, '1-1');
INSERT INTO attendance (student_roll_no, date, status, subject_id, semester) VALUES ('24MECH272', '2025-02-19', 'Absent', 1, '1-1');
INSERT INTO fees (student_roll_no, academic_year, tuition_fees, convener_fees, due_date, paid_fees) VALUES ('24MECH272', '2024-25', 50000, 15000, '2025-05-15', 30000);
INSERT INTO students (roll_no, admission_no, name, branch, section, year, gender, dob, religion, phone, email, aadhar, address, father_name, mother_name, parents_occupation, parents_mobile, annual_income, joining_date, photo_url, is_hosteller, password_hash) VALUES ('22MECH273', 'ADM22MECH273', 'Swathi Patel', 'MECH', 'B', 3, 'Male', '2005-01-17', 'Hindu', '9848642256', '22mech273@nsrit.edu.in', '8740-1403-6986', 'H.No 372, Street 11, Visakhapatnam, AP', 'Kumar Arjun', 'Ravi Rao', 'Teacher', '9848642256', 189305, '2023-07-15', 'https://api.dicebear.com/7.x/avataaars/svg?seed=22MECH273', 0, 'scrypt:32768:8:1$ARD8iu2R30ZgOvjn$0c28fb2c347ac069a47026ad5d1f981cf505bbde11b1e3626b8a21147aa73e5d94d807b682b1299e2029c5c2f76884672524bbc1c3de85f345c28f406888dfe1');
INSERT INTO mentors (student_roll_no, teacher_id) VALUES ('22MECH273', 'TCH006');
INSERT INTO marks (student_roll_no, subject_id, grade, grade_point, credits) VALUES ('22MECH273', 1, 'B', 6, 4);
INSERT INTO internal_marks (student_roll_no, subject_id, mid1, mid2, online_tests, assignments) VALUES ('22MECH273', 1, 15, 23, 10, 5);
INSERT INTO marks (student_roll_no, subject_id, grade, grade_point, credits) VALUES ('22MECH273', 2, 'A+', 9, 4);
INSERT INTO internal_marks (student_roll_no, subject_id, mid1, mid2, online_tests, assignments) VALUES ('22MECH273', 2, 21, 23, 10, 5);
INSERT INTO marks (student_roll_no, subject_id, grade, grade_point, credits) VALUES ('22MECH273', 3, 'B', 6, 4);
INSERT INTO internal_marks (student_roll_no, subject_id, mid1, mid2, online_tests, assignments) VALUES ('22MECH273', 3, 17, 21, 10, 5);
INSERT INTO semester_results (student_roll_no, semester, sgpa, cgpa, total_credits, percentage) VALUES ('22MECH273',  '1-1', 8.5, 8.5,  11,  80.0);
INSERT INTO cgpa (student_roll_no, cgpa, total_credits, total_percentage) VALUES ('22MECH273', 8.5, 11, 80.0);
INSERT INTO attendance (student_roll_no, date, status, subject_id, semester) VALUES ('22MECH273', '2025-02-01', 'Present', 1, '1-1');
INSERT INTO attendance (student_roll_no, date, status, subject_id, semester) VALUES ('22MECH273', '2025-02-02', 'Present', 1, '1-1');
INSERT INTO attendance (student_roll_no, date, status, subject_id, semester) VALUES ('22MECH273', '2025-02-03', 'Present', 1, '1-1');
INSERT INTO attendance (student_roll_no, date, status, subject_id, semester) VALUES ('22MECH273', '2025-02-04', 'Present', 1, '1-1');
INSERT INTO attendance (student_roll_no, date, status, subject_id, semester) VALUES ('22MECH273', '2025-02-05', 'Present', 1, '1-1');
INSERT INTO attendance (student_roll_no, date, status, subject_id, semester) VALUES ('22MECH273', '2025-02-06', 'Present', 1, '1-1');
INSERT INTO attendance (student_roll_no, date, status, subject_id, semester) VALUES ('22MECH273', '2025-02-07', 'Present', 1, '1-1');
INSERT INTO attendance (student_roll_no, date, status, subject_id, semester) VALUES ('22MECH273', '2025-02-08', 'Present', 1, '1-1');
INSERT INTO attendance (student_roll_no, date, status, subject_id, semester) VALUES ('22MECH273', '2025-02-09', 'Present', 1, '1-1');
INSERT INTO attendance (student_roll_no, date, status, subject_id, semester) VALUES ('22MECH273', '2025-02-10', 'Present', 1, '1-1');
INSERT INTO attendance (student_roll_no, date, status, subject_id, semester) VALUES ('22MECH273', '2025-02-11', 'Present', 1, '1-1');
INSERT INTO attendance (student_roll_no, date, status, subject_id, semester) VALUES ('22MECH273', '2025-02-12', 'Present', 1, '1-1');
INSERT INTO attendance (student_roll_no, date, status, subject_id, semester) VALUES ('22MECH273', '2025-02-13', 'Absent', 1, '1-1');
INSERT INTO attendance (student_roll_no, date, status, subject_id, semester) VALUES ('22MECH273', '2025-02-14', 'Present', 1, '1-1');
INSERT INTO attendance (student_roll_no, date, status, subject_id, semester) VALUES ('22MECH273', '2025-02-15', 'Present', 1, '1-1');
INSERT INTO attendance (student_roll_no, date, status, subject_id, semester) VALUES ('22MECH273', '2025-02-16', 'Present', 1, '1-1');
INSERT INTO attendance (student_roll_no, date, status, subject_id, semester) VALUES ('22MECH273', '2025-02-17', 'Present', 1, '1-1');
INSERT INTO attendance (student_roll_no, date, status, subject_id, semester) VALUES ('22MECH273', '2025-02-18', 'Present', 1, '1-1');
INSERT INTO attendance (student_roll_no, date, status, subject_id, semester) VALUES ('22MECH273', '2025-02-19', 'Present', 1, '1-1');
INSERT INTO fees (student_roll_no, academic_year, tuition_fees, convener_fees, due_date, paid_fees) VALUES ('22MECH273', '2024-25', 50000, 15000, '2025-05-15', 30000);
INSERT INTO students (roll_no, admission_no, name, branch, section, year, gender, dob, religion, phone, email, aadhar, address, father_name, mother_name, parents_occupation, parents_mobile, annual_income, joining_date, photo_url, is_hosteller, password_hash) VALUES ('24ECE274', 'ADM24ECE274', 'Naveen Sharma', 'ECE', 'B', 1, 'Male', '2005-07-23', 'Christian', '9848385454', '24ece274@nsrit.edu.in', '4962-4992-8181', 'H.No 291, Street 13, Visakhapatnam, AP', 'Rao Naveen', 'Akhil Varma', 'Doctor', '9848385454', 425040, '2024-07-15', 'https://api.dicebear.com/7.x/avataaars/svg?seed=24ECE274', 0, 'scrypt:32768:8:1$ARD8iu2R30ZgOvjn$0c28fb2c347ac069a47026ad5d1f981cf505bbde11b1e3626b8a21147aa73e5d94d807b682b1299e2029c5c2f76884672524bbc1c3de85f345c28f406888dfe1');
INSERT INTO mentors (student_roll_no, teacher_id) VALUES ('24ECE274', 'TCH011');
INSERT INTO marks (student_roll_no, subject_id, grade, grade_point, credits) VALUES ('24ECE274', 1, 'B+', 7, 4);
INSERT INTO internal_marks (student_roll_no, subject_id, mid1, mid2, online_tests, assignments) VALUES ('24ECE274', 1, 20, 19, 10, 5);
INSERT INTO marks (student_roll_no, subject_id, grade, grade_point, credits) VALUES ('24ECE274', 2, 'B', 6, 4);
INSERT INTO internal_marks (student_roll_no, subject_id, mid1, mid2, online_tests, assignments) VALUES ('24ECE274', 2, 22, 20, 10, 5);
INSERT INTO marks (student_roll_no, subject_id, grade, grade_point, credits) VALUES ('24ECE274', 3, 'O', 10, 4);
INSERT INTO internal_marks (student_roll_no, subject_id, mid1, mid2, online_tests, assignments) VALUES ('24ECE274', 3, 22, 24, 10, 5);
INSERT INTO semester_results (student_roll_no, semester, sgpa, cgpa, total_credits, percentage) VALUES ('24ECE274',  '1-1', 8.5, 8.5,  11,  80.0);
INSERT INTO cgpa (student_roll_no, cgpa, total_credits, total_percentage) VALUES ('24ECE274', 8.5, 11, 80.0);
INSERT INTO attendance (student_roll_no, date, status, subject_id, semester) VALUES ('24ECE274', '2025-02-01', 'Present', 1, '1-1');
INSERT INTO attendance (student_roll_no, date, status, subject_id, semester) VALUES ('24ECE274', '2025-02-02', 'Absent', 1, '1-1');
INSERT INTO attendance (student_roll_no, date, status, subject_id, semester) VALUES ('24ECE274', '2025-02-03', 'Present', 1, '1-1');
INSERT INTO attendance (student_roll_no, date, status, subject_id, semester) VALUES ('24ECE274', '2025-02-04', 'Present', 1, '1-1');
INSERT INTO attendance (student_roll_no, date, status, subject_id, semester) VALUES ('24ECE274', '2025-02-05', 'Present', 1, '1-1');
INSERT INTO attendance (student_roll_no, date, status, subject_id, semester) VALUES ('24ECE274', '2025-02-06', 'Present', 1, '1-1');
INSERT INTO attendance (student_roll_no, date, status, subject_id, semester) VALUES ('24ECE274', '2025-02-07', 'Present', 1, '1-1');
INSERT INTO attendance (student_roll_no, date, status, subject_id, semester) VALUES ('24ECE274', '2025-02-08', 'Present', 1, '1-1');
INSERT INTO attendance (student_roll_no, date, status, subject_id, semester) VALUES ('24ECE274', '2025-02-09', 'Present', 1, '1-1');
INSERT INTO attendance (student_roll_no, date, status, subject_id, semester) VALUES ('24ECE274', '2025-02-10', 'Absent', 1, '1-1');
INSERT INTO attendance (student_roll_no, date, status, subject_id, semester) VALUES ('24ECE274', '2025-02-11', 'Present', 1, '1-1');
INSERT INTO attendance (student_roll_no, date, status, subject_id, semester) VALUES ('24ECE274', '2025-02-12', 'Present', 1, '1-1');
INSERT INTO attendance (student_roll_no, date, status, subject_id, semester) VALUES ('24ECE274', '2025-02-13', 'Present', 1, '1-1');
INSERT INTO attendance (student_roll_no, date, status, subject_id, semester) VALUES ('24ECE274', '2025-02-14', 'Absent', 1, '1-1');
INSERT INTO attendance (student_roll_no, date, status, subject_id, semester) VALUES ('24ECE274', '2025-02-15', 'Present', 1, '1-1');
INSERT INTO attendance (student_roll_no, date, status, subject_id, semester) VALUES ('24ECE274', '2025-02-16', 'Present', 1, '1-1');
INSERT INTO attendance (student_roll_no, date, status, subject_id, semester) VALUES ('24ECE274', '2025-02-17', 'Absent', 1, '1-1');
INSERT INTO attendance (student_roll_no, date, status, subject_id, semester) VALUES ('24ECE274', '2025-02-18', 'Present', 1, '1-1');
INSERT INTO attendance (student_roll_no, date, status, subject_id, semester) VALUES ('24ECE274', '2025-02-19', 'Present', 1, '1-1');
INSERT INTO fees (student_roll_no, academic_year, tuition_fees, convener_fees, due_date, paid_fees) VALUES ('24ECE274', '2024-25', 50000, 15000, '2025-05-15', 30000);
INSERT INTO students (roll_no, admission_no, name, branch, section, year, gender, dob, religion, phone, email, aadhar, address, father_name, mother_name, parents_occupation, parents_mobile, annual_income, joining_date, photo_url, is_hosteller, password_hash) VALUES ('23IT275', 'ADM23IT275', 'Sai Chowdary', 'IT', 'C', 2, 'Male', '2005-01-29', 'Muslim', '9848792036', '23it275@nsrit.edu.in', '2194-3269-8727', 'H.No 21, Street 19, Visakhapatnam, AP', 'Varma Prasad', 'Rahul Gupta', 'Business', '9848792036', 338356, '2023-07-15', 'https://api.dicebear.com/7.x/avataaars/svg?seed=23IT275', 1, 'scrypt:32768:8:1$ARD8iu2R30ZgOvjn$0c28fb2c347ac069a47026ad5d1f981cf505bbde11b1e3626b8a21147aa73e5d94d807b682b1299e2029c5c2f76884672524bbc1c3de85f345c28f406888dfe1');
INSERT INTO mentors (student_roll_no, teacher_id) VALUES ('23IT275', 'TCH010');
INSERT INTO marks (student_roll_no, subject_id, grade, grade_point, credits) VALUES ('23IT275', 1, 'C', 5, 4);
INSERT INTO internal_marks (student_roll_no, subject_id, mid1, mid2, online_tests, assignments) VALUES ('23IT275', 1, 16, 17, 10, 5);
INSERT INTO marks (student_roll_no, subject_id, grade, grade_point, credits) VALUES ('23IT275', 2, 'C', 5, 4);
INSERT INTO internal_marks (student_roll_no, subject_id, mid1, mid2, online_tests, assignments) VALUES ('23IT275', 2, 21, 19, 10, 5);
INSERT INTO marks (student_roll_no, subject_id, grade, grade_point, credits) VALUES ('23IT275', 3, 'B+', 7, 4);
INSERT INTO internal_marks (student_roll_no, subject_id, mid1, mid2, online_tests, assignments) VALUES ('23IT275', 3, 24, 21, 10, 5);
INSERT INTO semester_results (student_roll_no, semester, sgpa, cgpa, total_credits, percentage) VALUES ('23IT275',  '1-1', 8.5, 8.5,  11,  80.0);
INSERT INTO cgpa (student_roll_no, cgpa, total_credits, total_percentage) VALUES ('23IT275', 8.5, 11, 80.0);
INSERT INTO attendance (student_roll_no, date, status, subject_id, semester) VALUES ('23IT275', '2025-02-01', 'Present', 1, '1-1');
INSERT INTO attendance (student_roll_no, date, status, subject_id, semester) VALUES ('23IT275', '2025-02-02', 'Present', 1, '1-1');
INSERT INTO attendance (student_roll_no, date, status, subject_id, semester) VALUES ('23IT275', '2025-02-03', 'Absent', 1, '1-1');
INSERT INTO attendance (student_roll_no, date, status, subject_id, semester) VALUES ('23IT275', '2025-02-04', 'Present', 1, '1-1');
INSERT INTO attendance (student_roll_no, date, status, subject_id, semester) VALUES ('23IT275', '2025-02-05', 'Present', 1, '1-1');
INSERT INTO attendance (student_roll_no, date, status, subject_id, semester) VALUES ('23IT275', '2025-02-06', 'Present', 1, '1-1');
INSERT INTO attendance (student_roll_no, date, status, subject_id, semester) VALUES ('23IT275', '2025-02-07', 'Present', 1, '1-1');
INSERT INTO attendance (student_roll_no, date, status, subject_id, semester) VALUES ('23IT275', '2025-02-08', 'Present', 1, '1-1');
INSERT INTO attendance (student_roll_no, date, status, subject_id, semester) VALUES ('23IT275', '2025-02-09', 'Present', 1, '1-1');
INSERT INTO attendance (student_roll_no, date, status, subject_id, semester) VALUES ('23IT275', '2025-02-10', 'Present', 1, '1-1');
INSERT INTO attendance (student_roll_no, date, status, subject_id, semester) VALUES ('23IT275', '2025-02-11', 'Present', 1, '1-1');
INSERT INTO attendance (student_roll_no, date, status, subject_id, semester) VALUES ('23IT275', '2025-02-12', 'Present', 1, '1-1');
INSERT INTO attendance (student_roll_no, date, status, subject_id, semester) VALUES ('23IT275', '2025-02-13', 'Absent', 1, '1-1');
INSERT INTO attendance (student_roll_no, date, status, subject_id, semester) VALUES ('23IT275', '2025-02-14', 'Absent', 1, '1-1');
INSERT INTO attendance (student_roll_no, date, status, subject_id, semester) VALUES ('23IT275', '2025-02-15', 'Present', 1, '1-1');
INSERT INTO attendance (student_roll_no, date, status, subject_id, semester) VALUES ('23IT275', '2025-02-16', 'Present', 1, '1-1');
INSERT INTO attendance (student_roll_no, date, status, subject_id, semester) VALUES ('23IT275', '2025-02-17', 'Present', 1, '1-1');
INSERT INTO attendance (student_roll_no, date, status, subject_id, semester) VALUES ('23IT275', '2025-02-18', 'Present', 1, '1-1');
INSERT INTO attendance (student_roll_no, date, status, subject_id, semester) VALUES ('23IT275', '2025-02-19', 'Present', 1, '1-1');
INSERT INTO fees (student_roll_no, academic_year, tuition_fees, convener_fees, due_date, paid_fees) VALUES ('23IT275', '2024-25', 50000, 15000, '2025-05-15', 30000);
INSERT INTO outing_records (roll_number, date, reason) VALUES ('23IT275', '2025-03-01', 'Weekend home');
INSERT INTO students (roll_no, admission_no, name, branch, section, year, gender, dob, religion, phone, email, aadhar, address, father_name, mother_name, parents_occupation, parents_mobile, annual_income, joining_date, photo_url, is_hosteller, password_hash) VALUES ('24ECE276', 'ADM24ECE276', 'Sowmya Gupta', 'ECE', 'A', 1, 'Female', '2005-04-08', 'Christian', '9848452529', '24ece276@nsrit.edu.in', '5004-6966-5973', 'H.No 414, Street 14, Visakhapatnam, AP', 'Goud Ravi', 'Arjun Goud', 'Doctor', '9848452529', 939882, '2024-07-15', 'https://api.dicebear.com/7.x/avataaars/svg?seed=24ECE276', 0, 'scrypt:32768:8:1$ARD8iu2R30ZgOvjn$0c28fb2c347ac069a47026ad5d1f981cf505bbde11b1e3626b8a21147aa73e5d94d807b682b1299e2029c5c2f76884672524bbc1c3de85f345c28f406888dfe1');
INSERT INTO mentors (student_roll_no, teacher_id) VALUES ('24ECE276', 'TCH003');
INSERT INTO marks (student_roll_no, subject_id, grade, grade_point, credits) VALUES ('24ECE276', 1, 'B+', 7, 4);
INSERT INTO internal_marks (student_roll_no, subject_id, mid1, mid2, online_tests, assignments) VALUES ('24ECE276', 1, 17, 21, 10, 5);
INSERT INTO marks (student_roll_no, subject_id, grade, grade_point, credits) VALUES ('24ECE276', 2, 'B+', 7, 4);
INSERT INTO internal_marks (student_roll_no, subject_id, mid1, mid2, online_tests, assignments) VALUES ('24ECE276', 2, 22, 18, 10, 5);
INSERT INTO marks (student_roll_no, subject_id, grade, grade_point, credits) VALUES ('24ECE276', 3, 'A+', 9, 4);
INSERT INTO internal_marks (student_roll_no, subject_id, mid1, mid2, online_tests, assignments) VALUES ('24ECE276', 3, 21, 18, 10, 5);
INSERT INTO semester_results (student_roll_no, semester, sgpa, cgpa, total_credits, percentage) VALUES ('24ECE276',  '1-1', 8.5, 8.5,  11,  80.0);
INSERT INTO cgpa (student_roll_no, cgpa, total_credits, total_percentage) VALUES ('24ECE276', 8.5, 11, 80.0);
INSERT INTO attendance (student_roll_no, date, status, subject_id, semester) VALUES ('24ECE276', '2025-02-01', 'Present', 1, '1-1');
INSERT INTO attendance (student_roll_no, date, status, subject_id, semester) VALUES ('24ECE276', '2025-02-02', 'Present', 1, '1-1');
INSERT INTO attendance (student_roll_no, date, status, subject_id, semester) VALUES ('24ECE276', '2025-02-03', 'Absent', 1, '1-1');
INSERT INTO attendance (student_roll_no, date, status, subject_id, semester) VALUES ('24ECE276', '2025-02-04', 'Present', 1, '1-1');
INSERT INTO attendance (student_roll_no, date, status, subject_id, semester) VALUES ('24ECE276', '2025-02-05', 'Present', 1, '1-1');
INSERT INTO attendance (student_roll_no, date, status, subject_id, semester) VALUES ('24ECE276', '2025-02-06', 'Present', 1, '1-1');
INSERT INTO attendance (student_roll_no, date, status, subject_id, semester) VALUES ('24ECE276', '2025-02-07', 'Present', 1, '1-1');
INSERT INTO attendance (student_roll_no, date, status, subject_id, semester) VALUES ('24ECE276', '2025-02-08', 'Present', 1, '1-1');
INSERT INTO attendance (student_roll_no, date, status, subject_id, semester) VALUES ('24ECE276', '2025-02-09', 'Present', 1, '1-1');
INSERT INTO attendance (student_roll_no, date, status, subject_id, semester) VALUES ('24ECE276', '2025-02-10', 'Present', 1, '1-1');
INSERT INTO attendance (student_roll_no, date, status, subject_id, semester) VALUES ('24ECE276', '2025-02-11', 'Present', 1, '1-1');
INSERT INTO attendance (student_roll_no, date, status, subject_id, semester) VALUES ('24ECE276', '2025-02-12', 'Present', 1, '1-1');
INSERT INTO attendance (student_roll_no, date, status, subject_id, semester) VALUES ('24ECE276', '2025-02-13', 'Present', 1, '1-1');
INSERT INTO attendance (student_roll_no, date, status, subject_id, semester) VALUES ('24ECE276', '2025-02-14', 'Present', 1, '1-1');
INSERT INTO attendance (student_roll_no, date, status, subject_id, semester) VALUES ('24ECE276', '2025-02-15', 'Present', 1, '1-1');
INSERT INTO attendance (student_roll_no, date, status, subject_id, semester) VALUES ('24ECE276', '2025-02-16', 'Absent', 1, '1-1');
INSERT INTO attendance (student_roll_no, date, status, subject_id, semester) VALUES ('24ECE276', '2025-02-17', 'Present', 1, '1-1');
INSERT INTO attendance (student_roll_no, date, status, subject_id, semester) VALUES ('24ECE276', '2025-02-18', 'Present', 1, '1-1');
INSERT INTO attendance (student_roll_no, date, status, subject_id, semester) VALUES ('24ECE276', '2025-02-19', 'Present', 1, '1-1');
INSERT INTO fees (student_roll_no, academic_year, tuition_fees, convener_fees, due_date, paid_fees) VALUES ('24ECE276', '2024-25', 50000, 15000, '2025-05-15', 30000);
INSERT INTO students (roll_no, admission_no, name, branch, section, year, gender, dob, religion, phone, email, aadhar, address, father_name, mother_name, parents_occupation, parents_mobile, annual_income, joining_date, photo_url, is_hosteller, password_hash) VALUES ('22IT277', 'ADM22IT277', 'Arjun Gupta', 'IT', 'C', 3, 'Male', '2005-03-14', 'Muslim', '9848805320', '22it277@nsrit.edu.in', '3159-1599-3957', 'H.No 243, Street 1, Visakhapatnam, AP', 'Rao Swathi', 'Sanjana Reddy', 'Business', '9848805320', 484921, '2023-07-15', 'https://api.dicebear.com/7.x/avataaars/svg?seed=22IT277', 0, 'scrypt:32768:8:1$ARD8iu2R30ZgOvjn$0c28fb2c347ac069a47026ad5d1f981cf505bbde11b1e3626b8a21147aa73e5d94d807b682b1299e2029c5c2f76884672524bbc1c3de85f345c28f406888dfe1');
INSERT INTO mentors (student_roll_no, teacher_id) VALUES ('22IT277', 'TCH009');
INSERT INTO marks (student_roll_no, subject_id, grade, grade_point, credits) VALUES ('22IT277', 1, 'B', 6, 4);
INSERT INTO internal_marks (student_roll_no, subject_id, mid1, mid2, online_tests, assignments) VALUES ('22IT277', 1, 18, 24, 10, 5);
INSERT INTO marks (student_roll_no, subject_id, grade, grade_point, credits) VALUES ('22IT277', 2, 'O', 10, 4);
INSERT INTO internal_marks (student_roll_no, subject_id, mid1, mid2, online_tests, assignments) VALUES ('22IT277', 2, 17, 18, 10, 5);
INSERT INTO marks (student_roll_no, subject_id, grade, grade_point, credits) VALUES ('22IT277', 3, 'O', 10, 4);
INSERT INTO internal_marks (student_roll_no, subject_id, mid1, mid2, online_tests, assignments) VALUES ('22IT277', 3, 16, 20, 10, 5);
INSERT INTO semester_results (student_roll_no, semester, sgpa, cgpa, total_credits, percentage) VALUES ('22IT277',  '1-1', 8.5, 8.5,  11,  80.0);
INSERT INTO cgpa (student_roll_no, cgpa, total_credits, total_percentage) VALUES ('22IT277', 8.5, 11, 80.0);
INSERT INTO attendance (student_roll_no, date, status, subject_id, semester) VALUES ('22IT277', '2025-02-01', 'Present', 1, '1-1');
INSERT INTO attendance (student_roll_no, date, status, subject_id, semester) VALUES ('22IT277', '2025-02-02', 'Present', 1, '1-1');
INSERT INTO attendance (student_roll_no, date, status, subject_id, semester) VALUES ('22IT277', '2025-02-03', 'Present', 1, '1-1');
INSERT INTO attendance (student_roll_no, date, status, subject_id, semester) VALUES ('22IT277', '2025-02-04', 'Present', 1, '1-1');
INSERT INTO attendance (student_roll_no, date, status, subject_id, semester) VALUES ('22IT277', '2025-02-05', 'Absent', 1, '1-1');
INSERT INTO attendance (student_roll_no, date, status, subject_id, semester) VALUES ('22IT277', '2025-02-06', 'Absent', 1, '1-1');
INSERT INTO attendance (student_roll_no, date, status, subject_id, semester) VALUES ('22IT277', '2025-02-07', 'Present', 1, '1-1');
INSERT INTO attendance (student_roll_no, date, status, subject_id, semester) VALUES ('22IT277', '2025-02-08', 'Present', 1, '1-1');
INSERT INTO attendance (student_roll_no, date, status, subject_id, semester) VALUES ('22IT277', '2025-02-09', 'Present', 1, '1-1');
INSERT INTO attendance (student_roll_no, date, status, subject_id, semester) VALUES ('22IT277', '2025-02-10', 'Present', 1, '1-1');
INSERT INTO attendance (student_roll_no, date, status, subject_id, semester) VALUES ('22IT277', '2025-02-11', 'Present', 1, '1-1');
INSERT INTO attendance (student_roll_no, date, status, subject_id, semester) VALUES ('22IT277', '2025-02-12', 'Present', 1, '1-1');
INSERT INTO attendance (student_roll_no, date, status, subject_id, semester) VALUES ('22IT277', '2025-02-13', 'Present', 1, '1-1');
INSERT INTO attendance (student_roll_no, date, status, subject_id, semester) VALUES ('22IT277', '2025-02-14', 'Present', 1, '1-1');
INSERT INTO attendance (student_roll_no, date, status, subject_id, semester) VALUES ('22IT277', '2025-02-15', 'Present', 1, '1-1');
INSERT INTO attendance (student_roll_no, date, status, subject_id, semester) VALUES ('22IT277', '2025-02-16', 'Present', 1, '1-1');
INSERT INTO attendance (student_roll_no, date, status, subject_id, semester) VALUES ('22IT277', '2025-02-17', 'Present', 1, '1-1');
INSERT INTO attendance (student_roll_no, date, status, subject_id, semester) VALUES ('22IT277', '2025-02-18', 'Present', 1, '1-1');
INSERT INTO attendance (student_roll_no, date, status, subject_id, semester) VALUES ('22IT277', '2025-02-19', 'Present', 1, '1-1');
INSERT INTO fees (student_roll_no, academic_year, tuition_fees, convener_fees, due_date, paid_fees) VALUES ('22IT277', '2024-25', 50000, 15000, '2025-05-15', 30000);
INSERT INTO students (roll_no, admission_no, name, branch, section, year, gender, dob, religion, phone, email, aadhar, address, father_name, mother_name, parents_occupation, parents_mobile, annual_income, joining_date, photo_url, is_hosteller, password_hash) VALUES ('23CIVIL278', 'ADM23CIVIL278', 'Hari Mishra', 'CIVIL', 'C', 2, 'Female', '2005-03-19', 'Hindu', '9848903213', '23civil278@nsrit.edu.in', '4274-9410-2045', 'H.No 166, Street 20, Visakhapatnam, AP', 'Varma Karthik', 'Ramesh Mishra', 'Business', '9848903213', 565300, '2023-07-15', 'https://api.dicebear.com/7.x/avataaars/svg?seed=23CIVIL278', 0, 'scrypt:32768:8:1$ARD8iu2R30ZgOvjn$0c28fb2c347ac069a47026ad5d1f981cf505bbde11b1e3626b8a21147aa73e5d94d807b682b1299e2029c5c2f76884672524bbc1c3de85f345c28f406888dfe1');
INSERT INTO mentors (student_roll_no, teacher_id) VALUES ('23CIVIL278', 'TCH005');
INSERT INTO marks (student_roll_no, subject_id, grade, grade_point, credits) VALUES ('23CIVIL278', 1, 'C', 5, 4);
INSERT INTO internal_marks (student_roll_no, subject_id, mid1, mid2, online_tests, assignments) VALUES ('23CIVIL278', 1, 20, 19, 10, 5);
INSERT INTO marks (student_roll_no, subject_id, grade, grade_point, credits) VALUES ('23CIVIL278', 2, 'B+', 7, 4);
INSERT INTO internal_marks (student_roll_no, subject_id, mid1, mid2, online_tests, assignments) VALUES ('23CIVIL278', 2, 15, 20, 10, 5);
INSERT INTO marks (student_roll_no, subject_id, grade, grade_point, credits) VALUES ('23CIVIL278', 3, 'B+', 7, 4);
INSERT INTO internal_marks (student_roll_no, subject_id, mid1, mid2, online_tests, assignments) VALUES ('23CIVIL278', 3, 20, 18, 10, 5);
INSERT INTO semester_results (student_roll_no, semester, sgpa, cgpa, total_credits, percentage) VALUES ('23CIVIL278',  '1-1', 8.5, 8.5,  11,  80.0);
INSERT INTO cgpa (student_roll_no, cgpa, total_credits, total_percentage) VALUES ('23CIVIL278', 8.5, 11, 80.0);
INSERT INTO attendance (student_roll_no, date, status, subject_id, semester) VALUES ('23CIVIL278', '2025-02-01', 'Present', 1, '1-1');
INSERT INTO attendance (student_roll_no, date, status, subject_id, semester) VALUES ('23CIVIL278', '2025-02-02', 'Present', 1, '1-1');
INSERT INTO attendance (student_roll_no, date, status, subject_id, semester) VALUES ('23CIVIL278', '2025-02-03', 'Present', 1, '1-1');
INSERT INTO attendance (student_roll_no, date, status, subject_id, semester) VALUES ('23CIVIL278', '2025-02-04', 'Present', 1, '1-1');
INSERT INTO attendance (student_roll_no, date, status, subject_id, semester) VALUES ('23CIVIL278', '2025-02-05', 'Present', 1, '1-1');
INSERT INTO attendance (student_roll_no, date, status, subject_id, semester) VALUES ('23CIVIL278', '2025-02-06', 'Present', 1, '1-1');
INSERT INTO attendance (student_roll_no, date, status, subject_id, semester) VALUES ('23CIVIL278', '2025-02-07', 'Present', 1, '1-1');
INSERT INTO attendance (student_roll_no, date, status, subject_id, semester) VALUES ('23CIVIL278', '2025-02-08', 'Present', 1, '1-1');
INSERT INTO attendance (student_roll_no, date, status, subject_id, semester) VALUES ('23CIVIL278', '2025-02-09', 'Present', 1, '1-1');
INSERT INTO attendance (student_roll_no, date, status, subject_id, semester) VALUES ('23CIVIL278', '2025-02-10', 'Absent', 1, '1-1');
INSERT INTO attendance (student_roll_no, date, status, subject_id, semester) VALUES ('23CIVIL278', '2025-02-11', 'Present', 1, '1-1');
INSERT INTO attendance (student_roll_no, date, status, subject_id, semester) VALUES ('23CIVIL278', '2025-02-12', 'Present', 1, '1-1');
INSERT INTO attendance (student_roll_no, date, status, subject_id, semester) VALUES ('23CIVIL278', '2025-02-13', 'Present', 1, '1-1');
INSERT INTO attendance (student_roll_no, date, status, subject_id, semester) VALUES ('23CIVIL278', '2025-02-14', 'Present', 1, '1-1');
INSERT INTO attendance (student_roll_no, date, status, subject_id, semester) VALUES ('23CIVIL278', '2025-02-15', 'Present', 1, '1-1');
INSERT INTO attendance (student_roll_no, date, status, subject_id, semester) VALUES ('23CIVIL278', '2025-02-16', 'Present', 1, '1-1');
INSERT INTO attendance (student_roll_no, date, status, subject_id, semester) VALUES ('23CIVIL278', '2025-02-17', 'Present', 1, '1-1');
INSERT INTO attendance (student_roll_no, date, status, subject_id, semester) VALUES ('23CIVIL278', '2025-02-18', 'Present', 1, '1-1');
INSERT INTO attendance (student_roll_no, date, status, subject_id, semester) VALUES ('23CIVIL278', '2025-02-19', 'Present', 1, '1-1');
INSERT INTO fees (student_roll_no, academic_year, tuition_fees, convener_fees, due_date, paid_fees) VALUES ('23CIVIL278', '2024-25', 50000, 15000, '2025-05-15', 30000);
INSERT INTO students (roll_no, admission_no, name, branch, section, year, gender, dob, religion, phone, email, aadhar, address, father_name, mother_name, parents_occupation, parents_mobile, annual_income, joining_date, photo_url, is_hosteller, password_hash) VALUES ('22EEE279', 'ADM22EEE279', 'Akhil Naidu', 'EEE', 'A', 3, 'Male', '2005-04-23', 'Muslim', '9848773694', '22eee279@nsrit.edu.in', '9809-1560-4361', 'H.No 71, Street 15, Visakhapatnam, AP', 'Yadav Priya', 'Prasad Kumar', 'Teacher', '9848773694', 155783, '2023-07-15', 'https://api.dicebear.com/7.x/avataaars/svg?seed=22EEE279', 0, 'scrypt:32768:8:1$ARD8iu2R30ZgOvjn$0c28fb2c347ac069a47026ad5d1f981cf505bbde11b1e3626b8a21147aa73e5d94d807b682b1299e2029c5c2f76884672524bbc1c3de85f345c28f406888dfe1');
INSERT INTO mentors (student_roll_no, teacher_id) VALUES ('22EEE279', 'TCH014');
INSERT INTO marks (student_roll_no, subject_id, grade, grade_point, credits) VALUES ('22EEE279', 1, 'B+', 7, 4);
INSERT INTO internal_marks (student_roll_no, subject_id, mid1, mid2, online_tests, assignments) VALUES ('22EEE279', 1, 16, 21, 10, 5);
INSERT INTO marks (student_roll_no, subject_id, grade, grade_point, credits) VALUES ('22EEE279', 2, 'B+', 7, 4);
INSERT INTO internal_marks (student_roll_no, subject_id, mid1, mid2, online_tests, assignments) VALUES ('22EEE279', 2, 24, 23, 10, 5);
INSERT INTO marks (student_roll_no, subject_id, grade, grade_point, credits) VALUES ('22EEE279', 3, 'O', 10, 4);
INSERT INTO internal_marks (student_roll_no, subject_id, mid1, mid2, online_tests, assignments) VALUES ('22EEE279', 3, 25, 19, 10, 5);
INSERT INTO semester_results (student_roll_no, semester, sgpa, cgpa, total_credits, percentage) VALUES ('22EEE279',  '1-1', 8.5, 8.5,  11,  80.0);
INSERT INTO cgpa (student_roll_no, cgpa, total_credits, total_percentage) VALUES ('22EEE279', 8.5, 11, 80.0);
INSERT INTO attendance (student_roll_no, date, status, subject_id, semester) VALUES ('22EEE279', '2025-02-01', 'Absent', 1, '1-1');
INSERT INTO attendance (student_roll_no, date, status, subject_id, semester) VALUES ('22EEE279', '2025-02-02', 'Absent', 1, '1-1');
INSERT INTO attendance (student_roll_no, date, status, subject_id, semester) VALUES ('22EEE279', '2025-02-03', 'Present', 1, '1-1');
INSERT INTO attendance (student_roll_no, date, status, subject_id, semester) VALUES ('22EEE279', '2025-02-04', 'Present', 1, '1-1');
INSERT INTO attendance (student_roll_no, date, status, subject_id, semester) VALUES ('22EEE279', '2025-02-05', 'Absent', 1, '1-1');
INSERT INTO attendance (student_roll_no, date, status, subject_id, semester) VALUES ('22EEE279', '2025-02-06', 'Present', 1, '1-1');
INSERT INTO attendance (student_roll_no, date, status, subject_id, semester) VALUES ('22EEE279', '2025-02-07', 'Present', 1, '1-1');
INSERT INTO attendance (student_roll_no, date, status, subject_id, semester) VALUES ('22EEE279', '2025-02-08', 'Present', 1, '1-1');
INSERT INTO attendance (student_roll_no, date, status, subject_id, semester) VALUES ('22EEE279', '2025-02-09', 'Present', 1, '1-1');
INSERT INTO attendance (student_roll_no, date, status, subject_id, semester) VALUES ('22EEE279', '2025-02-10', 'Present', 1, '1-1');
INSERT INTO attendance (student_roll_no, date, status, subject_id, semester) VALUES ('22EEE279', '2025-02-11', 'Present', 1, '1-1');
INSERT INTO attendance (student_roll_no, date, status, subject_id, semester) VALUES ('22EEE279', '2025-02-12', 'Present', 1, '1-1');
INSERT INTO attendance (student_roll_no, date, status, subject_id, semester) VALUES ('22EEE279', '2025-02-13', 'Present', 1, '1-1');
INSERT INTO attendance (student_roll_no, date, status, subject_id, semester) VALUES ('22EEE279', '2025-02-14', 'Present', 1, '1-1');
INSERT INTO attendance (student_roll_no, date, status, subject_id, semester) VALUES ('22EEE279', '2025-02-15', 'Present', 1, '1-1');
INSERT INTO attendance (student_roll_no, date, status, subject_id, semester) VALUES ('22EEE279', '2025-02-16', 'Present', 1, '1-1');
INSERT INTO attendance (student_roll_no, date, status, subject_id, semester) VALUES ('22EEE279', '2025-02-17', 'Present', 1, '1-1');
INSERT INTO attendance (student_roll_no, date, status, subject_id, semester) VALUES ('22EEE279', '2025-02-18', 'Present', 1, '1-1');
INSERT INTO attendance (student_roll_no, date, status, subject_id, semester) VALUES ('22EEE279', '2025-02-19', 'Present', 1, '1-1');
INSERT INTO fees (student_roll_no, academic_year, tuition_fees, convener_fees, due_date, paid_fees) VALUES ('22EEE279', '2024-25', 50000, 15000, '2025-05-15', 30000);
INSERT INTO students (roll_no, admission_no, name, branch, section, year, gender, dob, religion, phone, email, aadhar, address, father_name, mother_name, parents_occupation, parents_mobile, annual_income, joining_date, photo_url, is_hosteller, password_hash) VALUES ('23EEE280', 'ADM23EEE280', 'Divya Kumar', 'EEE', 'C', 2, 'Male', '2005-08-24', 'Christian', '9848634199', '23eee280@nsrit.edu.in', '7305-3134-7634', 'H.No 422, Street 10, Visakhapatnam, AP', 'Chowdary Akhil', 'Rahul Rao', 'Engineer', '9848634199', 193405, '2023-07-15', 'https://api.dicebear.com/7.x/avataaars/svg?seed=23EEE280', 1, 'scrypt:32768:8:1$ARD8iu2R30ZgOvjn$0c28fb2c347ac069a47026ad5d1f981cf505bbde11b1e3626b8a21147aa73e5d94d807b682b1299e2029c5c2f76884672524bbc1c3de85f345c28f406888dfe1');
INSERT INTO mentors (student_roll_no, teacher_id) VALUES ('23EEE280', 'TCH009');
INSERT INTO marks (student_roll_no, subject_id, grade, grade_point, credits) VALUES ('23EEE280', 1, 'B+', 7, 4);
INSERT INTO internal_marks (student_roll_no, subject_id, mid1, mid2, online_tests, assignments) VALUES ('23EEE280', 1, 19, 19, 10, 5);
INSERT INTO marks (student_roll_no, subject_id, grade, grade_point, credits) VALUES ('23EEE280', 2, 'C', 5, 4);
INSERT INTO internal_marks (student_roll_no, subject_id, mid1, mid2, online_tests, assignments) VALUES ('23EEE280', 2, 23, 18, 10, 5);
INSERT INTO marks (student_roll_no, subject_id, grade, grade_point, credits) VALUES ('23EEE280', 3, 'O', 10, 4);
INSERT INTO internal_marks (student_roll_no, subject_id, mid1, mid2, online_tests, assignments) VALUES ('23EEE280', 3, 23, 18, 10, 5);
INSERT INTO semester_results (student_roll_no, semester, sgpa, cgpa, total_credits, percentage) VALUES ('23EEE280',  '1-1', 8.5, 8.5,  11,  80.0);
INSERT INTO cgpa (student_roll_no, cgpa, total_credits, total_percentage) VALUES ('23EEE280', 8.5, 11, 80.0);
INSERT INTO attendance (student_roll_no, date, status, subject_id, semester) VALUES ('23EEE280', '2025-02-01', 'Present', 1, '1-1');
INSERT INTO attendance (student_roll_no, date, status, subject_id, semester) VALUES ('23EEE280', '2025-02-02', 'Present', 1, '1-1');
INSERT INTO attendance (student_roll_no, date, status, subject_id, semester) VALUES ('23EEE280', '2025-02-03', 'Present', 1, '1-1');
INSERT INTO attendance (student_roll_no, date, status, subject_id, semester) VALUES ('23EEE280', '2025-02-04', 'Present', 1, '1-1');
INSERT INTO attendance (student_roll_no, date, status, subject_id, semester) VALUES ('23EEE280', '2025-02-05', 'Present', 1, '1-1');
INSERT INTO attendance (student_roll_no, date, status, subject_id, semester) VALUES ('23EEE280', '2025-02-06', 'Present', 1, '1-1');
INSERT INTO attendance (student_roll_no, date, status, subject_id, semester) VALUES ('23EEE280', '2025-02-07', 'Present', 1, '1-1');
INSERT INTO attendance (student_roll_no, date, status, subject_id, semester) VALUES ('23EEE280', '2025-02-08', 'Present', 1, '1-1');
INSERT INTO attendance (student_roll_no, date, status, subject_id, semester) VALUES ('23EEE280', '2025-02-09', 'Present', 1, '1-1');
INSERT INTO attendance (student_roll_no, date, status, subject_id, semester) VALUES ('23EEE280', '2025-02-10', 'Present', 1, '1-1');
INSERT INTO attendance (student_roll_no, date, status, subject_id, semester) VALUES ('23EEE280', '2025-02-11', 'Present', 1, '1-1');
INSERT INTO attendance (student_roll_no, date, status, subject_id, semester) VALUES ('23EEE280', '2025-02-12', 'Present', 1, '1-1');
INSERT INTO attendance (student_roll_no, date, status, subject_id, semester) VALUES ('23EEE280', '2025-02-13', 'Present', 1, '1-1');
INSERT INTO attendance (student_roll_no, date, status, subject_id, semester) VALUES ('23EEE280', '2025-02-14', 'Present', 1, '1-1');
INSERT INTO attendance (student_roll_no, date, status, subject_id, semester) VALUES ('23EEE280', '2025-02-15', 'Present', 1, '1-1');
INSERT INTO attendance (student_roll_no, date, status, subject_id, semester) VALUES ('23EEE280', '2025-02-16', 'Present', 1, '1-1');
INSERT INTO attendance (student_roll_no, date, status, subject_id, semester) VALUES ('23EEE280', '2025-02-17', 'Present', 1, '1-1');
INSERT INTO attendance (student_roll_no, date, status, subject_id, semester) VALUES ('23EEE280', '2025-02-18', 'Present', 1, '1-1');
INSERT INTO attendance (student_roll_no, date, status, subject_id, semester) VALUES ('23EEE280', '2025-02-19', 'Present', 1, '1-1');
INSERT INTO fees (student_roll_no, academic_year, tuition_fees, convener_fees, due_date, paid_fees) VALUES ('23EEE280', '2024-25', 50000, 15000, '2025-05-15', 30000);
INSERT INTO outing_records (roll_number, date, reason) VALUES ('23EEE280', '2025-03-01', 'Weekend home');
INSERT INTO students (roll_no, admission_no, name, branch, section, year, gender, dob, religion, phone, email, aadhar, address, father_name, mother_name, parents_occupation, parents_mobile, annual_income, joining_date, photo_url, is_hosteller, password_hash) VALUES ('23CSE281', 'ADM23CSE281', 'Gayathri Sharma', 'CSE', 'B', 2, 'Male', '2005-02-15', 'Hindu', '9848125837', '23cse281@nsrit.edu.in', '7128-2594-1660', 'H.No 202, Street 11, Visakhapatnam, AP', 'Singh Hari', 'Ramesh Mishra', 'Farmer', '9848125837', 952515, '2023-07-15', 'https://api.dicebear.com/7.x/avataaars/svg?seed=23CSE281', 0, 'scrypt:32768:8:1$ARD8iu2R30ZgOvjn$0c28fb2c347ac069a47026ad5d1f981cf505bbde11b1e3626b8a21147aa73e5d94d807b682b1299e2029c5c2f76884672524bbc1c3de85f345c28f406888dfe1');
INSERT INTO mentors (student_roll_no, teacher_id) VALUES ('23CSE281', 'TCH005');
INSERT INTO marks (student_roll_no, subject_id, grade, grade_point, credits) VALUES ('23CSE281', 1, 'A+', 9, 4);
INSERT INTO internal_marks (student_roll_no, subject_id, mid1, mid2, online_tests, assignments) VALUES ('23CSE281', 1, 19, 15, 10, 5);
INSERT INTO marks (student_roll_no, subject_id, grade, grade_point, credits) VALUES ('23CSE281', 2, 'B+', 7, 4);
INSERT INTO internal_marks (student_roll_no, subject_id, mid1, mid2, online_tests, assignments) VALUES ('23CSE281', 2, 22, 25, 10, 5);
INSERT INTO marks (student_roll_no, subject_id, grade, grade_point, credits) VALUES ('23CSE281', 3, 'A', 8, 4);
INSERT INTO internal_marks (student_roll_no, subject_id, mid1, mid2, online_tests, assignments) VALUES ('23CSE281', 3, 21, 17, 10, 5);
INSERT INTO semester_results (student_roll_no, semester, sgpa, cgpa, total_credits, percentage) VALUES ('23CSE281',  '1-1', 8.5, 8.5,  11,  80.0);
INSERT INTO cgpa (student_roll_no, cgpa, total_credits, total_percentage) VALUES ('23CSE281', 8.5, 11, 80.0);
INSERT INTO attendance (student_roll_no, date, status, subject_id, semester) VALUES ('23CSE281', '2025-02-01', 'Present', 1, '1-1');
INSERT INTO attendance (student_roll_no, date, status, subject_id, semester) VALUES ('23CSE281', '2025-02-02', 'Present', 1, '1-1');
INSERT INTO attendance (student_roll_no, date, status, subject_id, semester) VALUES ('23CSE281', '2025-02-03', 'Present', 1, '1-1');
INSERT INTO attendance (student_roll_no, date, status, subject_id, semester) VALUES ('23CSE281', '2025-02-04', 'Absent', 1, '1-1');
INSERT INTO attendance (student_roll_no, date, status, subject_id, semester) VALUES ('23CSE281', '2025-02-05', 'Present', 1, '1-1');
INSERT INTO attendance (student_roll_no, date, status, subject_id, semester) VALUES ('23CSE281', '2025-02-06', 'Present', 1, '1-1');
INSERT INTO attendance (student_roll_no, date, status, subject_id, semester) VALUES ('23CSE281', '2025-02-07', 'Present', 1, '1-1');
INSERT INTO attendance (student_roll_no, date, status, subject_id, semester) VALUES ('23CSE281', '2025-02-08', 'Present', 1, '1-1');
INSERT INTO attendance (student_roll_no, date, status, subject_id, semester) VALUES ('23CSE281', '2025-02-09', 'Present', 1, '1-1');
INSERT INTO attendance (student_roll_no, date, status, subject_id, semester) VALUES ('23CSE281', '2025-02-10', 'Absent', 1, '1-1');
INSERT INTO attendance (student_roll_no, date, status, subject_id, semester) VALUES ('23CSE281', '2025-02-11', 'Present', 1, '1-1');
INSERT INTO attendance (student_roll_no, date, status, subject_id, semester) VALUES ('23CSE281', '2025-02-12', 'Present', 1, '1-1');
INSERT INTO attendance (student_roll_no, date, status, subject_id, semester) VALUES ('23CSE281', '2025-02-13', 'Present', 1, '1-1');
INSERT INTO attendance (student_roll_no, date, status, subject_id, semester) VALUES ('23CSE281', '2025-02-14', 'Present', 1, '1-1');
INSERT INTO attendance (student_roll_no, date, status, subject_id, semester) VALUES ('23CSE281', '2025-02-15', 'Present', 1, '1-1');
INSERT INTO attendance (student_roll_no, date, status, subject_id, semester) VALUES ('23CSE281', '2025-02-16', 'Present', 1, '1-1');
INSERT INTO attendance (student_roll_no, date, status, subject_id, semester) VALUES ('23CSE281', '2025-02-17', 'Present', 1, '1-1');
INSERT INTO attendance (student_roll_no, date, status, subject_id, semester) VALUES ('23CSE281', '2025-02-18', 'Present', 1, '1-1');
INSERT INTO attendance (student_roll_no, date, status, subject_id, semester) VALUES ('23CSE281', '2025-02-19', 'Present', 1, '1-1');
INSERT INTO fees (student_roll_no, academic_year, tuition_fees, convener_fees, due_date, paid_fees) VALUES ('23CSE281', '2024-25', 50000, 15000, '2025-05-15', 30000);
INSERT INTO students (roll_no, admission_no, name, branch, section, year, gender, dob, religion, phone, email, aadhar, address, father_name, mother_name, parents_occupation, parents_mobile, annual_income, joining_date, photo_url, is_hosteller, password_hash) VALUES ('22CIVIL282', 'ADM22CIVIL282', 'Kumar Mishra', 'CIVIL', 'C', 3, 'Male', '2005-05-29', 'Muslim', '9848453734', '22civil282@nsrit.edu.in', '4676-2450-9983', 'H.No 482, Street 4, Visakhapatnam, AP', 'Kumar Anil', 'Rahul Goud', 'Doctor', '9848453734', 252870, '2023-07-15', 'https://api.dicebear.com/7.x/avataaars/svg?seed=22CIVIL282', 0, 'scrypt:32768:8:1$ARD8iu2R30ZgOvjn$0c28fb2c347ac069a47026ad5d1f981cf505bbde11b1e3626b8a21147aa73e5d94d807b682b1299e2029c5c2f76884672524bbc1c3de85f345c28f406888dfe1');
INSERT INTO mentors (student_roll_no, teacher_id) VALUES ('22CIVIL282', 'TCH012');
INSERT INTO marks (student_roll_no, subject_id, grade, grade_point, credits) VALUES ('22CIVIL282', 1, 'C', 5, 4);
INSERT INTO internal_marks (student_roll_no, subject_id, mid1, mid2, online_tests, assignments) VALUES ('22CIVIL282', 1, 17, 18, 10, 5);
INSERT INTO marks (student_roll_no, subject_id, grade, grade_point, credits) VALUES ('22CIVIL282', 2, 'A', 8, 4);
INSERT INTO internal_marks (student_roll_no, subject_id, mid1, mid2, online_tests, assignments) VALUES ('22CIVIL282', 2, 24, 17, 10, 5);
INSERT INTO marks (student_roll_no, subject_id, grade, grade_point, credits) VALUES ('22CIVIL282', 3, 'O', 10, 4);
INSERT INTO internal_marks (student_roll_no, subject_id, mid1, mid2, online_tests, assignments) VALUES ('22CIVIL282', 3, 16, 18, 10, 5);
INSERT INTO semester_results (student_roll_no, semester, sgpa, cgpa, total_credits, percentage) VALUES ('22CIVIL282',  '1-1', 8.5, 8.5,  11,  80.0);
INSERT INTO cgpa (student_roll_no, cgpa, total_credits, total_percentage) VALUES ('22CIVIL282', 8.5, 11, 80.0);
INSERT INTO attendance (student_roll_no, date, status, subject_id, semester) VALUES ('22CIVIL282', '2025-02-01', 'Present', 1, '1-1');
INSERT INTO attendance (student_roll_no, date, status, subject_id, semester) VALUES ('22CIVIL282', '2025-02-02', 'Present', 1, '1-1');
INSERT INTO attendance (student_roll_no, date, status, subject_id, semester) VALUES ('22CIVIL282', '2025-02-03', 'Present', 1, '1-1');
INSERT INTO attendance (student_roll_no, date, status, subject_id, semester) VALUES ('22CIVIL282', '2025-02-04', 'Present', 1, '1-1');
INSERT INTO attendance (student_roll_no, date, status, subject_id, semester) VALUES ('22CIVIL282', '2025-02-05', 'Present', 1, '1-1');
INSERT INTO attendance (student_roll_no, date, status, subject_id, semester) VALUES ('22CIVIL282', '2025-02-06', 'Present', 1, '1-1');
INSERT INTO attendance (student_roll_no, date, status, subject_id, semester) VALUES ('22CIVIL282', '2025-02-07', 'Present', 1, '1-1');
INSERT INTO attendance (student_roll_no, date, status, subject_id, semester) VALUES ('22CIVIL282', '2025-02-08', 'Present', 1, '1-1');
INSERT INTO attendance (student_roll_no, date, status, subject_id, semester) VALUES ('22CIVIL282', '2025-02-09', 'Present', 1, '1-1');
INSERT INTO attendance (student_roll_no, date, status, subject_id, semester) VALUES ('22CIVIL282', '2025-02-10', 'Present', 1, '1-1');
INSERT INTO attendance (student_roll_no, date, status, subject_id, semester) VALUES ('22CIVIL282', '2025-02-11', 'Present', 1, '1-1');
INSERT INTO attendance (student_roll_no, date, status, subject_id, semester) VALUES ('22CIVIL282', '2025-02-12', 'Present', 1, '1-1');
INSERT INTO attendance (student_roll_no, date, status, subject_id, semester) VALUES ('22CIVIL282', '2025-02-13', 'Present', 1, '1-1');
INSERT INTO attendance (student_roll_no, date, status, subject_id, semester) VALUES ('22CIVIL282', '2025-02-14', 'Present', 1, '1-1');
INSERT INTO attendance (student_roll_no, date, status, subject_id, semester) VALUES ('22CIVIL282', '2025-02-15', 'Present', 1, '1-1');
INSERT INTO attendance (student_roll_no, date, status, subject_id, semester) VALUES ('22CIVIL282', '2025-02-16', 'Present', 1, '1-1');
INSERT INTO attendance (student_roll_no, date, status, subject_id, semester) VALUES ('22CIVIL282', '2025-02-17', 'Present', 1, '1-1');
INSERT INTO attendance (student_roll_no, date, status, subject_id, semester) VALUES ('22CIVIL282', '2025-02-18', 'Present', 1, '1-1');
INSERT INTO attendance (student_roll_no, date, status, subject_id, semester) VALUES ('22CIVIL282', '2025-02-19', 'Present', 1, '1-1');
INSERT INTO fees (student_roll_no, academic_year, tuition_fees, convener_fees, due_date, paid_fees) VALUES ('22CIVIL282', '2024-25', 50000, 15000, '2025-05-15', 30000);
INSERT INTO students (roll_no, admission_no, name, branch, section, year, gender, dob, religion, phone, email, aadhar, address, father_name, mother_name, parents_occupation, parents_mobile, annual_income, joining_date, photo_url, is_hosteller, password_hash) VALUES ('23CSE283', 'ADM23CSE283', 'Praveen Chowdary', 'CSE', 'B', 2, 'Female', '2005-05-23', 'Sikh', '9848735812', '23cse283@nsrit.edu.in', '1224-1191-5492', 'H.No 212, Street 12, Visakhapatnam, AP', 'Rao Sanjana', 'Sanjana Sharma', 'Teacher', '9848735812', 426731, '2023-07-15', 'https://api.dicebear.com/7.x/avataaars/svg?seed=23CSE283', 0, 'scrypt:32768:8:1$ARD8iu2R30ZgOvjn$0c28fb2c347ac069a47026ad5d1f981cf505bbde11b1e3626b8a21147aa73e5d94d807b682b1299e2029c5c2f76884672524bbc1c3de85f345c28f406888dfe1');
INSERT INTO mentors (student_roll_no, teacher_id) VALUES ('23CSE283', 'TCH007');
INSERT INTO marks (student_roll_no, subject_id, grade, grade_point, credits) VALUES ('23CSE283', 1, 'O', 10, 4);
INSERT INTO internal_marks (student_roll_no, subject_id, mid1, mid2, online_tests, assignments) VALUES ('23CSE283', 1, 25, 18, 10, 5);
INSERT INTO marks (student_roll_no, subject_id, grade, grade_point, credits) VALUES ('23CSE283', 2, 'B', 6, 4);
INSERT INTO internal_marks (student_roll_no, subject_id, mid1, mid2, online_tests, assignments) VALUES ('23CSE283', 2, 21, 15, 10, 5);
INSERT INTO marks (student_roll_no, subject_id, grade, grade_point, credits) VALUES ('23CSE283', 3, 'B', 6, 4);
INSERT INTO internal_marks (student_roll_no, subject_id, mid1, mid2, online_tests, assignments) VALUES ('23CSE283', 3, 25, 21, 10, 5);
INSERT INTO semester_results (student_roll_no, semester, sgpa, cgpa, total_credits, percentage) VALUES ('23CSE283',  '1-1', 8.5, 8.5,  11,  80.0);
INSERT INTO cgpa (student_roll_no, cgpa, total_credits, total_percentage) VALUES ('23CSE283', 8.5, 11, 80.0);
INSERT INTO attendance (student_roll_no, date, status, subject_id, semester) VALUES ('23CSE283', '2025-02-01', 'Present', 1, '1-1');
INSERT INTO attendance (student_roll_no, date, status, subject_id, semester) VALUES ('23CSE283', '2025-02-02', 'Present', 1, '1-1');
INSERT INTO attendance (student_roll_no, date, status, subject_id, semester) VALUES ('23CSE283', '2025-02-03', 'Present', 1, '1-1');
INSERT INTO attendance (student_roll_no, date, status, subject_id, semester) VALUES ('23CSE283', '2025-02-04', 'Present', 1, '1-1');
INSERT INTO attendance (student_roll_no, date, status, subject_id, semester) VALUES ('23CSE283', '2025-02-05', 'Present', 1, '1-1');
INSERT INTO attendance (student_roll_no, date, status, subject_id, semester) VALUES ('23CSE283', '2025-02-06', 'Present', 1, '1-1');
INSERT INTO attendance (student_roll_no, date, status, subject_id, semester) VALUES ('23CSE283', '2025-02-07', 'Present', 1, '1-1');
INSERT INTO attendance (student_roll_no, date, status, subject_id, semester) VALUES ('23CSE283', '2025-02-08', 'Present', 1, '1-1');
INSERT INTO attendance (student_roll_no, date, status, subject_id, semester) VALUES ('23CSE283', '2025-02-09', 'Present', 1, '1-1');
INSERT INTO attendance (student_roll_no, date, status, subject_id, semester) VALUES ('23CSE283', '2025-02-10', 'Present', 1, '1-1');
INSERT INTO attendance (student_roll_no, date, status, subject_id, semester) VALUES ('23CSE283', '2025-02-11', 'Present', 1, '1-1');
INSERT INTO attendance (student_roll_no, date, status, subject_id, semester) VALUES ('23CSE283', '2025-02-12', 'Absent', 1, '1-1');
INSERT INTO attendance (student_roll_no, date, status, subject_id, semester) VALUES ('23CSE283', '2025-02-13', 'Absent', 1, '1-1');
INSERT INTO attendance (student_roll_no, date, status, subject_id, semester) VALUES ('23CSE283', '2025-02-14', 'Present', 1, '1-1');
INSERT INTO attendance (student_roll_no, date, status, subject_id, semester) VALUES ('23CSE283', '2025-02-15', 'Present', 1, '1-1');
INSERT INTO attendance (student_roll_no, date, status, subject_id, semester) VALUES ('23CSE283', '2025-02-16', 'Present', 1, '1-1');
INSERT INTO attendance (student_roll_no, date, status, subject_id, semester) VALUES ('23CSE283', '2025-02-17', 'Present', 1, '1-1');
INSERT INTO attendance (student_roll_no, date, status, subject_id, semester) VALUES ('23CSE283', '2025-02-18', 'Present', 1, '1-1');
INSERT INTO attendance (student_roll_no, date, status, subject_id, semester) VALUES ('23CSE283', '2025-02-19', 'Present', 1, '1-1');
INSERT INTO fees (student_roll_no, academic_year, tuition_fees, convener_fees, due_date, paid_fees) VALUES ('23CSE283', '2024-25', 50000, 15000, '2025-05-15', 30000);
INSERT INTO students (roll_no, admission_no, name, branch, section, year, gender, dob, religion, phone, email, aadhar, address, father_name, mother_name, parents_occupation, parents_mobile, annual_income, joining_date, photo_url, is_hosteller, password_hash) VALUES ('22MECH284', 'ADM22MECH284', 'Priya Naidu', 'MECH', 'B', 3, 'Female', '2005-02-04', 'Muslim', '9848990615', '22mech284@nsrit.edu.in', '9985-1292-1680', 'H.No 442, Street 19, Visakhapatnam, AP', 'Rao Kumar', 'Sowmya Mishra', 'Doctor', '9848990615', 728107, '2023-07-15', 'https://api.dicebear.com/7.x/avataaars/svg?seed=22MECH284', 0, 'scrypt:32768:8:1$ARD8iu2R30ZgOvjn$0c28fb2c347ac069a47026ad5d1f981cf505bbde11b1e3626b8a21147aa73e5d94d807b682b1299e2029c5c2f76884672524bbc1c3de85f345c28f406888dfe1');
INSERT INTO mentors (student_roll_no, teacher_id) VALUES ('22MECH284', 'TCH001');
INSERT INTO marks (student_roll_no, subject_id, grade, grade_point, credits) VALUES ('22MECH284', 1, 'A', 8, 4);
INSERT INTO internal_marks (student_roll_no, subject_id, mid1, mid2, online_tests, assignments) VALUES ('22MECH284', 1, 24, 15, 10, 5);
INSERT INTO marks (student_roll_no, subject_id, grade, grade_point, credits) VALUES ('22MECH284', 2, 'C', 5, 4);
INSERT INTO internal_marks (student_roll_no, subject_id, mid1, mid2, online_tests, assignments) VALUES ('22MECH284', 2, 19, 21, 10, 5);
INSERT INTO marks (student_roll_no, subject_id, grade, grade_point, credits) VALUES ('22MECH284', 3, 'B', 6, 4);
INSERT INTO internal_marks (student_roll_no, subject_id, mid1, mid2, online_tests, assignments) VALUES ('22MECH284', 3, 20, 23, 10, 5);
INSERT INTO semester_results (student_roll_no, semester, sgpa, cgpa, total_credits, percentage) VALUES ('22MECH284',  '1-1', 8.5, 8.5,  11,  80.0);
INSERT INTO cgpa (student_roll_no, cgpa, total_credits, total_percentage) VALUES ('22MECH284', 8.5, 11, 80.0);
INSERT INTO attendance (student_roll_no, date, status, subject_id, semester) VALUES ('22MECH284', '2025-02-01', 'Present', 1, '1-1');
INSERT INTO attendance (student_roll_no, date, status, subject_id, semester) VALUES ('22MECH284', '2025-02-02', 'Present', 1, '1-1');
INSERT INTO attendance (student_roll_no, date, status, subject_id, semester) VALUES ('22MECH284', '2025-02-03', 'Present', 1, '1-1');
INSERT INTO attendance (student_roll_no, date, status, subject_id, semester) VALUES ('22MECH284', '2025-02-04', 'Present', 1, '1-1');
INSERT INTO attendance (student_roll_no, date, status, subject_id, semester) VALUES ('22MECH284', '2025-02-05', 'Present', 1, '1-1');
INSERT INTO attendance (student_roll_no, date, status, subject_id, semester) VALUES ('22MECH284', '2025-02-06', 'Present', 1, '1-1');
INSERT INTO attendance (student_roll_no, date, status, subject_id, semester) VALUES ('22MECH284', '2025-02-07', 'Present', 1, '1-1');
INSERT INTO attendance (student_roll_no, date, status, subject_id, semester) VALUES ('22MECH284', '2025-02-08', 'Present', 1, '1-1');
INSERT INTO attendance (student_roll_no, date, status, subject_id, semester) VALUES ('22MECH284', '2025-02-09', 'Present', 1, '1-1');
INSERT INTO attendance (student_roll_no, date, status, subject_id, semester) VALUES ('22MECH284', '2025-02-10', 'Present', 1, '1-1');
INSERT INTO attendance (student_roll_no, date, status, subject_id, semester) VALUES ('22MECH284', '2025-02-11', 'Present', 1, '1-1');
INSERT INTO attendance (student_roll_no, date, status, subject_id, semester) VALUES ('22MECH284', '2025-02-12', 'Present', 1, '1-1');
INSERT INTO attendance (student_roll_no, date, status, subject_id, semester) VALUES ('22MECH284', '2025-02-13', 'Present', 1, '1-1');
INSERT INTO attendance (student_roll_no, date, status, subject_id, semester) VALUES ('22MECH284', '2025-02-14', 'Present', 1, '1-1');
INSERT INTO attendance (student_roll_no, date, status, subject_id, semester) VALUES ('22MECH284', '2025-02-15', 'Present', 1, '1-1');
INSERT INTO attendance (student_roll_no, date, status, subject_id, semester) VALUES ('22MECH284', '2025-02-16', 'Present', 1, '1-1');
INSERT INTO attendance (student_roll_no, date, status, subject_id, semester) VALUES ('22MECH284', '2025-02-17', 'Absent', 1, '1-1');
INSERT INTO attendance (student_roll_no, date, status, subject_id, semester) VALUES ('22MECH284', '2025-02-18', 'Present', 1, '1-1');
INSERT INTO attendance (student_roll_no, date, status, subject_id, semester) VALUES ('22MECH284', '2025-02-19', 'Present', 1, '1-1');
INSERT INTO fees (student_roll_no, academic_year, tuition_fees, convener_fees, due_date, paid_fees) VALUES ('22MECH284', '2024-25', 50000, 15000, '2025-05-15', 30000);
INSERT INTO students (roll_no, admission_no, name, branch, section, year, gender, dob, religion, phone, email, aadhar, address, father_name, mother_name, parents_occupation, parents_mobile, annual_income, joining_date, photo_url, is_hosteller, password_hash) VALUES ('23CSE285', 'ADM23CSE285', 'Arjun Naidu', 'CSE', 'B', 2, 'Male', '2005-10-13', 'Muslim', '9848979571', '23cse285@nsrit.edu.in', '4076-9325-2336', 'H.No 255, Street 11, Visakhapatnam, AP', 'Rao Karthik', 'Karthik Mishra', 'Doctor', '9848979571', 748735, '2023-07-15', 'https://api.dicebear.com/7.x/avataaars/svg?seed=23CSE285', 1, 'scrypt:32768:8:1$ARD8iu2R30ZgOvjn$0c28fb2c347ac069a47026ad5d1f981cf505bbde11b1e3626b8a21147aa73e5d94d807b682b1299e2029c5c2f76884672524bbc1c3de85f345c28f406888dfe1');
INSERT INTO mentors (student_roll_no, teacher_id) VALUES ('23CSE285', 'TCH001');
INSERT INTO marks (student_roll_no, subject_id, grade, grade_point, credits) VALUES ('23CSE285', 1, 'O', 10, 4);
INSERT INTO internal_marks (student_roll_no, subject_id, mid1, mid2, online_tests, assignments) VALUES ('23CSE285', 1, 22, 22, 10, 5);
INSERT INTO marks (student_roll_no, subject_id, grade, grade_point, credits) VALUES ('23CSE285', 2, 'A+', 9, 4);
INSERT INTO internal_marks (student_roll_no, subject_id, mid1, mid2, online_tests, assignments) VALUES ('23CSE285', 2, 23, 21, 10, 5);
INSERT INTO marks (student_roll_no, subject_id, grade, grade_point, credits) VALUES ('23CSE285', 3, 'O', 10, 4);
INSERT INTO internal_marks (student_roll_no, subject_id, mid1, mid2, online_tests, assignments) VALUES ('23CSE285', 3, 18, 19, 10, 5);
INSERT INTO semester_results (student_roll_no, semester, sgpa, cgpa, total_credits, percentage) VALUES ('23CSE285',  '1-1', 8.5, 8.5,  11,  80.0);
INSERT INTO cgpa (student_roll_no, cgpa, total_credits, total_percentage) VALUES ('23CSE285', 8.5, 11, 80.0);
INSERT INTO attendance (student_roll_no, date, status, subject_id, semester) VALUES ('23CSE285', '2025-02-01', 'Present', 1, '1-1');
INSERT INTO attendance (student_roll_no, date, status, subject_id, semester) VALUES ('23CSE285', '2025-02-02', 'Present', 1, '1-1');
INSERT INTO attendance (student_roll_no, date, status, subject_id, semester) VALUES ('23CSE285', '2025-02-03', 'Present', 1, '1-1');
INSERT INTO attendance (student_roll_no, date, status, subject_id, semester) VALUES ('23CSE285', '2025-02-04', 'Present', 1, '1-1');
INSERT INTO attendance (student_roll_no, date, status, subject_id, semester) VALUES ('23CSE285', '2025-02-05', 'Present', 1, '1-1');
INSERT INTO attendance (student_roll_no, date, status, subject_id, semester) VALUES ('23CSE285', '2025-02-06', 'Present', 1, '1-1');
INSERT INTO attendance (student_roll_no, date, status, subject_id, semester) VALUES ('23CSE285', '2025-02-07', 'Present', 1, '1-1');
INSERT INTO attendance (student_roll_no, date, status, subject_id, semester) VALUES ('23CSE285', '2025-02-08', 'Present', 1, '1-1');
INSERT INTO attendance (student_roll_no, date, status, subject_id, semester) VALUES ('23CSE285', '2025-02-09', 'Present', 1, '1-1');
INSERT INTO attendance (student_roll_no, date, status, subject_id, semester) VALUES ('23CSE285', '2025-02-10', 'Present', 1, '1-1');
INSERT INTO attendance (student_roll_no, date, status, subject_id, semester) VALUES ('23CSE285', '2025-02-11', 'Present', 1, '1-1');
INSERT INTO attendance (student_roll_no, date, status, subject_id, semester) VALUES ('23CSE285', '2025-02-12', 'Present', 1, '1-1');
INSERT INTO attendance (student_roll_no, date, status, subject_id, semester) VALUES ('23CSE285', '2025-02-13', 'Absent', 1, '1-1');
INSERT INTO attendance (student_roll_no, date, status, subject_id, semester) VALUES ('23CSE285', '2025-02-14', 'Present', 1, '1-1');
INSERT INTO attendance (student_roll_no, date, status, subject_id, semester) VALUES ('23CSE285', '2025-02-15', 'Present', 1, '1-1');
INSERT INTO attendance (student_roll_no, date, status, subject_id, semester) VALUES ('23CSE285', '2025-02-16', 'Present', 1, '1-1');
INSERT INTO attendance (student_roll_no, date, status, subject_id, semester) VALUES ('23CSE285', '2025-02-17', 'Present', 1, '1-1');
INSERT INTO attendance (student_roll_no, date, status, subject_id, semester) VALUES ('23CSE285', '2025-02-18', 'Present', 1, '1-1');
INSERT INTO attendance (student_roll_no, date, status, subject_id, semester) VALUES ('23CSE285', '2025-02-19', 'Present', 1, '1-1');
INSERT INTO fees (student_roll_no, academic_year, tuition_fees, convener_fees, due_date, paid_fees) VALUES ('23CSE285', '2024-25', 50000, 15000, '2025-05-15', 30000);
INSERT INTO outing_records (roll_number, date, reason) VALUES ('23CSE285', '2025-03-01', 'Weekend home');
INSERT INTO students (roll_no, admission_no, name, branch, section, year, gender, dob, religion, phone, email, aadhar, address, father_name, mother_name, parents_occupation, parents_mobile, annual_income, joining_date, photo_url, is_hosteller, password_hash) VALUES ('21MECH286', 'ADM21MECH286', 'Priya Das', 'MECH', 'B', 4, 'Female', '2005-10-04', 'Sikh', '9848829518', '21mech286@nsrit.edu.in', '7841-4930-7563', 'H.No 193, Street 5, Visakhapatnam, AP', 'Reddy Naveen', 'Swathi Das', 'Engineer', '9848829518', 885424, '2023-07-15', 'https://api.dicebear.com/7.x/avataaars/svg?seed=21MECH286', 0, 'scrypt:32768:8:1$ARD8iu2R30ZgOvjn$0c28fb2c347ac069a47026ad5d1f981cf505bbde11b1e3626b8a21147aa73e5d94d807b682b1299e2029c5c2f76884672524bbc1c3de85f345c28f406888dfe1');
INSERT INTO mentors (student_roll_no, teacher_id) VALUES ('21MECH286', 'TCH008');
INSERT INTO marks (student_roll_no, subject_id, grade, grade_point, credits) VALUES ('21MECH286', 1, 'O', 10, 4);
INSERT INTO internal_marks (student_roll_no, subject_id, mid1, mid2, online_tests, assignments) VALUES ('21MECH286', 1, 16, 18, 10, 5);
INSERT INTO marks (student_roll_no, subject_id, grade, grade_point, credits) VALUES ('21MECH286', 2, 'C', 5, 4);
INSERT INTO internal_marks (student_roll_no, subject_id, mid1, mid2, online_tests, assignments) VALUES ('21MECH286', 2, 22, 17, 10, 5);
INSERT INTO marks (student_roll_no, subject_id, grade, grade_point, credits) VALUES ('21MECH286', 3, 'B', 6, 4);
INSERT INTO internal_marks (student_roll_no, subject_id, mid1, mid2, online_tests, assignments) VALUES ('21MECH286', 3, 24, 17, 10, 5);
INSERT INTO semester_results (student_roll_no, semester, sgpa, cgpa, total_credits, percentage) VALUES ('21MECH286',  '1-1', 8.5, 8.5,  11,  80.0);
INSERT INTO cgpa (student_roll_no, cgpa, total_credits, total_percentage) VALUES ('21MECH286', 8.5, 11, 80.0);
INSERT INTO attendance (student_roll_no, date, status, subject_id, semester) VALUES ('21MECH286', '2025-02-01', 'Present', 1, '1-1');
INSERT INTO attendance (student_roll_no, date, status, subject_id, semester) VALUES ('21MECH286', '2025-02-02', 'Present', 1, '1-1');
INSERT INTO attendance (student_roll_no, date, status, subject_id, semester) VALUES ('21MECH286', '2025-02-03', 'Present', 1, '1-1');
INSERT INTO attendance (student_roll_no, date, status, subject_id, semester) VALUES ('21MECH286', '2025-02-04', 'Present', 1, '1-1');
INSERT INTO attendance (student_roll_no, date, status, subject_id, semester) VALUES ('21MECH286', '2025-02-05', 'Present', 1, '1-1');
INSERT INTO attendance (student_roll_no, date, status, subject_id, semester) VALUES ('21MECH286', '2025-02-06', 'Present', 1, '1-1');
INSERT INTO attendance (student_roll_no, date, status, subject_id, semester) VALUES ('21MECH286', '2025-02-07', 'Present', 1, '1-1');
INSERT INTO attendance (student_roll_no, date, status, subject_id, semester) VALUES ('21MECH286', '2025-02-08', 'Present', 1, '1-1');
INSERT INTO attendance (student_roll_no, date, status, subject_id, semester) VALUES ('21MECH286', '2025-02-09', 'Present', 1, '1-1');
INSERT INTO attendance (student_roll_no, date, status, subject_id, semester) VALUES ('21MECH286', '2025-02-10', 'Present', 1, '1-1');
INSERT INTO attendance (student_roll_no, date, status, subject_id, semester) VALUES ('21MECH286', '2025-02-11', 'Present', 1, '1-1');
INSERT INTO attendance (student_roll_no, date, status, subject_id, semester) VALUES ('21MECH286', '2025-02-12', 'Present', 1, '1-1');
INSERT INTO attendance (student_roll_no, date, status, subject_id, semester) VALUES ('21MECH286', '2025-02-13', 'Present', 1, '1-1');
INSERT INTO attendance (student_roll_no, date, status, subject_id, semester) VALUES ('21MECH286', '2025-02-14', 'Present', 1, '1-1');
INSERT INTO attendance (student_roll_no, date, status, subject_id, semester) VALUES ('21MECH286', '2025-02-15', 'Present', 1, '1-1');
INSERT INTO attendance (student_roll_no, date, status, subject_id, semester) VALUES ('21MECH286', '2025-02-16', 'Present', 1, '1-1');
INSERT INTO attendance (student_roll_no, date, status, subject_id, semester) VALUES ('21MECH286', '2025-02-17', 'Present', 1, '1-1');
INSERT INTO attendance (student_roll_no, date, status, subject_id, semester) VALUES ('21MECH286', '2025-02-18', 'Present', 1, '1-1');
INSERT INTO attendance (student_roll_no, date, status, subject_id, semester) VALUES ('21MECH286', '2025-02-19', 'Present', 1, '1-1');
INSERT INTO fees (student_roll_no, academic_year, tuition_fees, convener_fees, due_date, paid_fees) VALUES ('21MECH286', '2024-25', 50000, 15000, '2025-05-15', 30000);
INSERT INTO students (roll_no, admission_no, name, branch, section, year, gender, dob, religion, phone, email, aadhar, address, father_name, mother_name, parents_occupation, parents_mobile, annual_income, joining_date, photo_url, is_hosteller, password_hash) VALUES ('24CIVIL287', 'ADM24CIVIL287', 'Suresh Kumar', 'CIVIL', 'C', 1, 'Female', '2005-11-30', 'Christian', '9848622889', '24civil287@nsrit.edu.in', '7939-5827-9734', 'H.No 351, Street 6, Visakhapatnam, AP', 'Singh Hari', 'Sowmya Varma', 'Farmer', '9848622889', 633449, '2024-07-15', 'https://api.dicebear.com/7.x/avataaars/svg?seed=24CIVIL287', 0, 'scrypt:32768:8:1$ARD8iu2R30ZgOvjn$0c28fb2c347ac069a47026ad5d1f981cf505bbde11b1e3626b8a21147aa73e5d94d807b682b1299e2029c5c2f76884672524bbc1c3de85f345c28f406888dfe1');
INSERT INTO mentors (student_roll_no, teacher_id) VALUES ('24CIVIL287', 'TCH013');
INSERT INTO marks (student_roll_no, subject_id, grade, grade_point, credits) VALUES ('24CIVIL287', 1, 'A+', 9, 4);
INSERT INTO internal_marks (student_roll_no, subject_id, mid1, mid2, online_tests, assignments) VALUES ('24CIVIL287', 1, 18, 19, 10, 5);
INSERT INTO marks (student_roll_no, subject_id, grade, grade_point, credits) VALUES ('24CIVIL287', 2, 'C', 5, 4);
INSERT INTO internal_marks (student_roll_no, subject_id, mid1, mid2, online_tests, assignments) VALUES ('24CIVIL287', 2, 21, 16, 10, 5);
INSERT INTO marks (student_roll_no, subject_id, grade, grade_point, credits) VALUES ('24CIVIL287', 3, 'A+', 9, 4);
INSERT INTO internal_marks (student_roll_no, subject_id, mid1, mid2, online_tests, assignments) VALUES ('24CIVIL287', 3, 20, 19, 10, 5);
INSERT INTO semester_results (student_roll_no, semester, sgpa, cgpa, total_credits, percentage) VALUES ('24CIVIL287',  '1-1', 8.5, 8.5,  11,  80.0);
INSERT INTO cgpa (student_roll_no, cgpa, total_credits, total_percentage) VALUES ('24CIVIL287', 8.5, 11, 80.0);
INSERT INTO attendance (student_roll_no, date, status, subject_id, semester) VALUES ('24CIVIL287', '2025-02-01', 'Present', 1, '1-1');
INSERT INTO attendance (student_roll_no, date, status, subject_id, semester) VALUES ('24CIVIL287', '2025-02-02', 'Present', 1, '1-1');
INSERT INTO attendance (student_roll_no, date, status, subject_id, semester) VALUES ('24CIVIL287', '2025-02-03', 'Present', 1, '1-1');
INSERT INTO attendance (student_roll_no, date, status, subject_id, semester) VALUES ('24CIVIL287', '2025-02-04', 'Present', 1, '1-1');
INSERT INTO attendance (student_roll_no, date, status, subject_id, semester) VALUES ('24CIVIL287', '2025-02-05', 'Present', 1, '1-1');
INSERT INTO attendance (student_roll_no, date, status, subject_id, semester) VALUES ('24CIVIL287', '2025-02-06', 'Present', 1, '1-1');
INSERT INTO attendance (student_roll_no, date, status, subject_id, semester) VALUES ('24CIVIL287', '2025-02-07', 'Present', 1, '1-1');
INSERT INTO attendance (student_roll_no, date, status, subject_id, semester) VALUES ('24CIVIL287', '2025-02-08', 'Present', 1, '1-1');
INSERT INTO attendance (student_roll_no, date, status, subject_id, semester) VALUES ('24CIVIL287', '2025-02-09', 'Present', 1, '1-1');
INSERT INTO attendance (student_roll_no, date, status, subject_id, semester) VALUES ('24CIVIL287', '2025-02-10', 'Present', 1, '1-1');
INSERT INTO attendance (student_roll_no, date, status, subject_id, semester) VALUES ('24CIVIL287', '2025-02-11', 'Absent', 1, '1-1');
INSERT INTO attendance (student_roll_no, date, status, subject_id, semester) VALUES ('24CIVIL287', '2025-02-12', 'Present', 1, '1-1');
INSERT INTO attendance (student_roll_no, date, status, subject_id, semester) VALUES ('24CIVIL287', '2025-02-13', 'Present', 1, '1-1');
INSERT INTO attendance (student_roll_no, date, status, subject_id, semester) VALUES ('24CIVIL287', '2025-02-14', 'Present', 1, '1-1');
INSERT INTO attendance (student_roll_no, date, status, subject_id, semester) VALUES ('24CIVIL287', '2025-02-15', 'Present', 1, '1-1');
INSERT INTO attendance (student_roll_no, date, status, subject_id, semester) VALUES ('24CIVIL287', '2025-02-16', 'Present', 1, '1-1');
INSERT INTO attendance (student_roll_no, date, status, subject_id, semester) VALUES ('24CIVIL287', '2025-02-17', 'Present', 1, '1-1');
INSERT INTO attendance (student_roll_no, date, status, subject_id, semester) VALUES ('24CIVIL287', '2025-02-18', 'Absent', 1, '1-1');
INSERT INTO attendance (student_roll_no, date, status, subject_id, semester) VALUES ('24CIVIL287', '2025-02-19', 'Absent', 1, '1-1');
INSERT INTO fees (student_roll_no, academic_year, tuition_fees, convener_fees, due_date, paid_fees) VALUES ('24CIVIL287', '2024-25', 50000, 15000, '2025-05-15', 30000);
INSERT INTO students (roll_no, admission_no, name, branch, section, year, gender, dob, religion, phone, email, aadhar, address, father_name, mother_name, parents_occupation, parents_mobile, annual_income, joining_date, photo_url, is_hosteller, password_hash) VALUES ('22EEE288', 'ADM22EEE288', 'Arjun Patel', 'EEE', 'C', 3, 'Male', '2005-09-18', 'Christian', '9848954156', '22eee288@nsrit.edu.in', '7222-7940-5003', 'H.No 381, Street 8, Visakhapatnam, AP', 'Sharma Hari', 'Sowmya Rao', 'Teacher', '9848954156', 709799, '2023-07-15', 'https://api.dicebear.com/7.x/avataaars/svg?seed=22EEE288', 0, 'scrypt:32768:8:1$ARD8iu2R30ZgOvjn$0c28fb2c347ac069a47026ad5d1f981cf505bbde11b1e3626b8a21147aa73e5d94d807b682b1299e2029c5c2f76884672524bbc1c3de85f345c28f406888dfe1');
INSERT INTO mentors (student_roll_no, teacher_id) VALUES ('22EEE288', 'TCH012');
INSERT INTO marks (student_roll_no, subject_id, grade, grade_point, credits) VALUES ('22EEE288', 1, 'C', 5, 4);
INSERT INTO internal_marks (student_roll_no, subject_id, mid1, mid2, online_tests, assignments) VALUES ('22EEE288', 1, 16, 17, 10, 5);
INSERT INTO marks (student_roll_no, subject_id, grade, grade_point, credits) VALUES ('22EEE288', 2, 'C', 5, 4);
INSERT INTO internal_marks (student_roll_no, subject_id, mid1, mid2, online_tests, assignments) VALUES ('22EEE288', 2, 17, 16, 10, 5);
INSERT INTO marks (student_roll_no, subject_id, grade, grade_point, credits) VALUES ('22EEE288', 3, 'B', 6, 4);
INSERT INTO internal_marks (student_roll_no, subject_id, mid1, mid2, online_tests, assignments) VALUES ('22EEE288', 3, 24, 17, 10, 5);
INSERT INTO semester_results (student_roll_no, semester, sgpa, cgpa, total_credits, percentage) VALUES ('22EEE288',  '1-1', 8.5, 8.5,  11,  80.0);
INSERT INTO cgpa (student_roll_no, cgpa, total_credits, total_percentage) VALUES ('22EEE288', 8.5, 11, 80.0);
INSERT INTO attendance (student_roll_no, date, status, subject_id, semester) VALUES ('22EEE288', '2025-02-01', 'Present', 1, '1-1');
INSERT INTO attendance (student_roll_no, date, status, subject_id, semester) VALUES ('22EEE288', '2025-02-02', 'Present', 1, '1-1');
INSERT INTO attendance (student_roll_no, date, status, subject_id, semester) VALUES ('22EEE288', '2025-02-03', 'Present', 1, '1-1');
INSERT INTO attendance (student_roll_no, date, status, subject_id, semester) VALUES ('22EEE288', '2025-02-04', 'Present', 1, '1-1');
INSERT INTO attendance (student_roll_no, date, status, subject_id, semester) VALUES ('22EEE288', '2025-02-05', 'Present', 1, '1-1');
INSERT INTO attendance (student_roll_no, date, status, subject_id, semester) VALUES ('22EEE288', '2025-02-06', 'Absent', 1, '1-1');
INSERT INTO attendance (student_roll_no, date, status, subject_id, semester) VALUES ('22EEE288', '2025-02-07', 'Present', 1, '1-1');
INSERT INTO attendance (student_roll_no, date, status, subject_id, semester) VALUES ('22EEE288', '2025-02-08', 'Present', 1, '1-1');
INSERT INTO attendance (student_roll_no, date, status, subject_id, semester) VALUES ('22EEE288', '2025-02-09', 'Present', 1, '1-1');
INSERT INTO attendance (student_roll_no, date, status, subject_id, semester) VALUES ('22EEE288', '2025-02-10', 'Present', 1, '1-1');
INSERT INTO attendance (student_roll_no, date, status, subject_id, semester) VALUES ('22EEE288', '2025-02-11', 'Present', 1, '1-1');
INSERT INTO attendance (student_roll_no, date, status, subject_id, semester) VALUES ('22EEE288', '2025-02-12', 'Present', 1, '1-1');
INSERT INTO attendance (student_roll_no, date, status, subject_id, semester) VALUES ('22EEE288', '2025-02-13', 'Absent', 1, '1-1');
INSERT INTO attendance (student_roll_no, date, status, subject_id, semester) VALUES ('22EEE288', '2025-02-14', 'Absent', 1, '1-1');
INSERT INTO attendance (student_roll_no, date, status, subject_id, semester) VALUES ('22EEE288', '2025-02-15', 'Absent', 1, '1-1');
INSERT INTO attendance (student_roll_no, date, status, subject_id, semester) VALUES ('22EEE288', '2025-02-16', 'Present', 1, '1-1');
INSERT INTO attendance (student_roll_no, date, status, subject_id, semester) VALUES ('22EEE288', '2025-02-17', 'Present', 1, '1-1');
INSERT INTO attendance (student_roll_no, date, status, subject_id, semester) VALUES ('22EEE288', '2025-02-18', 'Present', 1, '1-1');
INSERT INTO attendance (student_roll_no, date, status, subject_id, semester) VALUES ('22EEE288', '2025-02-19', 'Present', 1, '1-1');
INSERT INTO fees (student_roll_no, academic_year, tuition_fees, convener_fees, due_date, paid_fees) VALUES ('22EEE288', '2024-25', 50000, 15000, '2025-05-15', 30000);
INSERT INTO students (roll_no, admission_no, name, branch, section, year, gender, dob, religion, phone, email, aadhar, address, father_name, mother_name, parents_occupation, parents_mobile, annual_income, joining_date, photo_url, is_hosteller, password_hash) VALUES ('22EEE289', 'ADM22EEE289', 'Ramesh Das', 'EEE', 'B', 3, 'Female', '2005-06-12', 'Muslim', '9848183312', '22eee289@nsrit.edu.in', '6293-7395-6392', 'H.No 179, Street 17, Visakhapatnam, AP', 'Das Kumar', 'Priya Patel', 'Teacher', '9848183312', 905515, '2023-07-15', 'https://api.dicebear.com/7.x/avataaars/svg?seed=22EEE289', 0, 'scrypt:32768:8:1$ARD8iu2R30ZgOvjn$0c28fb2c347ac069a47026ad5d1f981cf505bbde11b1e3626b8a21147aa73e5d94d807b682b1299e2029c5c2f76884672524bbc1c3de85f345c28f406888dfe1');
INSERT INTO mentors (student_roll_no, teacher_id) VALUES ('22EEE289', 'TCH002');
INSERT INTO marks (student_roll_no, subject_id, grade, grade_point, credits) VALUES ('22EEE289', 1, 'A', 8, 4);
INSERT INTO internal_marks (student_roll_no, subject_id, mid1, mid2, online_tests, assignments) VALUES ('22EEE289', 1, 25, 18, 10, 5);
INSERT INTO marks (student_roll_no, subject_id, grade, grade_point, credits) VALUES ('22EEE289', 2, 'C', 5, 4);
INSERT INTO internal_marks (student_roll_no, subject_id, mid1, mid2, online_tests, assignments) VALUES ('22EEE289', 2, 21, 21, 10, 5);
INSERT INTO marks (student_roll_no, subject_id, grade, grade_point, credits) VALUES ('22EEE289', 3, 'B', 6, 4);
INSERT INTO internal_marks (student_roll_no, subject_id, mid1, mid2, online_tests, assignments) VALUES ('22EEE289', 3, 20, 22, 10, 5);
INSERT INTO semester_results (student_roll_no, semester, sgpa, cgpa, total_credits, percentage) VALUES ('22EEE289',  '1-1', 8.5, 8.5,  11,  80.0);
INSERT INTO cgpa (student_roll_no, cgpa, total_credits, total_percentage) VALUES ('22EEE289', 8.5, 11, 80.0);
INSERT INTO attendance (student_roll_no, date, status, subject_id, semester) VALUES ('22EEE289', '2025-02-01', 'Present', 1, '1-1');
INSERT INTO attendance (student_roll_no, date, status, subject_id, semester) VALUES ('22EEE289', '2025-02-02', 'Present', 1, '1-1');
INSERT INTO attendance (student_roll_no, date, status, subject_id, semester) VALUES ('22EEE289', '2025-02-03', 'Present', 1, '1-1');
INSERT INTO attendance (student_roll_no, date, status, subject_id, semester) VALUES ('22EEE289', '2025-02-04', 'Present', 1, '1-1');
INSERT INTO attendance (student_roll_no, date, status, subject_id, semester) VALUES ('22EEE289', '2025-02-05', 'Present', 1, '1-1');
INSERT INTO attendance (student_roll_no, date, status, subject_id, semester) VALUES ('22EEE289', '2025-02-06', 'Present', 1, '1-1');
INSERT INTO attendance (student_roll_no, date, status, subject_id, semester) VALUES ('22EEE289', '2025-02-07', 'Present', 1, '1-1');
INSERT INTO attendance (student_roll_no, date, status, subject_id, semester) VALUES ('22EEE289', '2025-02-08', 'Present', 1, '1-1');
INSERT INTO attendance (student_roll_no, date, status, subject_id, semester) VALUES ('22EEE289', '2025-02-09', 'Present', 1, '1-1');
INSERT INTO attendance (student_roll_no, date, status, subject_id, semester) VALUES ('22EEE289', '2025-02-10', 'Present', 1, '1-1');
INSERT INTO attendance (student_roll_no, date, status, subject_id, semester) VALUES ('22EEE289', '2025-02-11', 'Present', 1, '1-1');
INSERT INTO attendance (student_roll_no, date, status, subject_id, semester) VALUES ('22EEE289', '2025-02-12', 'Absent', 1, '1-1');
INSERT INTO attendance (student_roll_no, date, status, subject_id, semester) VALUES ('22EEE289', '2025-02-13', 'Present', 1, '1-1');
INSERT INTO attendance (student_roll_no, date, status, subject_id, semester) VALUES ('22EEE289', '2025-02-14', 'Present', 1, '1-1');
INSERT INTO attendance (student_roll_no, date, status, subject_id, semester) VALUES ('22EEE289', '2025-02-15', 'Present', 1, '1-1');
INSERT INTO attendance (student_roll_no, date, status, subject_id, semester) VALUES ('22EEE289', '2025-02-16', 'Absent', 1, '1-1');
INSERT INTO attendance (student_roll_no, date, status, subject_id, semester) VALUES ('22EEE289', '2025-02-17', 'Present', 1, '1-1');
INSERT INTO attendance (student_roll_no, date, status, subject_id, semester) VALUES ('22EEE289', '2025-02-18', 'Present', 1, '1-1');
INSERT INTO attendance (student_roll_no, date, status, subject_id, semester) VALUES ('22EEE289', '2025-02-19', 'Present', 1, '1-1');
INSERT INTO fees (student_roll_no, academic_year, tuition_fees, convener_fees, due_date, paid_fees) VALUES ('22EEE289', '2024-25', 50000, 15000, '2025-05-15', 30000);
INSERT INTO students (roll_no, admission_no, name, branch, section, year, gender, dob, religion, phone, email, aadhar, address, father_name, mother_name, parents_occupation, parents_mobile, annual_income, joining_date, photo_url, is_hosteller, password_hash) VALUES ('23IT290', 'ADM23IT290', 'Rahul Naidu', 'IT', 'A', 2, 'Female', '2005-10-30', 'Hindu', '9848565908', '23it290@nsrit.edu.in', '1677-9391-7680', 'H.No 91, Street 8, Visakhapatnam, AP', 'Mishra Sowmya', 'Kiran Singh', 'Teacher', '9848565908', 397344, '2023-07-15', 'https://api.dicebear.com/7.x/avataaars/svg?seed=23IT290', 1, 'scrypt:32768:8:1$ARD8iu2R30ZgOvjn$0c28fb2c347ac069a47026ad5d1f981cf505bbde11b1e3626b8a21147aa73e5d94d807b682b1299e2029c5c2f76884672524bbc1c3de85f345c28f406888dfe1');
INSERT INTO mentors (student_roll_no, teacher_id) VALUES ('23IT290', 'TCH007');
INSERT INTO marks (student_roll_no, subject_id, grade, grade_point, credits) VALUES ('23IT290', 1, 'B', 6, 4);
INSERT INTO internal_marks (student_roll_no, subject_id, mid1, mid2, online_tests, assignments) VALUES ('23IT290', 1, 21, 20, 10, 5);
INSERT INTO marks (student_roll_no, subject_id, grade, grade_point, credits) VALUES ('23IT290', 2, 'A', 8, 4);
INSERT INTO internal_marks (student_roll_no, subject_id, mid1, mid2, online_tests, assignments) VALUES ('23IT290', 2, 17, 16, 10, 5);
INSERT INTO marks (student_roll_no, subject_id, grade, grade_point, credits) VALUES ('23IT290', 3, 'B', 6, 4);
INSERT INTO internal_marks (student_roll_no, subject_id, mid1, mid2, online_tests, assignments) VALUES ('23IT290', 3, 15, 22, 10, 5);
INSERT INTO semester_results (student_roll_no, semester, sgpa, cgpa, total_credits, percentage) VALUES ('23IT290',  '1-1', 8.5, 8.5,  11,  80.0);
INSERT INTO cgpa (student_roll_no, cgpa, total_credits, total_percentage) VALUES ('23IT290', 8.5, 11, 80.0);
INSERT INTO attendance (student_roll_no, date, status, subject_id, semester) VALUES ('23IT290', '2025-02-01', 'Present', 1, '1-1');
INSERT INTO attendance (student_roll_no, date, status, subject_id, semester) VALUES ('23IT290', '2025-02-02', 'Present', 1, '1-1');
INSERT INTO attendance (student_roll_no, date, status, subject_id, semester) VALUES ('23IT290', '2025-02-03', 'Present', 1, '1-1');
INSERT INTO attendance (student_roll_no, date, status, subject_id, semester) VALUES ('23IT290', '2025-02-04', 'Present', 1, '1-1');
INSERT INTO attendance (student_roll_no, date, status, subject_id, semester) VALUES ('23IT290', '2025-02-05', 'Present', 1, '1-1');
INSERT INTO attendance (student_roll_no, date, status, subject_id, semester) VALUES ('23IT290', '2025-02-06', 'Present', 1, '1-1');
INSERT INTO attendance (student_roll_no, date, status, subject_id, semester) VALUES ('23IT290', '2025-02-07', 'Present', 1, '1-1');
INSERT INTO attendance (student_roll_no, date, status, subject_id, semester) VALUES ('23IT290', '2025-02-08', 'Present', 1, '1-1');
INSERT INTO attendance (student_roll_no, date, status, subject_id, semester) VALUES ('23IT290', '2025-02-09', 'Present', 1, '1-1');
INSERT INTO attendance (student_roll_no, date, status, subject_id, semester) VALUES ('23IT290', '2025-02-10', 'Present', 1, '1-1');
INSERT INTO attendance (student_roll_no, date, status, subject_id, semester) VALUES ('23IT290', '2025-02-11', 'Present', 1, '1-1');
INSERT INTO attendance (student_roll_no, date, status, subject_id, semester) VALUES ('23IT290', '2025-02-12', 'Present', 1, '1-1');
INSERT INTO attendance (student_roll_no, date, status, subject_id, semester) VALUES ('23IT290', '2025-02-13', 'Present', 1, '1-1');
INSERT INTO attendance (student_roll_no, date, status, subject_id, semester) VALUES ('23IT290', '2025-02-14', 'Present', 1, '1-1');
INSERT INTO attendance (student_roll_no, date, status, subject_id, semester) VALUES ('23IT290', '2025-02-15', 'Present', 1, '1-1');
INSERT INTO attendance (student_roll_no, date, status, subject_id, semester) VALUES ('23IT290', '2025-02-16', 'Present', 1, '1-1');
INSERT INTO attendance (student_roll_no, date, status, subject_id, semester) VALUES ('23IT290', '2025-02-17', 'Present', 1, '1-1');
INSERT INTO attendance (student_roll_no, date, status, subject_id, semester) VALUES ('23IT290', '2025-02-18', 'Absent', 1, '1-1');
INSERT INTO attendance (student_roll_no, date, status, subject_id, semester) VALUES ('23IT290', '2025-02-19', 'Present', 1, '1-1');
INSERT INTO fees (student_roll_no, academic_year, tuition_fees, convener_fees, due_date, paid_fees) VALUES ('23IT290', '2024-25', 50000, 15000, '2025-05-15', 30000);
INSERT INTO outing_records (roll_number, date, reason) VALUES ('23IT290', '2025-03-01', 'Weekend home');
INSERT INTO students (roll_no, admission_no, name, branch, section, year, gender, dob, religion, phone, email, aadhar, address, father_name, mother_name, parents_occupation, parents_mobile, annual_income, joining_date, photo_url, is_hosteller, password_hash) VALUES ('23ECE291', 'ADM23ECE291', 'Hari Yadav', 'ECE', 'C', 2, 'Male', '2005-04-05', 'Christian', '9848643591', '23ece291@nsrit.edu.in', '7513-4615-5899', 'H.No 171, Street 2, Visakhapatnam, AP', 'Yadav Kumar', 'Divya Mishra', 'Business', '9848643591', 948867, '2023-07-15', 'https://api.dicebear.com/7.x/avataaars/svg?seed=23ECE291', 0, 'scrypt:32768:8:1$ARD8iu2R30ZgOvjn$0c28fb2c347ac069a47026ad5d1f981cf505bbde11b1e3626b8a21147aa73e5d94d807b682b1299e2029c5c2f76884672524bbc1c3de85f345c28f406888dfe1');
INSERT INTO mentors (student_roll_no, teacher_id) VALUES ('23ECE291', 'TCH008');
INSERT INTO marks (student_roll_no, subject_id, grade, grade_point, credits) VALUES ('23ECE291', 1, 'A', 8, 4);
INSERT INTO internal_marks (student_roll_no, subject_id, mid1, mid2, online_tests, assignments) VALUES ('23ECE291', 1, 24, 25, 10, 5);
INSERT INTO marks (student_roll_no, subject_id, grade, grade_point, credits) VALUES ('23ECE291', 2, 'A+', 9, 4);
INSERT INTO internal_marks (student_roll_no, subject_id, mid1, mid2, online_tests, assignments) VALUES ('23ECE291', 2, 21, 22, 10, 5);
INSERT INTO marks (student_roll_no, subject_id, grade, grade_point, credits) VALUES ('23ECE291', 3, 'A', 8, 4);
INSERT INTO internal_marks (student_roll_no, subject_id, mid1, mid2, online_tests, assignments) VALUES ('23ECE291', 3, 15, 23, 10, 5);
INSERT INTO semester_results (student_roll_no, semester, sgpa, cgpa, total_credits, percentage) VALUES ('23ECE291',  '1-1', 8.5, 8.5,  11,  80.0);
INSERT INTO cgpa (student_roll_no, cgpa, total_credits, total_percentage) VALUES ('23ECE291', 8.5, 11, 80.0);
INSERT INTO attendance (student_roll_no, date, status, subject_id, semester) VALUES ('23ECE291', '2025-02-01', 'Present', 1, '1-1');
INSERT INTO attendance (student_roll_no, date, status, subject_id, semester) VALUES ('23ECE291', '2025-02-02', 'Present', 1, '1-1');
INSERT INTO attendance (student_roll_no, date, status, subject_id, semester) VALUES ('23ECE291', '2025-02-03', 'Present', 1, '1-1');
INSERT INTO attendance (student_roll_no, date, status, subject_id, semester) VALUES ('23ECE291', '2025-02-04', 'Present', 1, '1-1');
INSERT INTO attendance (student_roll_no, date, status, subject_id, semester) VALUES ('23ECE291', '2025-02-05', 'Absent', 1, '1-1');
INSERT INTO attendance (student_roll_no, date, status, subject_id, semester) VALUES ('23ECE291', '2025-02-06', 'Present', 1, '1-1');
INSERT INTO attendance (student_roll_no, date, status, subject_id, semester) VALUES ('23ECE291', '2025-02-07', 'Present', 1, '1-1');
INSERT INTO attendance (student_roll_no, date, status, subject_id, semester) VALUES ('23ECE291', '2025-02-08', 'Absent', 1, '1-1');
INSERT INTO attendance (student_roll_no, date, status, subject_id, semester) VALUES ('23ECE291', '2025-02-09', 'Present', 1, '1-1');
INSERT INTO attendance (student_roll_no, date, status, subject_id, semester) VALUES ('23ECE291', '2025-02-10', 'Present', 1, '1-1');
INSERT INTO attendance (student_roll_no, date, status, subject_id, semester) VALUES ('23ECE291', '2025-02-11', 'Present', 1, '1-1');
INSERT INTO attendance (student_roll_no, date, status, subject_id, semester) VALUES ('23ECE291', '2025-02-12', 'Present', 1, '1-1');
INSERT INTO attendance (student_roll_no, date, status, subject_id, semester) VALUES ('23ECE291', '2025-02-13', 'Present', 1, '1-1');
INSERT INTO attendance (student_roll_no, date, status, subject_id, semester) VALUES ('23ECE291', '2025-02-14', 'Present', 1, '1-1');
INSERT INTO attendance (student_roll_no, date, status, subject_id, semester) VALUES ('23ECE291', '2025-02-15', 'Present', 1, '1-1');
INSERT INTO attendance (student_roll_no, date, status, subject_id, semester) VALUES ('23ECE291', '2025-02-16', 'Present', 1, '1-1');
INSERT INTO attendance (student_roll_no, date, status, subject_id, semester) VALUES ('23ECE291', '2025-02-17', 'Present', 1, '1-1');
INSERT INTO attendance (student_roll_no, date, status, subject_id, semester) VALUES ('23ECE291', '2025-02-18', 'Present', 1, '1-1');
INSERT INTO attendance (student_roll_no, date, status, subject_id, semester) VALUES ('23ECE291', '2025-02-19', 'Present', 1, '1-1');
INSERT INTO fees (student_roll_no, academic_year, tuition_fees, convener_fees, due_date, paid_fees) VALUES ('23ECE291', '2024-25', 50000, 15000, '2025-05-15', 30000);
INSERT INTO students (roll_no, admission_no, name, branch, section, year, gender, dob, religion, phone, email, aadhar, address, father_name, mother_name, parents_occupation, parents_mobile, annual_income, joining_date, photo_url, is_hosteller, password_hash) VALUES ('24EEE292', 'ADM24EEE292', 'Swathi Chowdary', 'EEE', 'C', 1, 'Female', '2005-10-26', 'Sikh', '9848459099', '24eee292@nsrit.edu.in', '9218-9488-7716', 'H.No 80, Street 16, Visakhapatnam, AP', 'Patel Naveen', 'Kumar Chowdary', 'Doctor', '9848459099', 636401, '2024-07-15', 'https://api.dicebear.com/7.x/avataaars/svg?seed=24EEE292', 0, 'scrypt:32768:8:1$ARD8iu2R30ZgOvjn$0c28fb2c347ac069a47026ad5d1f981cf505bbde11b1e3626b8a21147aa73e5d94d807b682b1299e2029c5c2f76884672524bbc1c3de85f345c28f406888dfe1');
INSERT INTO mentors (student_roll_no, teacher_id) VALUES ('24EEE292', 'TCH005');
INSERT INTO marks (student_roll_no, subject_id, grade, grade_point, credits) VALUES ('24EEE292', 1, 'B+', 7, 4);
INSERT INTO internal_marks (student_roll_no, subject_id, mid1, mid2, online_tests, assignments) VALUES ('24EEE292', 1, 16, 15, 10, 5);
INSERT INTO marks (student_roll_no, subject_id, grade, grade_point, credits) VALUES ('24EEE292', 2, 'B+', 7, 4);
INSERT INTO internal_marks (student_roll_no, subject_id, mid1, mid2, online_tests, assignments) VALUES ('24EEE292', 2, 22, 18, 10, 5);
INSERT INTO marks (student_roll_no, subject_id, grade, grade_point, credits) VALUES ('24EEE292', 3, 'O', 10, 4);
INSERT INTO internal_marks (student_roll_no, subject_id, mid1, mid2, online_tests, assignments) VALUES ('24EEE292', 3, 16, 25, 10, 5);
INSERT INTO semester_results (student_roll_no, semester, sgpa, cgpa, total_credits, percentage) VALUES ('24EEE292',  '1-1', 8.5, 8.5,  11,  80.0);
INSERT INTO cgpa (student_roll_no, cgpa, total_credits, total_percentage) VALUES ('24EEE292', 8.5, 11, 80.0);
INSERT INTO attendance (student_roll_no, date, status, subject_id, semester) VALUES ('24EEE292', '2025-02-01', 'Absent', 1, '1-1');
INSERT INTO attendance (student_roll_no, date, status, subject_id, semester) VALUES ('24EEE292', '2025-02-02', 'Absent', 1, '1-1');
INSERT INTO attendance (student_roll_no, date, status, subject_id, semester) VALUES ('24EEE292', '2025-02-03', 'Present', 1, '1-1');
INSERT INTO attendance (student_roll_no, date, status, subject_id, semester) VALUES ('24EEE292', '2025-02-04', 'Present', 1, '1-1');
INSERT INTO attendance (student_roll_no, date, status, subject_id, semester) VALUES ('24EEE292', '2025-02-05', 'Present', 1, '1-1');
INSERT INTO attendance (student_roll_no, date, status, subject_id, semester) VALUES ('24EEE292', '2025-02-06', 'Present', 1, '1-1');
INSERT INTO attendance (student_roll_no, date, status, subject_id, semester) VALUES ('24EEE292', '2025-02-07', 'Present', 1, '1-1');
INSERT INTO attendance (student_roll_no, date, status, subject_id, semester) VALUES ('24EEE292', '2025-02-08', 'Present', 1, '1-1');
INSERT INTO attendance (student_roll_no, date, status, subject_id, semester) VALUES ('24EEE292', '2025-02-09', 'Present', 1, '1-1');
INSERT INTO attendance (student_roll_no, date, status, subject_id, semester) VALUES ('24EEE292', '2025-02-10', 'Present', 1, '1-1');
INSERT INTO attendance (student_roll_no, date, status, subject_id, semester) VALUES ('24EEE292', '2025-02-11', 'Present', 1, '1-1');
INSERT INTO attendance (student_roll_no, date, status, subject_id, semester) VALUES ('24EEE292', '2025-02-12', 'Present', 1, '1-1');
INSERT INTO attendance (student_roll_no, date, status, subject_id, semester) VALUES ('24EEE292', '2025-02-13', 'Present', 1, '1-1');
INSERT INTO attendance (student_roll_no, date, status, subject_id, semester) VALUES ('24EEE292', '2025-02-14', 'Absent', 1, '1-1');
INSERT INTO attendance (student_roll_no, date, status, subject_id, semester) VALUES ('24EEE292', '2025-02-15', 'Absent', 1, '1-1');
INSERT INTO attendance (student_roll_no, date, status, subject_id, semester) VALUES ('24EEE292', '2025-02-16', 'Absent', 1, '1-1');
INSERT INTO attendance (student_roll_no, date, status, subject_id, semester) VALUES ('24EEE292', '2025-02-17', 'Present', 1, '1-1');
INSERT INTO attendance (student_roll_no, date, status, subject_id, semester) VALUES ('24EEE292', '2025-02-18', 'Present', 1, '1-1');
INSERT INTO attendance (student_roll_no, date, status, subject_id, semester) VALUES ('24EEE292', '2025-02-19', 'Present', 1, '1-1');
INSERT INTO fees (student_roll_no, academic_year, tuition_fees, convener_fees, due_date, paid_fees) VALUES ('24EEE292', '2024-25', 50000, 15000, '2025-05-15', 30000);
INSERT INTO students (roll_no, admission_no, name, branch, section, year, gender, dob, religion, phone, email, aadhar, address, father_name, mother_name, parents_occupation, parents_mobile, annual_income, joining_date, photo_url, is_hosteller, password_hash) VALUES ('23EEE293', 'ADM23EEE293', 'Sowmya Mishra', 'EEE', 'B', 2, 'Male', '2005-04-24', 'Muslim', '9848145842', '23eee293@nsrit.edu.in', '1535-1225-1096', 'H.No 450, Street 1, Visakhapatnam, AP', 'Yadav Hari', 'Ravi Sharma', 'Farmer', '9848145842', 294120, '2023-07-15', 'https://api.dicebear.com/7.x/avataaars/svg?seed=23EEE293', 0, 'scrypt:32768:8:1$ARD8iu2R30ZgOvjn$0c28fb2c347ac069a47026ad5d1f981cf505bbde11b1e3626b8a21147aa73e5d94d807b682b1299e2029c5c2f76884672524bbc1c3de85f345c28f406888dfe1');
INSERT INTO mentors (student_roll_no, teacher_id) VALUES ('23EEE293', 'TCH011');
INSERT INTO marks (student_roll_no, subject_id, grade, grade_point, credits) VALUES ('23EEE293', 1, 'B', 6, 4);
INSERT INTO internal_marks (student_roll_no, subject_id, mid1, mid2, online_tests, assignments) VALUES ('23EEE293', 1, 15, 20, 10, 5);
INSERT INTO marks (student_roll_no, subject_id, grade, grade_point, credits) VALUES ('23EEE293', 2, 'B', 6, 4);
INSERT INTO internal_marks (student_roll_no, subject_id, mid1, mid2, online_tests, assignments) VALUES ('23EEE293', 2, 24, 21, 10, 5);
INSERT INTO marks (student_roll_no, subject_id, grade, grade_point, credits) VALUES ('23EEE293', 3, 'B', 6, 4);
INSERT INTO internal_marks (student_roll_no, subject_id, mid1, mid2, online_tests, assignments) VALUES ('23EEE293', 3, 16, 15, 10, 5);
INSERT INTO semester_results (student_roll_no, semester, sgpa, cgpa, total_credits, percentage) VALUES ('23EEE293',  '1-1', 8.5, 8.5,  11,  80.0);
INSERT INTO cgpa (student_roll_no, cgpa, total_credits, total_percentage) VALUES ('23EEE293', 8.5, 11, 80.0);
INSERT INTO attendance (student_roll_no, date, status, subject_id, semester) VALUES ('23EEE293', '2025-02-01', 'Present', 1, '1-1');
INSERT INTO attendance (student_roll_no, date, status, subject_id, semester) VALUES ('23EEE293', '2025-02-02', 'Present', 1, '1-1');
INSERT INTO attendance (student_roll_no, date, status, subject_id, semester) VALUES ('23EEE293', '2025-02-03', 'Present', 1, '1-1');
INSERT INTO attendance (student_roll_no, date, status, subject_id, semester) VALUES ('23EEE293', '2025-02-04', 'Present', 1, '1-1');
INSERT INTO attendance (student_roll_no, date, status, subject_id, semester) VALUES ('23EEE293', '2025-02-05', 'Present', 1, '1-1');
INSERT INTO attendance (student_roll_no, date, status, subject_id, semester) VALUES ('23EEE293', '2025-02-06', 'Present', 1, '1-1');
INSERT INTO attendance (student_roll_no, date, status, subject_id, semester) VALUES ('23EEE293', '2025-02-07', 'Present', 1, '1-1');
INSERT INTO attendance (student_roll_no, date, status, subject_id, semester) VALUES ('23EEE293', '2025-02-08', 'Present', 1, '1-1');
INSERT INTO attendance (student_roll_no, date, status, subject_id, semester) VALUES ('23EEE293', '2025-02-09', 'Absent', 1, '1-1');
INSERT INTO attendance (student_roll_no, date, status, subject_id, semester) VALUES ('23EEE293', '2025-02-10', 'Present', 1, '1-1');
INSERT INTO attendance (student_roll_no, date, status, subject_id, semester) VALUES ('23EEE293', '2025-02-11', 'Present', 1, '1-1');
INSERT INTO attendance (student_roll_no, date, status, subject_id, semester) VALUES ('23EEE293', '2025-02-12', 'Present', 1, '1-1');
INSERT INTO attendance (student_roll_no, date, status, subject_id, semester) VALUES ('23EEE293', '2025-02-13', 'Absent', 1, '1-1');
INSERT INTO attendance (student_roll_no, date, status, subject_id, semester) VALUES ('23EEE293', '2025-02-14', 'Present', 1, '1-1');
INSERT INTO attendance (student_roll_no, date, status, subject_id, semester) VALUES ('23EEE293', '2025-02-15', 'Present', 1, '1-1');
INSERT INTO attendance (student_roll_no, date, status, subject_id, semester) VALUES ('23EEE293', '2025-02-16', 'Absent', 1, '1-1');
INSERT INTO attendance (student_roll_no, date, status, subject_id, semester) VALUES ('23EEE293', '2025-02-17', 'Present', 1, '1-1');
INSERT INTO attendance (student_roll_no, date, status, subject_id, semester) VALUES ('23EEE293', '2025-02-18', 'Present', 1, '1-1');
INSERT INTO attendance (student_roll_no, date, status, subject_id, semester) VALUES ('23EEE293', '2025-02-19', 'Present', 1, '1-1');
INSERT INTO fees (student_roll_no, academic_year, tuition_fees, convener_fees, due_date, paid_fees) VALUES ('23EEE293', '2024-25', 50000, 15000, '2025-05-15', 30000);
INSERT INTO students (roll_no, admission_no, name, branch, section, year, gender, dob, religion, phone, email, aadhar, address, father_name, mother_name, parents_occupation, parents_mobile, annual_income, joining_date, photo_url, is_hosteller, password_hash) VALUES ('23ECE294', 'ADM23ECE294', 'Ramesh Yadav', 'ECE', 'B', 2, 'Female', '2005-12-26', 'Muslim', '9848282467', '23ece294@nsrit.edu.in', '8900-4828-5976', 'H.No 153, Street 5, Visakhapatnam, AP', 'Kumar Sowmya', 'Kumar Mishra', 'Doctor', '9848282467', 524693, '2023-07-15', 'https://api.dicebear.com/7.x/avataaars/svg?seed=23ECE294', 0, 'scrypt:32768:8:1$ARD8iu2R30ZgOvjn$0c28fb2c347ac069a47026ad5d1f981cf505bbde11b1e3626b8a21147aa73e5d94d807b682b1299e2029c5c2f76884672524bbc1c3de85f345c28f406888dfe1');
INSERT INTO mentors (student_roll_no, teacher_id) VALUES ('23ECE294', 'TCH001');
INSERT INTO marks (student_roll_no, subject_id, grade, grade_point, credits) VALUES ('23ECE294', 1, 'O', 10, 4);
INSERT INTO internal_marks (student_roll_no, subject_id, mid1, mid2, online_tests, assignments) VALUES ('23ECE294', 1, 17, 23, 10, 5);
INSERT INTO marks (student_roll_no, subject_id, grade, grade_point, credits) VALUES ('23ECE294', 2, 'C', 5, 4);
INSERT INTO internal_marks (student_roll_no, subject_id, mid1, mid2, online_tests, assignments) VALUES ('23ECE294', 2, 25, 20, 10, 5);
INSERT INTO marks (student_roll_no, subject_id, grade, grade_point, credits) VALUES ('23ECE294', 3, 'B+', 7, 4);
INSERT INTO internal_marks (student_roll_no, subject_id, mid1, mid2, online_tests, assignments) VALUES ('23ECE294', 3, 15, 16, 10, 5);
INSERT INTO semester_results (student_roll_no, semester, sgpa, cgpa, total_credits, percentage) VALUES ('23ECE294',  '1-1', 8.5, 8.5,  11,  80.0);
INSERT INTO cgpa (student_roll_no, cgpa, total_credits, total_percentage) VALUES ('23ECE294', 8.5, 11, 80.0);
INSERT INTO attendance (student_roll_no, date, status, subject_id, semester) VALUES ('23ECE294', '2025-02-01', 'Present', 1, '1-1');
INSERT INTO attendance (student_roll_no, date, status, subject_id, semester) VALUES ('23ECE294', '2025-02-02', 'Present', 1, '1-1');
INSERT INTO attendance (student_roll_no, date, status, subject_id, semester) VALUES ('23ECE294', '2025-02-03', 'Present', 1, '1-1');
INSERT INTO attendance (student_roll_no, date, status, subject_id, semester) VALUES ('23ECE294', '2025-02-04', 'Present', 1, '1-1');
INSERT INTO attendance (student_roll_no, date, status, subject_id, semester) VALUES ('23ECE294', '2025-02-05', 'Absent', 1, '1-1');
INSERT INTO attendance (student_roll_no, date, status, subject_id, semester) VALUES ('23ECE294', '2025-02-06', 'Present', 1, '1-1');
INSERT INTO attendance (student_roll_no, date, status, subject_id, semester) VALUES ('23ECE294', '2025-02-07', 'Present', 1, '1-1');
INSERT INTO attendance (student_roll_no, date, status, subject_id, semester) VALUES ('23ECE294', '2025-02-08', 'Absent', 1, '1-1');
INSERT INTO attendance (student_roll_no, date, status, subject_id, semester) VALUES ('23ECE294', '2025-02-09', 'Present', 1, '1-1');
INSERT INTO attendance (student_roll_no, date, status, subject_id, semester) VALUES ('23ECE294', '2025-02-10', 'Present', 1, '1-1');
INSERT INTO attendance (student_roll_no, date, status, subject_id, semester) VALUES ('23ECE294', '2025-02-11', 'Present', 1, '1-1');
INSERT INTO attendance (student_roll_no, date, status, subject_id, semester) VALUES ('23ECE294', '2025-02-12', 'Present', 1, '1-1');
INSERT INTO attendance (student_roll_no, date, status, subject_id, semester) VALUES ('23ECE294', '2025-02-13', 'Present', 1, '1-1');
INSERT INTO attendance (student_roll_no, date, status, subject_id, semester) VALUES ('23ECE294', '2025-02-14', 'Present', 1, '1-1');
INSERT INTO attendance (student_roll_no, date, status, subject_id, semester) VALUES ('23ECE294', '2025-02-15', 'Present', 1, '1-1');
INSERT INTO attendance (student_roll_no, date, status, subject_id, semester) VALUES ('23ECE294', '2025-02-16', 'Present', 1, '1-1');
INSERT INTO attendance (student_roll_no, date, status, subject_id, semester) VALUES ('23ECE294', '2025-02-17', 'Present', 1, '1-1');
INSERT INTO attendance (student_roll_no, date, status, subject_id, semester) VALUES ('23ECE294', '2025-02-18', 'Present', 1, '1-1');
INSERT INTO attendance (student_roll_no, date, status, subject_id, semester) VALUES ('23ECE294', '2025-02-19', 'Present', 1, '1-1');
INSERT INTO fees (student_roll_no, academic_year, tuition_fees, convener_fees, due_date, paid_fees) VALUES ('23ECE294', '2024-25', 50000, 15000, '2025-05-15', 30000);
INSERT INTO students (roll_no, admission_no, name, branch, section, year, gender, dob, religion, phone, email, aadhar, address, father_name, mother_name, parents_occupation, parents_mobile, annual_income, joining_date, photo_url, is_hosteller, password_hash) VALUES ('23ECE295', 'ADM23ECE295', 'Neha Chowdary', 'ECE', 'C', 2, 'Female', '2005-12-31', 'Sikh', '9848488000', '23ece295@nsrit.edu.in', '9575-1936-5844', 'H.No 381, Street 10, Visakhapatnam, AP', 'Kumar Priya', 'Sowmya Sharma', 'Business', '9848488000', 180506, '2023-07-15', 'https://api.dicebear.com/7.x/avataaars/svg?seed=23ECE295', 1, 'scrypt:32768:8:1$ARD8iu2R30ZgOvjn$0c28fb2c347ac069a47026ad5d1f981cf505bbde11b1e3626b8a21147aa73e5d94d807b682b1299e2029c5c2f76884672524bbc1c3de85f345c28f406888dfe1');
INSERT INTO mentors (student_roll_no, teacher_id) VALUES ('23ECE295', 'TCH006');
INSERT INTO marks (student_roll_no, subject_id, grade, grade_point, credits) VALUES ('23ECE295', 1, 'A+', 9, 4);
INSERT INTO internal_marks (student_roll_no, subject_id, mid1, mid2, online_tests, assignments) VALUES ('23ECE295', 1, 22, 24, 10, 5);
INSERT INTO marks (student_roll_no, subject_id, grade, grade_point, credits) VALUES ('23ECE295', 2, 'A+', 9, 4);
INSERT INTO internal_marks (student_roll_no, subject_id, mid1, mid2, online_tests, assignments) VALUES ('23ECE295', 2, 16, 20, 10, 5);
INSERT INTO marks (student_roll_no, subject_id, grade, grade_point, credits) VALUES ('23ECE295', 3, 'B', 6, 4);
INSERT INTO internal_marks (student_roll_no, subject_id, mid1, mid2, online_tests, assignments) VALUES ('23ECE295', 3, 24, 24, 10, 5);
INSERT INTO semester_results (student_roll_no, semester, sgpa, cgpa, total_credits, percentage) VALUES ('23ECE295',  '1-1', 8.5, 8.5,  11,  80.0);
INSERT INTO cgpa (student_roll_no, cgpa, total_credits, total_percentage) VALUES ('23ECE295', 8.5, 11, 80.0);
INSERT INTO attendance (student_roll_no, date, status, subject_id, semester) VALUES ('23ECE295', '2025-02-01', 'Present', 1, '1-1');
INSERT INTO attendance (student_roll_no, date, status, subject_id, semester) VALUES ('23ECE295', '2025-02-02', 'Present', 1, '1-1');
INSERT INTO attendance (student_roll_no, date, status, subject_id, semester) VALUES ('23ECE295', '2025-02-03', 'Present', 1, '1-1');
INSERT INTO attendance (student_roll_no, date, status, subject_id, semester) VALUES ('23ECE295', '2025-02-04', 'Present', 1, '1-1');
INSERT INTO attendance (student_roll_no, date, status, subject_id, semester) VALUES ('23ECE295', '2025-02-05', 'Present', 1, '1-1');
INSERT INTO attendance (student_roll_no, date, status, subject_id, semester) VALUES ('23ECE295', '2025-02-06', 'Present', 1, '1-1');
INSERT INTO attendance (student_roll_no, date, status, subject_id, semester) VALUES ('23ECE295', '2025-02-07', 'Present', 1, '1-1');
INSERT INTO attendance (student_roll_no, date, status, subject_id, semester) VALUES ('23ECE295', '2025-02-08', 'Present', 1, '1-1');
INSERT INTO attendance (student_roll_no, date, status, subject_id, semester) VALUES ('23ECE295', '2025-02-09', 'Present', 1, '1-1');
INSERT INTO attendance (student_roll_no, date, status, subject_id, semester) VALUES ('23ECE295', '2025-02-10', 'Present', 1, '1-1');
INSERT INTO attendance (student_roll_no, date, status, subject_id, semester) VALUES ('23ECE295', '2025-02-11', 'Absent', 1, '1-1');
INSERT INTO attendance (student_roll_no, date, status, subject_id, semester) VALUES ('23ECE295', '2025-02-12', 'Present', 1, '1-1');
INSERT INTO attendance (student_roll_no, date, status, subject_id, semester) VALUES ('23ECE295', '2025-02-13', 'Present', 1, '1-1');
INSERT INTO attendance (student_roll_no, date, status, subject_id, semester) VALUES ('23ECE295', '2025-02-14', 'Present', 1, '1-1');
INSERT INTO attendance (student_roll_no, date, status, subject_id, semester) VALUES ('23ECE295', '2025-02-15', 'Present', 1, '1-1');
INSERT INTO attendance (student_roll_no, date, status, subject_id, semester) VALUES ('23ECE295', '2025-02-16', 'Present', 1, '1-1');
INSERT INTO attendance (student_roll_no, date, status, subject_id, semester) VALUES ('23ECE295', '2025-02-17', 'Present', 1, '1-1');
INSERT INTO attendance (student_roll_no, date, status, subject_id, semester) VALUES ('23ECE295', '2025-02-18', 'Present', 1, '1-1');
INSERT INTO attendance (student_roll_no, date, status, subject_id, semester) VALUES ('23ECE295', '2025-02-19', 'Present', 1, '1-1');
INSERT INTO fees (student_roll_no, academic_year, tuition_fees, convener_fees, due_date, paid_fees) VALUES ('23ECE295', '2024-25', 50000, 15000, '2025-05-15', 30000);
INSERT INTO outing_records (roll_number, date, reason) VALUES ('23ECE295', '2025-03-01', 'Weekend home');
INSERT INTO students (roll_no, admission_no, name, branch, section, year, gender, dob, religion, phone, email, aadhar, address, father_name, mother_name, parents_occupation, parents_mobile, annual_income, joining_date, photo_url, is_hosteller, password_hash) VALUES ('21IT296', 'ADM21IT296', 'Naveen Sharma', 'IT', 'C', 4, 'Female', '2005-03-08', 'Sikh', '9848593744', '21it296@nsrit.edu.in', '5202-9026-8950', 'H.No 97, Street 4, Visakhapatnam, AP', 'Varma Anil', 'Divya Das', 'Doctor', '9848593744', 966590, '2023-07-15', 'https://api.dicebear.com/7.x/avataaars/svg?seed=21IT296', 0, 'scrypt:32768:8:1$ARD8iu2R30ZgOvjn$0c28fb2c347ac069a47026ad5d1f981cf505bbde11b1e3626b8a21147aa73e5d94d807b682b1299e2029c5c2f76884672524bbc1c3de85f345c28f406888dfe1');
INSERT INTO mentors (student_roll_no, teacher_id) VALUES ('21IT296', 'TCH012');
INSERT INTO marks (student_roll_no, subject_id, grade, grade_point, credits) VALUES ('21IT296', 1, 'A', 8, 4);
INSERT INTO internal_marks (student_roll_no, subject_id, mid1, mid2, online_tests, assignments) VALUES ('21IT296', 1, 22, 25, 10, 5);
INSERT INTO marks (student_roll_no, subject_id, grade, grade_point, credits) VALUES ('21IT296', 2, 'C', 5, 4);
INSERT INTO internal_marks (student_roll_no, subject_id, mid1, mid2, online_tests, assignments) VALUES ('21IT296', 2, 16, 18, 10, 5);
INSERT INTO marks (student_roll_no, subject_id, grade, grade_point, credits) VALUES ('21IT296', 3, 'C', 5, 4);
INSERT INTO internal_marks (student_roll_no, subject_id, mid1, mid2, online_tests, assignments) VALUES ('21IT296', 3, 23, 19, 10, 5);
INSERT INTO semester_results (student_roll_no, semester, sgpa, cgpa, total_credits, percentage) VALUES ('21IT296',  '1-1', 8.5, 8.5,  11,  80.0);
INSERT INTO cgpa (student_roll_no, cgpa, total_credits, total_percentage) VALUES ('21IT296', 8.5, 11, 80.0);
INSERT INTO attendance (student_roll_no, date, status, subject_id, semester) VALUES ('21IT296', '2025-02-01', 'Absent', 1, '1-1');
INSERT INTO attendance (student_roll_no, date, status, subject_id, semester) VALUES ('21IT296', '2025-02-02', 'Present', 1, '1-1');
INSERT INTO attendance (student_roll_no, date, status, subject_id, semester) VALUES ('21IT296', '2025-02-03', 'Present', 1, '1-1');
INSERT INTO attendance (student_roll_no, date, status, subject_id, semester) VALUES ('21IT296', '2025-02-04', 'Present', 1, '1-1');
INSERT INTO attendance (student_roll_no, date, status, subject_id, semester) VALUES ('21IT296', '2025-02-05', 'Present', 1, '1-1');
INSERT INTO attendance (student_roll_no, date, status, subject_id, semester) VALUES ('21IT296', '2025-02-06', 'Present', 1, '1-1');
INSERT INTO attendance (student_roll_no, date, status, subject_id, semester) VALUES ('21IT296', '2025-02-07', 'Present', 1, '1-1');
INSERT INTO attendance (student_roll_no, date, status, subject_id, semester) VALUES ('21IT296', '2025-02-08', 'Present', 1, '1-1');
INSERT INTO attendance (student_roll_no, date, status, subject_id, semester) VALUES ('21IT296', '2025-02-09', 'Present', 1, '1-1');
INSERT INTO attendance (student_roll_no, date, status, subject_id, semester) VALUES ('21IT296', '2025-02-10', 'Present', 1, '1-1');
INSERT INTO attendance (student_roll_no, date, status, subject_id, semester) VALUES ('21IT296', '2025-02-11', 'Present', 1, '1-1');
INSERT INTO attendance (student_roll_no, date, status, subject_id, semester) VALUES ('21IT296', '2025-02-12', 'Present', 1, '1-1');
INSERT INTO attendance (student_roll_no, date, status, subject_id, semester) VALUES ('21IT296', '2025-02-13', 'Present', 1, '1-1');
INSERT INTO attendance (student_roll_no, date, status, subject_id, semester) VALUES ('21IT296', '2025-02-14', 'Present', 1, '1-1');
INSERT INTO attendance (student_roll_no, date, status, subject_id, semester) VALUES ('21IT296', '2025-02-15', 'Present', 1, '1-1');
INSERT INTO attendance (student_roll_no, date, status, subject_id, semester) VALUES ('21IT296', '2025-02-16', 'Present', 1, '1-1');
INSERT INTO attendance (student_roll_no, date, status, subject_id, semester) VALUES ('21IT296', '2025-02-17', 'Present', 1, '1-1');
INSERT INTO attendance (student_roll_no, date, status, subject_id, semester) VALUES ('21IT296', '2025-02-18', 'Present', 1, '1-1');
INSERT INTO attendance (student_roll_no, date, status, subject_id, semester) VALUES ('21IT296', '2025-02-19', 'Present', 1, '1-1');
INSERT INTO fees (student_roll_no, academic_year, tuition_fees, convener_fees, due_date, paid_fees) VALUES ('21IT296', '2024-25', 50000, 15000, '2025-05-15', 30000);
INSERT INTO students (roll_no, admission_no, name, branch, section, year, gender, dob, religion, phone, email, aadhar, address, father_name, mother_name, parents_occupation, parents_mobile, annual_income, joining_date, photo_url, is_hosteller, password_hash) VALUES ('22IT297', 'ADM22IT297', 'Akhil Rao', 'IT', 'C', 3, 'Male', '2005-04-29', 'Muslim', '9848749670', '22it297@nsrit.edu.in', '1522-6082-9825', 'H.No 33, Street 8, Visakhapatnam, AP', 'Das Ravi', 'Ramesh Reddy', 'Doctor', '9848749670', 306525, '2023-07-15', 'https://api.dicebear.com/7.x/avataaars/svg?seed=22IT297', 0, 'scrypt:32768:8:1$ARD8iu2R30ZgOvjn$0c28fb2c347ac069a47026ad5d1f981cf505bbde11b1e3626b8a21147aa73e5d94d807b682b1299e2029c5c2f76884672524bbc1c3de85f345c28f406888dfe1');
INSERT INTO mentors (student_roll_no, teacher_id) VALUES ('22IT297', 'TCH005');
INSERT INTO marks (student_roll_no, subject_id, grade, grade_point, credits) VALUES ('22IT297', 1, 'C', 5, 4);
INSERT INTO internal_marks (student_roll_no, subject_id, mid1, mid2, online_tests, assignments) VALUES ('22IT297', 1, 15, 16, 10, 5);
INSERT INTO marks (student_roll_no, subject_id, grade, grade_point, credits) VALUES ('22IT297', 2, 'C', 5, 4);
INSERT INTO internal_marks (student_roll_no, subject_id, mid1, mid2, online_tests, assignments) VALUES ('22IT297', 2, 19, 21, 10, 5);
INSERT INTO marks (student_roll_no, subject_id, grade, grade_point, credits) VALUES ('22IT297', 3, 'B', 6, 4);
INSERT INTO internal_marks (student_roll_no, subject_id, mid1, mid2, online_tests, assignments) VALUES ('22IT297', 3, 24, 22, 10, 5);
INSERT INTO semester_results (student_roll_no, semester, sgpa, cgpa, total_credits, percentage) VALUES ('22IT297',  '1-1', 8.5, 8.5,  11,  80.0);
INSERT INTO cgpa (student_roll_no, cgpa, total_credits, total_percentage) VALUES ('22IT297', 8.5, 11, 80.0);
INSERT INTO attendance (student_roll_no, date, status, subject_id, semester) VALUES ('22IT297', '2025-02-01', 'Present', 1, '1-1');
INSERT INTO attendance (student_roll_no, date, status, subject_id, semester) VALUES ('22IT297', '2025-02-02', 'Present', 1, '1-1');
INSERT INTO attendance (student_roll_no, date, status, subject_id, semester) VALUES ('22IT297', '2025-02-03', 'Absent', 1, '1-1');
INSERT INTO attendance (student_roll_no, date, status, subject_id, semester) VALUES ('22IT297', '2025-02-04', 'Present', 1, '1-1');
INSERT INTO attendance (student_roll_no, date, status, subject_id, semester) VALUES ('22IT297', '2025-02-05', 'Present', 1, '1-1');
INSERT INTO attendance (student_roll_no, date, status, subject_id, semester) VALUES ('22IT297', '2025-02-06', 'Present', 1, '1-1');
INSERT INTO attendance (student_roll_no, date, status, subject_id, semester) VALUES ('22IT297', '2025-02-07', 'Present', 1, '1-1');
INSERT INTO attendance (student_roll_no, date, status, subject_id, semester) VALUES ('22IT297', '2025-02-08', 'Present', 1, '1-1');
INSERT INTO attendance (student_roll_no, date, status, subject_id, semester) VALUES ('22IT297', '2025-02-09', 'Present', 1, '1-1');
INSERT INTO attendance (student_roll_no, date, status, subject_id, semester) VALUES ('22IT297', '2025-02-10', 'Present', 1, '1-1');
INSERT INTO attendance (student_roll_no, date, status, subject_id, semester) VALUES ('22IT297', '2025-02-11', 'Present', 1, '1-1');
INSERT INTO attendance (student_roll_no, date, status, subject_id, semester) VALUES ('22IT297', '2025-02-12', 'Present', 1, '1-1');
INSERT INTO attendance (student_roll_no, date, status, subject_id, semester) VALUES ('22IT297', '2025-02-13', 'Present', 1, '1-1');
INSERT INTO attendance (student_roll_no, date, status, subject_id, semester) VALUES ('22IT297', '2025-02-14', 'Present', 1, '1-1');
INSERT INTO attendance (student_roll_no, date, status, subject_id, semester) VALUES ('22IT297', '2025-02-15', 'Present', 1, '1-1');
INSERT INTO attendance (student_roll_no, date, status, subject_id, semester) VALUES ('22IT297', '2025-02-16', 'Present', 1, '1-1');
INSERT INTO attendance (student_roll_no, date, status, subject_id, semester) VALUES ('22IT297', '2025-02-17', 'Present', 1, '1-1');
INSERT INTO attendance (student_roll_no, date, status, subject_id, semester) VALUES ('22IT297', '2025-02-18', 'Present', 1, '1-1');
INSERT INTO attendance (student_roll_no, date, status, subject_id, semester) VALUES ('22IT297', '2025-02-19', 'Present', 1, '1-1');
INSERT INTO fees (student_roll_no, academic_year, tuition_fees, convener_fees, due_date, paid_fees) VALUES ('22IT297', '2024-25', 50000, 15000, '2025-05-15', 30000);
INSERT INTO students (roll_no, admission_no, name, branch, section, year, gender, dob, religion, phone, email, aadhar, address, father_name, mother_name, parents_occupation, parents_mobile, annual_income, joining_date, photo_url, is_hosteller, password_hash) VALUES ('23ECE298', 'ADM23ECE298', 'Neha Goud', 'ECE', 'C', 2, 'Female', '2005-11-18', 'Christian', '9848165941', '23ece298@nsrit.edu.in', '2974-1072-2983', 'H.No 8, Street 11, Visakhapatnam, AP', 'Chowdary Swathi', 'Gayathri Naidu', 'Farmer', '9848165941', 277057, '2023-07-15', 'https://api.dicebear.com/7.x/avataaars/svg?seed=23ECE298', 0, 'scrypt:32768:8:1$ARD8iu2R30ZgOvjn$0c28fb2c347ac069a47026ad5d1f981cf505bbde11b1e3626b8a21147aa73e5d94d807b682b1299e2029c5c2f76884672524bbc1c3de85f345c28f406888dfe1');
INSERT INTO mentors (student_roll_no, teacher_id) VALUES ('23ECE298', 'TCH001');
INSERT INTO marks (student_roll_no, subject_id, grade, grade_point, credits) VALUES ('23ECE298', 1, 'A+', 9, 4);
INSERT INTO internal_marks (student_roll_no, subject_id, mid1, mid2, online_tests, assignments) VALUES ('23ECE298', 1, 15, 19, 10, 5);
INSERT INTO marks (student_roll_no, subject_id, grade, grade_point, credits) VALUES ('23ECE298', 2, 'A', 8, 4);
INSERT INTO internal_marks (student_roll_no, subject_id, mid1, mid2, online_tests, assignments) VALUES ('23ECE298', 2, 19, 16, 10, 5);
INSERT INTO marks (student_roll_no, subject_id, grade, grade_point, credits) VALUES ('23ECE298', 3, 'A', 8, 4);
INSERT INTO internal_marks (student_roll_no, subject_id, mid1, mid2, online_tests, assignments) VALUES ('23ECE298', 3, 22, 16, 10, 5);
INSERT INTO semester_results (student_roll_no, semester, sgpa, cgpa, total_credits, percentage) VALUES ('23ECE298',  '1-1', 8.5, 8.5,  11,  80.0);
INSERT INTO cgpa (student_roll_no, cgpa, total_credits, total_percentage) VALUES ('23ECE298', 8.5, 11, 80.0);
INSERT INTO attendance (student_roll_no, date, status, subject_id, semester) VALUES ('23ECE298', '2025-02-01', 'Present', 1, '1-1');
INSERT INTO attendance (student_roll_no, date, status, subject_id, semester) VALUES ('23ECE298', '2025-02-02', 'Absent', 1, '1-1');
INSERT INTO attendance (student_roll_no, date, status, subject_id, semester) VALUES ('23ECE298', '2025-02-03', 'Present', 1, '1-1');
INSERT INTO attendance (student_roll_no, date, status, subject_id, semester) VALUES ('23ECE298', '2025-02-04', 'Present', 1, '1-1');
INSERT INTO attendance (student_roll_no, date, status, subject_id, semester) VALUES ('23ECE298', '2025-02-05', 'Present', 1, '1-1');
INSERT INTO attendance (student_roll_no, date, status, subject_id, semester) VALUES ('23ECE298', '2025-02-06', 'Present', 1, '1-1');
INSERT INTO attendance (student_roll_no, date, status, subject_id, semester) VALUES ('23ECE298', '2025-02-07', 'Present', 1, '1-1');
INSERT INTO attendance (student_roll_no, date, status, subject_id, semester) VALUES ('23ECE298', '2025-02-08', 'Present', 1, '1-1');
INSERT INTO attendance (student_roll_no, date, status, subject_id, semester) VALUES ('23ECE298', '2025-02-09', 'Present', 1, '1-1');
INSERT INTO attendance (student_roll_no, date, status, subject_id, semester) VALUES ('23ECE298', '2025-02-10', 'Present', 1, '1-1');
INSERT INTO attendance (student_roll_no, date, status, subject_id, semester) VALUES ('23ECE298', '2025-02-11', 'Present', 1, '1-1');
INSERT INTO attendance (student_roll_no, date, status, subject_id, semester) VALUES ('23ECE298', '2025-02-12', 'Present', 1, '1-1');
INSERT INTO attendance (student_roll_no, date, status, subject_id, semester) VALUES ('23ECE298', '2025-02-13', 'Present', 1, '1-1');
INSERT INTO attendance (student_roll_no, date, status, subject_id, semester) VALUES ('23ECE298', '2025-02-14', 'Present', 1, '1-1');
INSERT INTO attendance (student_roll_no, date, status, subject_id, semester) VALUES ('23ECE298', '2025-02-15', 'Present', 1, '1-1');
INSERT INTO attendance (student_roll_no, date, status, subject_id, semester) VALUES ('23ECE298', '2025-02-16', 'Present', 1, '1-1');
INSERT INTO attendance (student_roll_no, date, status, subject_id, semester) VALUES ('23ECE298', '2025-02-17', 'Present', 1, '1-1');
INSERT INTO attendance (student_roll_no, date, status, subject_id, semester) VALUES ('23ECE298', '2025-02-18', 'Present', 1, '1-1');
INSERT INTO attendance (student_roll_no, date, status, subject_id, semester) VALUES ('23ECE298', '2025-02-19', 'Present', 1, '1-1');
INSERT INTO fees (student_roll_no, academic_year, tuition_fees, convener_fees, due_date, paid_fees) VALUES ('23ECE298', '2024-25', 50000, 15000, '2025-05-15', 30000);
INSERT INTO students (roll_no, admission_no, name, branch, section, year, gender, dob, religion, phone, email, aadhar, address, father_name, mother_name, parents_occupation, parents_mobile, annual_income, joining_date, photo_url, is_hosteller, password_hash) VALUES ('22CSE299', 'ADM22CSE299', 'Sanjana Sharma', 'CSE', 'A', 3, 'Male', '2005-10-28', 'Sikh', '9848312497', '22cse299@nsrit.edu.in', '9905-8307-8045', 'H.No 225, Street 3, Visakhapatnam, AP', 'Das Sowmya', 'Akhil Gupta', 'Farmer', '9848312497', 259202, '2023-07-15', 'https://api.dicebear.com/7.x/avataaars/svg?seed=22CSE299', 0, 'scrypt:32768:8:1$ARD8iu2R30ZgOvjn$0c28fb2c347ac069a47026ad5d1f981cf505bbde11b1e3626b8a21147aa73e5d94d807b682b1299e2029c5c2f76884672524bbc1c3de85f345c28f406888dfe1');
INSERT INTO mentors (student_roll_no, teacher_id) VALUES ('22CSE299', 'TCH004');
INSERT INTO marks (student_roll_no, subject_id, grade, grade_point, credits) VALUES ('22CSE299', 1, 'A+', 9, 4);
INSERT INTO internal_marks (student_roll_no, subject_id, mid1, mid2, online_tests, assignments) VALUES ('22CSE299', 1, 25, 15, 10, 5);
INSERT INTO marks (student_roll_no, subject_id, grade, grade_point, credits) VALUES ('22CSE299', 2, 'C', 5, 4);
INSERT INTO internal_marks (student_roll_no, subject_id, mid1, mid2, online_tests, assignments) VALUES ('22CSE299', 2, 16, 20, 10, 5);
INSERT INTO marks (student_roll_no, subject_id, grade, grade_point, credits) VALUES ('22CSE299', 3, 'A', 8, 4);
INSERT INTO internal_marks (student_roll_no, subject_id, mid1, mid2, online_tests, assignments) VALUES ('22CSE299', 3, 18, 18, 10, 5);
INSERT INTO semester_results (student_roll_no, semester, sgpa, cgpa, total_credits, percentage) VALUES ('22CSE299',  '1-1', 8.5, 8.5,  11,  80.0);
INSERT INTO cgpa (student_roll_no, cgpa, total_credits, total_percentage) VALUES ('22CSE299', 8.5, 11, 80.0);
INSERT INTO attendance (student_roll_no, date, status, subject_id, semester) VALUES ('22CSE299', '2025-02-01', 'Present', 1, '1-1');
INSERT INTO attendance (student_roll_no, date, status, subject_id, semester) VALUES ('22CSE299', '2025-02-02', 'Present', 1, '1-1');
INSERT INTO attendance (student_roll_no, date, status, subject_id, semester) VALUES ('22CSE299', '2025-02-03', 'Present', 1, '1-1');
INSERT INTO attendance (student_roll_no, date, status, subject_id, semester) VALUES ('22CSE299', '2025-02-04', 'Present', 1, '1-1');
INSERT INTO attendance (student_roll_no, date, status, subject_id, semester) VALUES ('22CSE299', '2025-02-05', 'Present', 1, '1-1');
INSERT INTO attendance (student_roll_no, date, status, subject_id, semester) VALUES ('22CSE299', '2025-02-06', 'Present', 1, '1-1');
INSERT INTO attendance (student_roll_no, date, status, subject_id, semester) VALUES ('22CSE299', '2025-02-07', 'Present', 1, '1-1');
INSERT INTO attendance (student_roll_no, date, status, subject_id, semester) VALUES ('22CSE299', '2025-02-08', 'Present', 1, '1-1');
INSERT INTO attendance (student_roll_no, date, status, subject_id, semester) VALUES ('22CSE299', '2025-02-09', 'Absent', 1, '1-1');
INSERT INTO attendance (student_roll_no, date, status, subject_id, semester) VALUES ('22CSE299', '2025-02-10', 'Present', 1, '1-1');
INSERT INTO attendance (student_roll_no, date, status, subject_id, semester) VALUES ('22CSE299', '2025-02-11', 'Present', 1, '1-1');
INSERT INTO attendance (student_roll_no, date, status, subject_id, semester) VALUES ('22CSE299', '2025-02-12', 'Present', 1, '1-1');
INSERT INTO attendance (student_roll_no, date, status, subject_id, semester) VALUES ('22CSE299', '2025-02-13', 'Present', 1, '1-1');
INSERT INTO attendance (student_roll_no, date, status, subject_id, semester) VALUES ('22CSE299', '2025-02-14', 'Present', 1, '1-1');
INSERT INTO attendance (student_roll_no, date, status, subject_id, semester) VALUES ('22CSE299', '2025-02-15', 'Present', 1, '1-1');
INSERT INTO attendance (student_roll_no, date, status, subject_id, semester) VALUES ('22CSE299', '2025-02-16', 'Present', 1, '1-1');
INSERT INTO attendance (student_roll_no, date, status, subject_id, semester) VALUES ('22CSE299', '2025-02-17', 'Present', 1, '1-1');
INSERT INTO attendance (student_roll_no, date, status, subject_id, semester) VALUES ('22CSE299', '2025-02-18', 'Present', 1, '1-1');
INSERT INTO attendance (student_roll_no, date, status, subject_id, semester) VALUES ('22CSE299', '2025-02-19', 'Present', 1, '1-1');
INSERT INTO fees (student_roll_no, academic_year, tuition_fees, convener_fees, due_date, paid_fees) VALUES ('22CSE299', '2024-25', 50000, 15000, '2025-05-15', 30000);

-- Academic Calendar
INSERT INTO academic_calendar (start_date, end_date, description, event_type) VALUES ('2025-04-10', '2025-04-20', 'MID EXAMS', 'Exam');
INSERT INTO academic_calendar (start_date, description, event_type) VALUES ('2025-05-01', 'MAY DAY', 'Holiday');

-- Timetable
INSERT INTO timetable (branch, year, section, day, period, subject_id) VALUES ('CSE', 1, 'A', 'Monday', 1, 1);
INSERT INTO timetable (branch, year, section, day, period, subject_id) VALUES ('CSE', 1, 'A', 'Monday', 2, 1);
INSERT INTO timetable (branch, year, section, day, period, subject_id) VALUES ('CSE', 1, 'A', 'Monday', 3, 2);
INSERT INTO timetable (branch, year, section, day, period, subject_id) VALUES ('CSE', 1, 'A', 'Monday', 4, 3);
INSERT INTO timetable (branch, year, section, day, period, subject_id) VALUES ('CSE', 1, 'A', 'Tuesday', 1, 3);
INSERT INTO timetable (branch, year, section, day, period, subject_id) VALUES ('CSE', 1, 'A', 'Tuesday', 2, 3);
INSERT INTO timetable (branch, year, section, day, period, subject_id) VALUES ('CSE', 1, 'A', 'Tuesday', 3, 1);
INSERT INTO timetable (branch, year, section, day, period, subject_id) VALUES ('CSE', 1, 'A', 'Tuesday', 4, 3);
INSERT INTO timetable (branch, year, section, day, period, subject_id) VALUES ('CSE', 1, 'A', 'Wednesday', 1, 3);
INSERT INTO timetable (branch, year, section, day, period, subject_id) VALUES ('CSE', 1, 'A', 'Wednesday', 2, 3);
INSERT INTO timetable (branch, year, section, day, period, subject_id) VALUES ('CSE', 1, 'A', 'Wednesday', 3, 1);
INSERT INTO timetable (branch, year, section, day, period, subject_id) VALUES ('CSE', 1, 'A', 'Wednesday', 4, 2);
INSERT INTO timetable (branch, year, section, day, period, subject_id) VALUES ('CSE', 1, 'A', 'Thursday', 1, 2);
INSERT INTO timetable (branch, year, section, day, period, subject_id) VALUES ('CSE', 1, 'A', 'Thursday', 2, 1);
INSERT INTO timetable (branch, year, section, day, period, subject_id) VALUES ('CSE', 1, 'A', 'Thursday', 3, 1);
INSERT INTO timetable (branch, year, section, day, period, subject_id) VALUES ('CSE', 1, 'A', 'Thursday', 4, 1);
INSERT INTO timetable (branch, year, section, day, period, subject_id) VALUES ('CSE', 1, 'A', 'Friday', 1, 1);
INSERT INTO timetable (branch, year, section, day, period, subject_id) VALUES ('CSE', 1, 'A', 'Friday', 2, 1);
INSERT INTO timetable (branch, year, section, day, period, subject_id) VALUES ('CSE', 1, 'A', 'Friday', 3, 3);
INSERT INTO timetable (branch, year, section, day, period, subject_id) VALUES ('CSE', 1, 'A', 'Friday', 4, 2);
